start_ip,end_ip,start_ip_hex,end_ip_hex,prefix_len,country,province,city,district,isp,division_code,latitude,longitude,geo_level,idc_vendor,cidr
2001:250::,2001:250:1fff:ffff:ffff:ffff:ffff:ffff,20010250000000000000000000000000,200102501fffffffffffffffffffffff,35,中国,新疆,,,教育网,650000,43.793301,87.628579,province,,2001:250::/35
2001:250:2000::,2001:250:3fff:ffff:ffff:ffff:ffff:ffff,20010250200000000000000000000000,200102503fffffffffffffffffffffff,35,中国,西藏,,,教育网,540000,29.648694,91.117449,province,,2001:250:2000::/35
2001:250:4000::,2001:250:7fff:ffff:ffff:ffff:ffff:ffff,20010250400000000000000000000000,200102507fffffffffffffffffffffff,34,中国,湖南,,,教育网,430000,28.116007,112.982951,province,,2001:250:4000::/34
2001:250:8000::,2001:250:ffff:ffff:ffff:ffff:ffff:ffff,20010250800000000000000000000000,20010250ffffffffffffffffffffffff,33,中国,,,,教育网,,,,country,,2001:250:8000::/33
2001:251::,2001:251:ffff:ffff:ffff:ffff:ffff:ffff,20010251000000000000000000000000,20010251ffffffffffffffffffffffff,32,中国,北京,,,教育网,110000,39.904179,116.407387,province,,2001:251::/32
2001:252::,2001:252:ffff:ffff:ffff:ffff:ffff:ffff,20010252000000000000000000000000,20010252ffffffffffffffffffffffff,32,中国,,,,教育网,,,,country,,2001:252::/32
2001:253::,2001:253:ffff:ffff:ffff:ffff:ffff:ffff,20010253000000000000000000000000,20010253ffffffffffffffffffffffff,32,中国,,,,教育网,,,,country,,2001:253::/32
2001:254::,2001:254:ffff:ffff:ffff:ffff:ffff:ffff,20010254000000000000000000000000,20010254ffffffffffffffffffffffff,32,中国,,,,教育网,,,,country,,2001:254::/32
2001:255::,2001:255:ffff:ffff:ffff:ffff:ffff:ffff,20010255000000000000000000000000,20010255ffffffffffffffffffffffff,32,中国,,,,教育网,,,,country,,2001:255::/32
2001:256::,2001:256:ffff:ffff:ffff:ffff:ffff:ffff,20010256000000000000000000000000,20010256ffffffffffffffffffffffff,32,中国,,,,教育网,,,,country,,2001:256::/32
2001:288::,2001:288:1fff:ffff:ffff:ffff:ffff:ffff,20010288000000000000000000000000,200102881fffffffffffffffffffffff,35,中国台湾,台湾,,,台湾,,,,country,,2001:288::/35
2001:288:2000::,2001:288:3fff:ffff:ffff:ffff:ffff:ffff,20010288200000000000000000000000,200102883fffffffffffffffffffffff,35,中国台湾,台湾,,,台湾,,,,country,,2001:288:2000::/35
2001:288:4000::,2001:288:7fff:ffff:ffff:ffff:ffff:ffff,20010288400000000000000000000000,200102887fffffffffffffffffffffff,34,中国台湾,台湾,,,台湾,,,,country,,2001:288:4000::/34
2001:288:8000::,2001:288:ffff:ffff:ffff:ffff:ffff:ffff,20010288800000000000000000000000,20010288ffffffffffffffffffffffff,33,中国台湾,台湾,,,台湾,,,,country,,2001:288:8000::/33
2001:2e0::,2001:2e0:1fff:ffff:ffff:ffff:ffff:ffff,200102e0000000000000000000000000,200102e01fffffffffffffffffffffff,35,中国香港,香港,,,香港,,,,country,,2001:2e0::/35
2001:2e0:2000::,2001:2e0:3fff:ffff:ffff:ffff:ffff:ffff,200102e0200000000000000000000000,200102e03fffffffffffffffffffffff,35,中国香港,香港,,,香港,,,,country,,2001:2e0:2000::/35
2001:2e0:4000::,2001:2e0:7fff:ffff:ffff:ffff:ffff:ffff,200102e0400000000000000000000000,200102e07fffffffffffffffffffffff,34,中国香港,香港,,,香港,,,,country,,2001:2e0:4000::/34
2001:2e0:8000::,2001:2e0:ffff:ffff:ffff:ffff:ffff:ffff,200102e0800000000000000000000000,200102e0ffffffffffffffffffffffff,33,中国香港,香港,,,香港,,,,country,,2001:2e0:8000::/33
2001:7fa:0:1::,2001:7fa:0:1:ffff:ffff:ffff:ffff,200107fa000000010000000000000000,200107fa00000001ffffffffffffffff,64,中国香港,香港,,,香港,,,,country,,2001:7fa:0:1::/64
2001:7fa:1::,2001:7fa:1:ffff:ffff:ffff:ffff:ffff,200107fa000100000000000000000000,200107fa0001ffffffffffffffffffff,48,中国台湾,台湾,,,台湾,,,,country,,2001:7fa:1::/48
2001:7fa:5::,2001:7fa:5:ffff:ffff:ffff:ffff:ffff,200107fa000500000000000000000000,200107fa0005ffffffffffffffffffff,48,中国,北京,,,,110000,39.904179,116.407387,province,,2001:7fa:5::/48
2001:7fa:10::,2001:7fa:10:ffff:ffff:ffff:ffff:ffff,200107fa001000000000000000000000,200107fa0010ffffffffffffffffffff,48,中国,上海,,,电信,310000,31.230525,121.473667,province,,2001:7fa:10::/48
2001:c08::,2001:c08:ffff:ffff:ffff:ffff:ffff:ffff,20010c08000000000000000000000000,20010c08ffffffffffffffffffffffff,32,中国台湾,台湾,,,台湾中华电信,,,,country,,2001:c08::/32
2001:c50::,2001:c50:ffff:ffff:ffff:ffff:ffff:ffff,20010c50000000000000000000000000,20010c50ffffffffffffffffffffffff,32,中国台湾,台湾,,,台湾中华电信,,,,country,,2001:c50::/32
2001:c58::,2001:c58:ffff:ffff:ffff:ffff:ffff:ffff,20010c58000000000000000000000000,20010c58ffffffffffffffffffffffff,32,中国台湾,台湾,,,台湾中华电信,,,,country,,2001:c58::/32
2001:c68::,2001:c68:ffff:ffff:ffff:ffff:ffff:ffff,20010c68000000000000000000000000,20010c68ffffffffffffffffffffffff,32,中国,,,,电信,,,,country,,2001:c68::/32
2001:ca0::,2001:ca0:ffff:ffff:ffff:ffff:ffff:ffff,20010ca0000000000000000000000000,20010ca0ffffffffffffffffffffffff,32,中国台湾,台湾,,,台湾中华电信,,,,country,,2001:ca0::/32
2001:cc0::,2001:cc0:ffff:ffff:ffff:ffff:ffff:ffff,20010cc0000000000000000000000000,20010cc0ffffffffffffffffffffffff,32,中国,四川,成都,,台湾中华电信,510100,30.572961,104.066301,city,,2001:cc0::/32
2001:cd8::,2001:cd8:ffff:ffff:ffff:ffff:ffff:ffff,20010cd8000000000000000000000000,20010cd8ffffffffffffffffffffffff,32,中国台湾,台湾,,,台湾中华电信,,,,country,,2001:cd8::/32
2001:ce0::,2001:ce0:ffff:ffff:ffff:ffff:ffff:ffff,20010ce0000000000000000000000000,20010ce0ffffffffffffffffffffffff,32,中国香港,香港,,,香港宽频,,,,country,,2001:ce0::/32
2001:ce1::,2001:ce1:ffff:ffff:ffff:ffff:ffff:ffff,20010ce1000000000000000000000000,20010ce1ffffffffffffffffffffffff,32,中国香港,香港,,,香港宽频,,,,country,,2001:ce1::/32
2001:d40::,2001:d40:ffff:ffff:ffff:ffff:ffff:ffff,20010d40000000000000000000000000,20010d40ffffffffffffffffffffffff,32,中国台湾,台湾,,,台湾中华电信,,,,country,,2001:d40::/32
2001:d48::,2001:d48:ffff:ffff:ffff:ffff:ffff:ffff,20010d48000000000000000000000000,20010d48ffffffffffffffffffffffff,32,中国台湾,台湾,,,台湾中华电信,,,,country,,2001:d48::/32
2001:d58::,2001:d58:ffff:ffff:ffff:ffff:ffff:ffff,20010d58000000000000000000000000,20010d58ffffffffffffffffffffffff,32,中国台湾,台湾,,,台湾中华电信,,,,country,,2001:d58::/32
2001:da8::,2001:da8:ffff:ffff:ffff:ffff:ffff:ffff,20010da8000000000000000000000000,20010da8ffffffffffffffffffffffff,32,中国,北京,,,教育网,110000,39.904179,116.407387,province,,2001:da8::/32
2001:da9::,2001:da9:ffff:ffff:ffff:ffff:ffff:ffff,20010da9000000000000000000000000,20010da9ffffffffffffffffffffffff,32,中国,北京,,,教育网,110000,39.904179,116.407387,province,,2001:da9::/32
2001:daa::,2001:daa:ffff:ffff:ffff:ffff:ffff:ffff,20010daa000000000000000000000000,20010daaffffffffffffffffffffffff,32,中国,北京,,,教育网,110000,39.904179,116.407387,province,,2001:daa::/32
2001:dc1::,2001:dc1:ffff:ffff:ffff:ffff:ffff:ffff,20010dc1000000000000000000000000,20010dc1ffffffffffffffffffffffff,32,中国台湾,台湾,,,台湾中华电信,,,,country,,2001:dc1::/32
2001:dc7::,2001:dc7:ffff:ffff:ffff:ffff:ffff:ffff,20010dc7000000000000000000000000,20010dc7ffffffffffffffffffffffff,32,中国,,,,台湾中华电信,,,,country,,2001:dc7::/32
2001:dca::,2001:dca:ffff:ffff:ffff:ffff:ffff:ffff,20010dca000000000000000000000000,20010dcaffffffffffffffffffffffff,32,中国香港,香港,,,台湾中华电信,,,,country,,2001:dca::/32
2001:dd8:1::,2001:dd8:1:ffff:ffff:ffff:ffff:ffff,20010dd8000100000000000000000000,20010dd80001ffffffffffffffffffff,48,中国,,,,台湾中华电信,,,,country,,2001:dd8:1::/48
2001:dd8:5::,2001:dd8:5:ffff:ffff:ffff:ffff:ffff,20010dd8000500000000000000000000,20010dd80005ffffffffffffffffffff,48,中国,,,,台湾中华电信,,,,country,,2001:dd8:5::/48
2001:dd8:15::,2001:dd8:15:ffff:ffff:ffff:ffff:ffff,20010dd8001500000000000000000000,20010dd80015ffffffffffffffffffff,48,中国香港,香港,,,台湾中华电信,,,,country,,2001:dd8:15::/48
2001:dd8:18::,2001:dd8:18:ffff:ffff:ffff:ffff:ffff,20010dd8001800000000000000000000,20010dd80018ffffffffffffffffffff,48,中国台湾,台湾,,,台湾中华电信,,,,country,,2001:dd8:18::/48
2001:dd8:1a::,2001:dd8:1a:ffff:ffff:ffff:ffff:ffff,20010dd8001a00000000000000000000,20010dd8001affffffffffffffffffff,48,中国,,,,台湾中华电信,,,,country,,2001:dd8:1a::/48
2001:dd9::,2001:dd9:0:ffff:ffff:ffff:ffff:ffff,20010dd9000000000000000000000000,20010dd90000ffffffffffffffffffff,48,中国,,,,教育网,,,,country,,2001:dd9::/48
2001:de4::,2001:de4:0:ffff:ffff:ffff:ffff:ffff,20010de4000000000000000000000000,20010de40000ffffffffffffffffffff,48,中国台湾,台湾,,,台湾中华电信,,,,country,,2001:de4::/48
2001:de6::,2001:de6:ffff:ffff:ffff:ffff:ffff:ffff,20010de6000000000000000000000000,20010de6ffffffffffffffffffffffff,32,中国香港,香港,,,台湾中华电信,,,,country,,2001:de6::/32
2001:ded:c000::,2001:ded:c000:ffff:ffff:ffff:ffff:ffff,20010dedc00000000000000000000000,20010dedc000ffffffffffffffffffff,48,中国台湾,台湾,,,台湾中华电信,,,,country,,2001:ded:c000::/48
2001:dee::,2001:dee:0:ffff:ffff:ffff:ffff:ffff,20010dee000000000000000000000000,20010dee0000ffffffffffffffffffff,48,中国香港,香港,,,台湾中华电信,,,,country,,2001:dee::/48
2001:def::,2001:def:0:ffff:ffff:ffff:ffff:ffff,20010def000000000000000000000000,20010def0000ffffffffffffffffffff,48,中国香港,香港,,,香港电讯盈科,,,,country,,2001:def::/48
2001:df0:44::,2001:df0:44:ffff:ffff:ffff:ffff:ffff,20010df0004400000000000000000000,20010df00044ffffffffffffffffffff,48,中国香港,香港,,,台湾中华电信,,,,country,,2001:df0:44::/48
2001:df0:69::,2001:df0:69:ffff:ffff:ffff:ffff:ffff,20010df0006900000000000000000000,20010df00069ffffffffffffffffffff,48,中国香港,香港,,,台湾中华电信,,,,country,,2001:df0:69::/48
2001:df0:78::,2001:df0:78:ffff:ffff:ffff:ffff:ffff,20010df0007800000000000000000000,20010df00078ffffffffffffffffffff,48,中国香港,香港,,,台湾中华电信,,,,country,,2001:df0:78::/48
2001:df0:85::,2001:df0:85:ffff:ffff:ffff:ffff:ffff,20010df0008500000000000000000000,20010df00085ffffffffffffffffffff,48,中国香港,香港,,,台湾中华电信,,,,country,,2001:df0:85::/48
2001:df0:9f::,2001:df0:9f:ffff:ffff:ffff:ffff:ffff,20010df0009f00000000000000000000,20010df0009fffffffffffffffffffff,48,中国香港,香港,,,台湾中华电信,,,,country,,2001:df0:9f::/48
2001:df0:a5::,2001:df0:a5:ffff:ffff:ffff:ffff:ffff,20010df000a500000000000000000000,20010df000a5ffffffffffffffffffff,48,中国香港,香港,,,台湾中华电信,,,,country,,2001:df0:a5::/48
2001:df0:a6::,2001:df0:a6:ffff:ffff:ffff:ffff:ffff,20010df000a600000000000000000000,20010df000a6ffffffffffffffffffff,48,中国香港,香港,,,台湾中华电信,,,,country,,2001:df0:a6::/48
2001:df0:ad::,2001:df0:ad:ffff:ffff:ffff:ffff:ffff,20010df000ad00000000000000000000,20010df000adffffffffffffffffffff,48,中国香港,香港,,,台湾中华电信,,,,country,,2001:df0:ad::/48
2001:df0:d2::,2001:df0:d2:ffff:ffff:ffff:ffff:ffff,20010df000d200000000000000000000,20010df000d2ffffffffffffffffffff,48,中国香港,香港,,,台湾中华电信,,,,country,,2001:df0:d2::/48
2001:df0:e3::,2001:df0:e3:ffff:ffff:ffff:ffff:ffff,20010df000e300000000000000000000,20010df000e3ffffffffffffffffffff,48,中国香港,香港,,,台湾中华电信,,,,country,,2001:df0:e3::/48
2001:df0:20a::,2001:df0:20a:ffff:ffff:ffff:ffff:ffff,20010df0020a00000000000000000000,20010df0020affffffffffffffffffff,48,中国香港,香港,,,台湾中华电信,,,,country,,2001:df0:20a::/48
2001:df0:212::,2001:df0:212:ffff:ffff:ffff:ffff:ffff,20010df0021200000000000000000000,20010df00212ffffffffffffffffffff,48,中国香港,香港,,,台湾中华电信,,,,country,,2001:df0:212::/48
2001:df0:22b::,2001:df0:22b:ffff:ffff:ffff:ffff:ffff,20010df0022b00000000000000000000,20010df0022bffffffffffffffffffff,48,中国香港,香港,,,台湾中华电信,,,,country,,2001:df0:22b::/48
2001:df0:25b::,2001:df0:25b:ffff:ffff:ffff:ffff:ffff,20010df0025b00000000000000000000,20010df0025bffffffffffffffffffff,48,中国香港,香港,,,台湾中华电信,,,,country,,2001:df0:25b::/48
2001:df0:280::,2001:df0:28f:ffff:ffff:ffff:ffff:ffff,20010df0028000000000000000000000,20010df0028fffffffffffffffffffff,44,中国香港,香港,,,台湾中华电信,,,,country,,2001:df0:280::/44
2001:df0:295::,2001:df0:295:ffff:ffff:ffff:ffff:ffff,20010df0029500000000000000000000,20010df00295ffffffffffffffffffff,48,中国香港,香港,,,台湾中华电信,,,,country,,2001:df0:295::/48
2001:df0:296::,2001:df0:296:ffff:ffff:ffff:ffff:ffff,20010df0029600000000000000000000,20010df00296ffffffffffffffffffff,48,中国香港,香港,,,台湾中华电信,,,,country,,2001:df0:296::/48
2001:df0:2af::,2001:df0:2af:ffff:ffff:ffff:ffff:ffff,20010df002af00000000000000000000,20010df002afffffffffffffffffffff,48,中国香港,香港,,,台湾中华电信,,,,country,,2001:df0:2af::/48
2001:df0:412::,2001:df0:412:ffff:ffff:ffff:ffff:ffff,20010df0041200000000000000000000,20010df00412ffffffffffffffffffff,48,中国香港,香港,,,台湾中华电信,,,,country,,2001:df0:412::/48
2001:df0:423::,2001:df0:423:ffff:ffff:ffff:ffff:ffff,20010df0042300000000000000000000,20010df00423ffffffffffffffffffff,48,中国,广东,茂名,,台湾中华电信,440900,21.662728,110.925533,city,,2001:df0:423::/48
2001:df0:442::,2001:df0:443:ffff:ffff:ffff:ffff:ffff,20010df0044200000000000000000000,20010df00443ffffffffffffffffffff,47,中国香港,香港,,,台湾中华电信,,,,country,,2001:df0:442::/47
2001:df0:452::,2001:df0:452:ffff:ffff:ffff:ffff:ffff,20010df0045200000000000000000000,20010df00452ffffffffffffffffffff,48,中国香港,香港,,,台湾中华电信,,,,country,,2001:df0:452::/48
2001:df0:465::,2001:df0:465:ffff:ffff:ffff:ffff:ffff,20010df0046500000000000000000000,20010df00465ffffffffffffffffffff,48,中国香港,香港,,,台湾中华电信,,,,country,,2001:df0:465::/48
2001:df0:9c0::,2001:df0:9c0:ffff:ffff:ffff:ffff:ffff,20010df009c000000000000000000000,20010df009c0ffffffffffffffffffff,48,中国,,,,台湾中华电信,,,,country,,2001:df0:9c0::/48
2001:df0:cc0::,2001:df0:cc0:ffff:ffff:ffff:ffff:ffff,20010df00cc000000000000000000000,20010df00cc0ffffffffffffffffffff,48,中国香港,香港,,,台湾中华电信,,,,country,,2001:df0:cc0::/48
2001:df0:e40::,2001:df0:e40:ffff:ffff:ffff:ffff:ffff,20010df00e4000000000000000000000,20010df00e40ffffffffffffffffffff,48,中国香港,香港,,,台湾中华电信,,,,country,,2001:df0:e40::/48
2001:df0:1bc0::,2001:df0:1bc0:ffff:ffff:ffff:ffff:ffff,20010df01bc000000000000000000000,20010df01bc0ffffffffffffffffffff,48,中国,,,,台湾中华电信,,,,country,,2001:df0:1bc0::/48
2001:df0:25c0::,2001:df0:25c0:ffff:ffff:ffff:ffff:ffff,20010df025c000000000000000000000,20010df025c0ffffffffffffffffffff,48,中国,,,,台湾中华电信,,,,country,,2001:df0:25c0::/48
2001:df0:2c40::,2001:df0:2c40:ffff:ffff:ffff:ffff:ffff,20010df02c4000000000000000000000,20010df02c40ffffffffffffffffffff,48,中国香港,香港,,,台湾中华电信,,,,country,,2001:df0:2c40::/48
2001:df0:2e00::,2001:df0:2e00:ffff:ffff:ffff:ffff:ffff,20010df02e0000000000000000000000,20010df02e00ffffffffffffffffffff,48,中国,云南,昆明,,台湾中华电信,530100,24.88149,102.833669,city,,2001:df0:2e00::/48
2001:df0:2e80::,2001:df0:2e80:ffff:ffff:ffff:ffff:ffff,20010df02e8000000000000000000000,20010df02e80ffffffffffffffffffff,48,中国,,,,台湾中华电信,,,,country,,2001:df0:2e80::/48
2001:df0:4800::,2001:df0:4800:ffff:ffff:ffff:ffff:ffff,20010df0480000000000000000000000,20010df04800ffffffffffffffffffff,48,中国香港,香港,,,台湾中华电信,,,,country,,2001:df0:4800::/48
2001:df0:4e00::,2001:df0:4e00:ffff:ffff:ffff:ffff:ffff,20010df04e0000000000000000000000,20010df04e00ffffffffffffffffffff,48,中国台湾,台湾,,,台湾中华电信,,,,country,,2001:df0:4e00::/48
2001:df0:5340::,2001:df0:5340:ffff:ffff:ffff:ffff:ffff,20010df0534000000000000000000000,20010df05340ffffffffffffffffffff,48,中国香港,香港,,,台湾中华电信,,,,country,,2001:df0:5340::/48
2001:df0:55c0::,2001:df0:55c0:ffff:ffff:ffff:ffff:ffff,20010df055c000000000000000000000,20010df055c0ffffffffffffffffffff,48,中国香港,香港,,,台湾中华电信,,,,country,,2001:df0:55c0::/48
2001:df0:59c0::,2001:df0:59c0:ffff:ffff:ffff:ffff:ffff,20010df059c000000000000000000000,20010df059c0ffffffffffffffffffff,48,中国,,,,台湾中华电信,,,,country,,2001:df0:59c0::/48
2001:df0:6300::,2001:df0:6300:ffff:ffff:ffff:ffff:ffff,20010df0630000000000000000000000,20010df06300ffffffffffffffffffff,48,中国香港,香港,,,台湾中华电信,,,,country,,2001:df0:6300::/48
2001:df0:64c0::,2001:df0:64c0:ffff:ffff:ffff:ffff:ffff,20010df064c000000000000000000000,20010df064c0ffffffffffffffffffff,48,中国香港,香港,,,台湾中华电信,,,,country,,2001:df0:64c0::/48
2001:df0:6a00::,2001:df0:6a00:ffff:ffff:ffff:ffff:ffff,20010df06a0000000000000000000000,20010df06a00ffffffffffffffffffff,48,中国香港,香港,,,台湾中华电信,,,,country,,2001:df0:6a00::/48
2001:df0:7c00::,2001:df0:7c00:ffff:ffff:ffff:ffff:ffff,20010df07c0000000000000000000000,20010df07c00ffffffffffffffffffff,48,中国香港,香港,,,台湾中华电信,,,,country,,2001:df0:7c00::/48
2001:df0:85c0::,2001:df0:85c0:ffff:ffff:ffff:ffff:ffff,20010df085c000000000000000000000,20010df085c0ffffffffffffffffffff,48,中国,,,,台湾中华电信,,,,country,,2001:df0:85c0::/48
2001:df0:8700::,2001:df0:8700:ffff:ffff:ffff:ffff:ffff,20010df0870000000000000000000000,20010df08700ffffffffffffffffffff,48,中国香港,香港,,,台湾中华电信,,,,country,,2001:df0:8700::/48
2001:df0:8e00::,2001:df0:8e00:ffff:ffff:ffff:ffff:ffff,20010df08e0000000000000000000000,20010df08e00ffffffffffffffffffff,48,中国香港,香港,,,台湾中华电信,,,,country,,2001:df0:8e00::/48
2001:df0:8f80::,2001:df0:8f80:ffff:ffff:ffff:ffff:ffff,20010df08f8000000000000000000000,20010df08f80ffffffffffffffffffff,48,中国香港,香港,,,台湾中华电信,,,,country,,2001:df0:8f80::/48
2001:df0:9880::,2001:df0:9880:ffff:ffff:ffff:ffff:ffff,20010df0988000000000000000000000,20010df09880ffffffffffffffffffff,48,中国香港,香港,,,台湾中华电信,,,,country,,2001:df0:9880::/48
2001:df0:9d40::,2001:df0:9d40:ffff:ffff:ffff:ffff:ffff,20010df09d4000000000000000000000,20010df09d40ffffffffffffffffffff,48,中国,,,,台湾中华电信,,,,country,,2001:df0:9d40::/48
2001:df0:a300::,2001:df0:a300:ffff:ffff:ffff:ffff:ffff,20010df0a30000000000000000000000,20010df0a300ffffffffffffffffffff,48,中国香港,香港,,,台湾中华电信,,,,country,,2001:df0:a300::/48
2001:df0:a5c0::,2001:df0:a5c0:ffff:ffff:ffff:ffff:ffff,20010df0a5c000000000000000000000,20010df0a5c0ffffffffffffffffffff,48,中国香港,香港,,,台湾中华电信,,,,country,,2001:df0:a5c0::/48
2001:df0:a640::,2001:df0:a640:ffff:ffff:ffff:ffff:ffff,20010df0a64000000000000000000000,20010df0a640ffffffffffffffffffff,48,中国香港,香港,,,台湾中华电信,,,,country,,2001:df0:a640::/48
2001:df0:a641::,2001:df0:a641:ffff:ffff:ffff:ffff:ffff,20010df0a64100000000000000000000,20010df0a641ffffffffffffffffffff,48,中国香港,香港,,,台湾中华电信,,,,country,,2001:df0:a641::/48
2001:df0:ac40::,2001:df0:ac40:ffff:ffff:ffff:ffff:ffff,20010df0ac4000000000000000000000,20010df0ac40ffffffffffffffffffff,48,中国,,,,台湾中华电信,,,,country,,2001:df0:ac40::/48
2001:df0:b040::,2001:df0:b040:ffff:ffff:ffff:ffff:ffff,20010df0b04000000000000000000000,20010df0b040ffffffffffffffffffff,48,中国香港,香港,,,台湾中华电信,,,,country,,2001:df0:b040::/48
2001:df0:b700::,2001:df0:b700:ffff:ffff:ffff:ffff:ffff,20010df0b70000000000000000000000,20010df0b700ffffffffffffffffffff,48,中国香港,香港,,,台湾中华电信,,,,country,,2001:df0:b700::/48
2001:df0:b800::,2001:df0:b800:ffff:ffff:ffff:ffff:ffff,20010df0b80000000000000000000000,20010df0b800ffffffffffffffffffff,48,中国香港,香港,,,台湾中华电信,,,,country,,2001:df0:b800::/48
2001:df0:bf40::,2001:df0:bf40:ffff:ffff:ffff:ffff:ffff,20010df0bf4000000000000000000000,20010df0bf40ffffffffffffffffffff,48,中国台湾,台湾,,,台湾中华电信,,,,country,,2001:df0:bf40::/48
2001:df0:bf80::,2001:df0:bf80:ffff:ffff:ffff:ffff:ffff,20010df0bf8000000000000000000000,20010df0bf80ffffffffffffffffffff,48,中国,,,,台湾中华电信,,,,country,,2001:df0:bf80::/48
2001:df0:c000::,2001:df0:c000:ffff:ffff:ffff:ffff:ffff,20010df0c00000000000000000000000,20010df0c000ffffffffffffffffffff,48,中国香港,香港,,,台湾中华电信,,,,country,,2001:df0:c000::/48
2001:df0:c680::,2001:df0:c680:ffff:ffff:ffff:ffff:ffff,20010df0c68000000000000000000000,20010df0c680ffffffffffffffffffff,48,中国香港,香港,,,台湾中华电信,,,,country,,2001:df0:c680::/48
2001:df0:cc80::,2001:df0:cc80:ffff:ffff:ffff:ffff:ffff,20010df0cc8000000000000000000000,20010df0cc80ffffffffffffffffffff,48,中国香港,香港,,,台湾中华电信,,,,country,,2001:df0:cc80::/48
2001:df0:cfc0::,2001:df0:cfc0:ffff:ffff:ffff:ffff:ffff,20010df0cfc000000000000000000000,20010df0cfc0ffffffffffffffffffff,48,中国香港,香港,,,台湾中华电信,,,,country,,2001:df0:cfc0::/48
2001:df0:d400::,2001:df0:d400:ffff:ffff:ffff:ffff:ffff,20010df0d40000000000000000000000,20010df0d400ffffffffffffffffffff,48,中国香港,香港,,,台湾中华电信,,,,country,,2001:df0:d400::/48
2001:df0:d880::,2001:df0:d880:ffff:ffff:ffff:ffff:ffff,20010df0d88000000000000000000000,20010df0d880ffffffffffffffffffff,48,中国,,,,台湾中华电信,,,,country,,2001:df0:d880::/48
2001:df0:e100::,2001:df0:e100:ffff:ffff:ffff:ffff:ffff,20010df0e10000000000000000000000,20010df0e100ffffffffffffffffffff,48,中国香港,香港,,,台湾中华电信,,,,country,,2001:df0:e100::/48
2001:df0:e300::,2001:df0:e300:ffff:ffff:ffff:ffff:ffff,20010df0e30000000000000000000000,20010df0e300ffffffffffffffffffff,48,中国香港,香港,,,台湾中华电信,,,,country,,2001:df0:e300::/48
2001:df0:ea40::,2001:df0:ea40:ffff:ffff:ffff:ffff:ffff,20010df0ea4000000000000000000000,20010df0ea40ffffffffffffffffffff,48,中国香港,香港,,,台湾中华电信,,,,country,,2001:df0:ea40::/48
2001:df0:f240::,2001:df0:f240:ffff:ffff:ffff:ffff:ffff,20010df0f24000000000000000000000,20010df0f240ffffffffffffffffffff,48,中国香港,香港,,,台湾中华电信,,,,country,,2001:df0:f240::/48
2001:df0:f8c0::,2001:df0:f8c0:ffff:ffff:ffff:ffff:ffff,20010df0f8c000000000000000000000,20010df0f8c0ffffffffffffffffffff,48,中国,,,,台湾中华电信,,,,country,,2001:df0:f8c0::/48
2001:df0:fa80::,2001:df0:fa80:ffff:ffff:ffff:ffff:ffff,20010df0fa8000000000000000000000,20010df0fa80ffffffffffffffffffff,48,中国香港,香港,,,台湾中华电信,,,,country,,2001:df0:fa80::/48
2001:df1:801::,2001:df1:801:ffff:ffff:ffff:ffff:ffff,20010df1080100000000000000000000,20010df10801ffffffffffffffffffff,48,中国香港,香港,,,台湾中华电信,,,,country,,2001:df1:801::/48
2001:df1:940::,2001:df1:940:ffff:ffff:ffff:ffff:ffff,20010df1094000000000000000000000,20010df10940ffffffffffffffffffff,48,中国台湾,台湾,,,台湾中华电信,,,,country,,2001:df1:940::/48
2001:df1:c80::,2001:df1:c80:ffff:ffff:ffff:ffff:ffff,20010df10c8000000000000000000000,20010df10c80ffffffffffffffffffff,48,中国,,,,台湾中华电信,,,,country,,2001:df1:c80::/48
2001:df1:1380::,2001:df1:1380:ffff:ffff:ffff:ffff:ffff,20010df1138000000000000000000000,20010df11380ffffffffffffffffffff,48,中国香港,香港,,,台湾中华电信,,,,country,,2001:df1:1380::/48
2001:df1:1d00::,2001:df1:1d00:ffff:ffff:ffff:ffff:ffff,20010df11d0000000000000000000000,20010df11d00ffffffffffffffffffff,48,中国香港,香港,,,台湾中华电信,,,,country,,2001:df1:1d00::/48
2001:df1:2380::,2001:df1:2380:ffff:ffff:ffff:ffff:ffff,20010df1238000000000000000000000,20010df12380ffffffffffffffffffff,48,中国香港,香港,,,台湾中华电信,,,,country,,2001:df1:2380::/48
2001:df1:2580::,2001:df1:2580:ffff:ffff:ffff:ffff:ffff,20010df1258000000000000000000000,20010df12580ffffffffffffffffffff,48,中国香港,香港,,,台湾中华电信,,,,country,,2001:df1:2580::/48
2001:df1:29c0::,2001:df1:29c0:ffff:ffff:ffff:ffff:ffff,20010df129c000000000000000000000,20010df129c0ffffffffffffffffffff,48,中国香港,香港,,,台湾中华电信,,,,country,,2001:df1:29c0::/48
2001:df1:2b40::,2001:df1:2b40:ffff:ffff:ffff:ffff:ffff,20010df12b4000000000000000000000,20010df12b40ffffffffffffffffffff,48,中国,,,,台湾中华电信,,,,country,,2001:df1:2b40::/48
2001:df1:2f80::,2001:df1:2f80:ffff:ffff:ffff:ffff:ffff,20010df12f8000000000000000000000,20010df12f80ffffffffffffffffffff,48,中国香港,香港,,,台湾中华电信,,,,country,,2001:df1:2f80::/48
2001:df1:3040::,2001:df1:3040:ffff:ffff:ffff:ffff:ffff,20010df1304000000000000000000000,20010df13040ffffffffffffffffffff,48,中国香港,香港,,,台湾中华电信,,,,country,,2001:df1:3040::/48
2001:df1:3240::,2001:df1:3240:ffff:ffff:ffff:ffff:ffff,20010df1324000000000000000000000,20010df13240ffffffffffffffffffff,48,中国香港,香港,,,台湾中华电信,,,,country,,2001:df1:3240::/48
2001:df1:3780::,2001:df1:3780:ffff:ffff:ffff:ffff:ffff,20010df1378000000000000000000000,20010df13780ffffffffffffffffffff,48,中国香港,香港,,,台湾中华电信,,,,country,,2001:df1:3780::/48
2001:df1:3880::,2001:df1:3880:ffff:ffff:ffff:ffff:ffff,20010df1388000000000000000000000,20010df13880ffffffffffffffffffff,48,中国香港,香港,,,台湾中华电信,,,,country,,2001:df1:3880::/48
2001:df1:3c80::,2001:df1:3c80:ffff:ffff:ffff:ffff:ffff,20010df13c8000000000000000000000,20010df13c80ffffffffffffffffffff,48,中国香港,香港,,,台湾中华电信,,,,country,,2001:df1:3c80::/48
2001:df1:4280::,2001:df1:4280:ffff:ffff:ffff:ffff:ffff,20010df1428000000000000000000000,20010df14280ffffffffffffffffffff,48,中国香港,香港,,,台湾中华电信,,,,country,,2001:df1:4280::/48
2001:df1:43c0::,2001:df1:43c0:ffff:ffff:ffff:ffff:ffff,20010df143c000000000000000000000,20010df143c0ffffffffffffffffffff,48,中国香港,香港,,,台湾中华电信,,,,country,,2001:df1:43c0::/48
2001:df1:4580::,2001:df1:4580:ffff:ffff:ffff:ffff:ffff,20010df1458000000000000000000000,20010df14580ffffffffffffffffffff,48,中国,,,,台湾中华电信,,,,country,,2001:df1:4580::/48
2001:df1:4640::,2001:df1:4640:ffff:ffff:ffff:ffff:ffff,20010df1464000000000000000000000,20010df14640ffffffffffffffffffff,48,中国香港,香港,,,台湾中华电信,,,,country,,2001:df1:4640::/48
2001:df1:4880::,2001:df1:4880:ffff:ffff:ffff:ffff:ffff,20010df1488000000000000000000000,20010df14880ffffffffffffffffffff,48,中国香港,香港,,,台湾中华电信,,,,country,,2001:df1:4880::/48
2001:df1:5000::,2001:df1:5000:ffff:ffff:ffff:ffff:ffff,20010df1500000000000000000000000,20010df15000ffffffffffffffffffff,48,中国香港,香港,,,台湾中华电信,,,,country,,2001:df1:5000::/48
2001:df1:5180::,2001:df1:5180:ffff:ffff:ffff:ffff:ffff,20010df1518000000000000000000000,20010df15180ffffffffffffffffffff,48,中国香港,香港,,,台湾中华电信,,,,country,,2001:df1:5180::/48
2001:df1:5280::,2001:df1:5280:ffff:ffff:ffff:ffff:ffff,20010df1528000000000000000000000,20010df15280ffffffffffffffffffff,48,中国,,,,台湾中华电信,,,,country,,2001:df1:5280::/48
2001:df1:5740::,2001:df1:5740:ffff:ffff:ffff:ffff:ffff,20010df1574000000000000000000000,20010df15740ffffffffffffffffffff,48,中国香港,香港,,,台湾中华电信,,,,country,,2001:df1:5740::/48
2001:df1:5b80::,2001:df1:5b80:ffff:ffff:ffff:ffff:ffff,20010df15b8000000000000000000000,20010df15b80ffffffffffffffffffff,48,中国,,,,台湾中华电信,,,,country,,2001:df1:5b80::/48
2001:df1:5f80::,2001:df1:5f80:ffff:ffff:ffff:ffff:ffff,20010df15f8000000000000000000000,20010df15f80ffffffffffffffffffff,48,中国香港,香港,,,台湾中华电信,,,,country,,2001:df1:5f80::/48
2001:df1:5fc0::,2001:df1:5fc0:ffff:ffff:ffff:ffff:ffff,20010df15fc000000000000000000000,20010df15fc0ffffffffffffffffffff,48,中国,,,,台湾中华电信,,,,country,,2001:df1:5fc0::/48
2001:df1:6080::,2001:df1:6080:ffff:ffff:ffff:ffff:ffff,20010df1608000000000000000000000,20010df16080ffffffffffffffffffff,48,中国香港,香港,,,台湾中华电信,,,,country,,2001:df1:6080::/48
2001:df1:6180::,2001:df1:6180:ffff:ffff:ffff:ffff:ffff,20010df1618000000000000000000000,20010df16180ffffffffffffffffffff,48,中国,,,,台湾中华电信,,,,country,,2001:df1:6180::/48
2001:df1:61c0::,2001:df1:61c0:ffff:ffff:ffff:ffff:ffff,20010df161c000000000000000000000,20010df161c0ffffffffffffffffffff,48,中国,,,,台湾中华电信,,,,country,,2001:df1:61c0::/48
2001:df1:6680::,2001:df1:6680:ffff:ffff:ffff:ffff:ffff,20010df1668000000000000000000000,20010df16680ffffffffffffffffffff,48,中国香港,香港,,,台湾中华电信,,,,country,,2001:df1:6680::/48
2001:df1:6980::,2001:df1:6980:ffff:ffff:ffff:ffff:ffff,20010df1698000000000000000000000,20010df16980ffffffffffffffffffff,48,中国香港,香港,,,台湾中华电信,,,,country,,2001:df1:6980::/48
2001:df1:7580::,2001:df1:7580:ffff:ffff:ffff:ffff:ffff,20010df1758000000000000000000000,20010df17580ffffffffffffffffffff,48,中国香港,香港,,,台湾中华电信,,,,country,,2001:df1:7580::/48
2001:df1:7880::,2001:df1:7880:ffff:ffff:ffff:ffff:ffff,20010df1788000000000000000000000,20010df17880ffffffffffffffffffff,48,中国香港,香港,,,台湾中华电信,,,,country,,2001:df1:7880::/48
2001:df1:7f00::,2001:df1:7f00:ffff:ffff:ffff:ffff:ffff,20010df17f0000000000000000000000,20010df17f00ffffffffffffffffffff,48,中国香港,香港,,,台湾中华电信,,,,country,,2001:df1:7f00::/48
2001:df1:7f01::,2001:df1:7f01:ffff:ffff:ffff:ffff:ffff,20010df17f0100000000000000000000,20010df17f01ffffffffffffffffffff,48,中国香港,香港,,,台湾中华电信,,,,country,,2001:df1:7f01::/48
2001:df1:8b80::,2001:df1:8b80:ffff:ffff:ffff:ffff:ffff,20010df18b8000000000000000000000,20010df18b80ffffffffffffffffffff,48,中国香港,香港,,,台湾中华电信,,,,country,,2001:df1:8b80::/48
2001:df1:9400::,2001:df1:9400:ffff:ffff:ffff:ffff:ffff,20010df1940000000000000000000000,20010df19400ffffffffffffffffffff,48,中国香港,香港,,,台湾中华电信,,,,country,,2001:df1:9400::/48
2001:df1:9d80::,2001:df1:9d80:ffff:ffff:ffff:ffff:ffff,20010df19d8000000000000000000000,20010df19d80ffffffffffffffffffff,48,中国香港,香港,,,台湾中华电信,,,,country,,2001:df1:9d80::/48
2001:df1:9f80::,2001:df1:9f80:ffff:ffff:ffff:ffff:ffff,20010df19f8000000000000000000000,20010df19f80ffffffffffffffffffff,48,中国香港,香港,,,台湾中华电信,,,,country,,2001:df1:9f80::/48
2001:df1:a100::,2001:df1:a100:ffff:ffff:ffff:ffff:ffff,20010df1a10000000000000000000000,20010df1a100ffffffffffffffffffff,48,中国,广东,深圳,,台湾中华电信,440300,22.543527,114.057939,city,,2001:df1:a100::/48
2001:df1:a580::,2001:df1:a580:ffff:ffff:ffff:ffff:ffff,20010df1a58000000000000000000000,20010df1a580ffffffffffffffffffff,48,中国香港,香港,,,台湾中华电信,,,,country,,2001:df1:a580::/48
2001:df1:ab00::,2001:df1:ab00:ffff:ffff:ffff:ffff:ffff,20010df1ab0000000000000000000000,20010df1ab00ffffffffffffffffffff,48,中国香港,香港,,,台湾中华电信,,,,country,,2001:df1:ab00::/48
2001:df1:ae80::,2001:df1:ae80:ffff:ffff:ffff:ffff:ffff,20010df1ae8000000000000000000000,20010df1ae80ffffffffffffffffffff,48,中国香港,香港,,,台湾中华电信,,,,country,,2001:df1:ae80::/48
2001:df1:b0c0::,2001:df1:b0c0:ffff:ffff:ffff:ffff:ffff,20010df1b0c000000000000000000000,20010df1b0c0ffffffffffffffffffff,48,中国香港,香港,,,台湾中华电信,,,,country,,2001:df1:b0c0::/48
2001:df1:c800::,2001:df1:c800:ffff:ffff:ffff:ffff:ffff,20010df1c80000000000000000000000,20010df1c800ffffffffffffffffffff,48,中国香港,香港,,,台湾中华电信,,,,country,,2001:df1:c800::/48
2001:df1:d180::,2001:df1:d180:ffff:ffff:ffff:ffff:ffff,20010df1d18000000000000000000000,20010df1d180ffffffffffffffffffff,48,中国,,,,台湾中华电信,,,,country,,2001:df1:d180::/48
2001:df1:d400::,2001:df1:d400:ffff:ffff:ffff:ffff:ffff,20010df1d40000000000000000000000,20010df1d400ffffffffffffffffffff,48,中国香港,香港,,,台湾中华电信,,,,country,,2001:df1:d400::/48
2001:df1:d401::,2001:df1:d401:ffff:ffff:ffff:ffff:ffff,20010df1d40100000000000000000000,20010df1d401ffffffffffffffffffff,48,中国香港,香港,,,台湾中华电信,,,,country,,2001:df1:d401::/48
2001:df1:da00::,2001:df1:da00:ffff:ffff:ffff:ffff:ffff,20010df1da0000000000000000000000,20010df1da00ffffffffffffffffffff,48,中国,北京,,,台湾中华电信,110000,39.904179,116.407387,province,,2001:df1:da00::/48
2001:df1:e080::,2001:df1:e080:ffff:ffff:ffff:ffff:ffff,20010df1e08000000000000000000000,20010df1e080ffffffffffffffffffff,48,中国香港,香港,,,台湾中华电信,,,,country,,2001:df1:e080::/48
2001:df1:e680::,2001:df1:e680:ffff:ffff:ffff:ffff:ffff,20010df1e68000000000000000000000,20010df1e680ffffffffffffffffffff,48,中国香港,香港,,,台湾中华电信,,,,country,,2001:df1:e680::/48
2001:df1:e781::,2001:df1:e781:ffff:ffff:ffff:ffff:ffff,20010df1e78100000000000000000000,20010df1e781ffffffffffffffffffff,48,中国香港,香港,,,台湾中华电信,,,,country,,2001:df1:e781::/48
2001:df1:f480::,2001:df1:f480:ffff:ffff:ffff:ffff:ffff,20010df1f48000000000000000000000,20010df1f480ffffffffffffffffffff,48,中国,,,,台湾中华电信,,,,country,,2001:df1:f480::/48
2001:df1:f4c0::,2001:df1:f4c0:ffff:ffff:ffff:ffff:ffff,20010df1f4c000000000000000000000,20010df1f4c0ffffffffffffffffffff,48,中国香港,香港,,,台湾中华电信,,,,country,,2001:df1:f4c0::/48
2001:df2:40::,2001:df2:40:ffff:ffff:ffff:ffff:ffff,20010df2004000000000000000000000,20010df20040ffffffffffffffffffff,48,中国香港,香港,,,台湾中华电信,,,,country,,2001:df2:40::/48
2001:df2:b40::,2001:df2:b40:ffff:ffff:ffff:ffff:ffff,20010df20b4000000000000000000000,20010df20b40ffffffffffffffffffff,48,中国香港,香港,,,台湾中华电信,,,,country,,2001:df2:b40::/48
2001:df2:10c0::,2001:df2:10c0:ffff:ffff:ffff:ffff:ffff,20010df210c000000000000000000000,20010df210c0ffffffffffffffffffff,48,中国香港,香港,,,台湾中华电信,,,,country,,2001:df2:10c0::/48
2001:df2:1740::,2001:df2:1740:ffff:ffff:ffff:ffff:ffff,20010df2174000000000000000000000,20010df21740ffffffffffffffffffff,48,中国香港,香港,,,台湾中华电信,,,,country,,2001:df2:1740::/48
2001:df2:2a40::,2001:df2:2a40:ffff:ffff:ffff:ffff:ffff,20010df22a4000000000000000000000,20010df22a40ffffffffffffffffffff,48,中国香港,香港,,,台湾中华电信,,,,country,,2001:df2:2a40::/48
2001:df2:2c00::,2001:df2:2c00:ffff:ffff:ffff:ffff:ffff,20010df22c0000000000000000000000,20010df22c00ffffffffffffffffffff,48,中国香港,香港,,,台湾中华电信,,,,country,,2001:df2:2c00::/48
2001:df2:37c0::,2001:df2:37c0:ffff:ffff:ffff:ffff:ffff,20010df237c000000000000000000000,20010df237c0ffffffffffffffffffff,48,中国香港,香港,,,台湾中华电信,,,,country,,2001:df2:37c0::/48
2001:df2:3880::,2001:df2:3880:ffff:ffff:ffff:ffff:ffff,20010df2388000000000000000000000,20010df23880ffffffffffffffffffff,48,中国香港,香港,,,台湾中华电信,,,,country,,2001:df2:3880::/48
2001:df2:45c0::,2001:df2:45c0:ffff:ffff:ffff:ffff:ffff,20010df245c000000000000000000000,20010df245c0ffffffffffffffffffff,48,中国台湾,台湾,,,台湾中华电信,,,,country,,2001:df2:45c0::/48
2001:df2:45c1::,2001:df2:45c1:ffff:ffff:ffff:ffff:ffff,20010df245c100000000000000000000,20010df245c1ffffffffffffffffffff,48,中国台湾,台湾,,,台湾中华电信,,,,country,,2001:df2:45c1::/48
2001:df2:4600::,2001:df2:4600:ffff:ffff:ffff:ffff:ffff,20010df2460000000000000000000000,20010df24600ffffffffffffffffffff,48,中国香港,香港,,,台湾中华电信,,,,country,,2001:df2:4600::/48
2001:df2:4680::,2001:df2:4680:ffff:ffff:ffff:ffff:ffff,20010df2468000000000000000000000,20010df24680ffffffffffffffffffff,48,中国香港,香港,,,台湾中华电信,,,,country,,2001:df2:4680::/48
2001:df2:5100::,2001:df2:5100:ffff:ffff:ffff:ffff:ffff,20010df2510000000000000000000000,20010df25100ffffffffffffffffffff,48,中国香港,香港,,,台湾中华电信,,,,country,,2001:df2:5100::/48
2001:df2:5380::,2001:df2:5380:ffff:ffff:ffff:ffff:ffff,20010df2538000000000000000000000,20010df25380ffffffffffffffffffff,48,中国香港,香港,,,台湾中华电信,,,,country,,2001:df2:5380::/48
2001:df2:5480::,2001:df2:5480:ffff:ffff:ffff:ffff:ffff,20010df2548000000000000000000000,20010df25480ffffffffffffffffffff,48,中国台湾,台湾,,,台湾中华电信,,,,country,,2001:df2:5480::/48
2001:df2:5740::,2001:df2:5740:ffff:ffff:ffff:ffff:ffff,20010df2574000000000000000000000,20010df25740ffffffffffffffffffff,48,中国台湾,台湾,,,台湾中华电信,,,,country,,2001:df2:5740::/48
2001:df2:5741::,2001:df2:5741:ffff:ffff:ffff:ffff:ffff,20010df2574100000000000000000000,20010df25741ffffffffffffffffffff,48,中国台湾,台湾,,,台湾中华电信,,,,country,,2001:df2:5741::/48
2001:df2:5742::,2001:df2:5743:ffff:ffff:ffff:ffff:ffff,20010df2574200000000000000000000,20010df25743ffffffffffffffffffff,47,中国台湾,台湾,,,台湾中华电信,,,,country,,2001:df2:5742::/47
2001:df2:5780::,2001:df2:5780:ffff:ffff:ffff:ffff:ffff,20010df2578000000000000000000000,20010df25780ffffffffffffffffffff,48,中国,,,,台湾中华电信,,,,country,,2001:df2:5780::/48
2001:df2:7400::,2001:df2:7400:ffff:ffff:ffff:ffff:ffff,20010df2740000000000000000000000,20010df27400ffffffffffffffffffff,48,中国香港,香港,,,台湾中华电信,,,,country,,2001:df2:7400::/48
2001:df2:7580::,2001:df2:7580:ffff:ffff:ffff:ffff:ffff,20010df2758000000000000000000000,20010df27580ffffffffffffffffffff,48,中国台湾,台湾,,,台湾中华电信,,,,country,,2001:df2:7580::/48
2001:df2:7900::,2001:df2:7900:ffff:ffff:ffff:ffff:ffff,20010df2790000000000000000000000,20010df27900ffffffffffffffffffff,48,中国香港,香港,,,台湾中华电信,,,,country,,2001:df2:7900::/48
2001:df2:7b80::,2001:df2:7b80:ffff:ffff:ffff:ffff:ffff,20010df27b8000000000000000000000,20010df27b80ffffffffffffffffffff,48,中国香港,香港,,,台湾中华电信,,,,country,,2001:df2:7b80::/48
2001:df2:7c80::,2001:df2:7c80:ffff:ffff:ffff:ffff:ffff,20010df27c8000000000000000000000,20010df27c80ffffffffffffffffffff,48,中国香港,香港,,,台湾中华电信,,,,country,,2001:df2:7c80::/48
2001:df2:7cc0::,2001:df2:7cc0:ffff:ffff:ffff:ffff:ffff,20010df27cc000000000000000000000,20010df27cc0ffffffffffffffffffff,48,中国香港,香港,,,台湾中华电信,,,,country,,2001:df2:7cc0::/48
2001:df2:7d80::,2001:df2:7d80:ffff:ffff:ffff:ffff:ffff,20010df27d8000000000000000000000,20010df27d80ffffffffffffffffffff,48,中国香港,香港,,,台湾中华电信,,,,country,,2001:df2:7d80::/48
2001:df2:7e40::,2001:df2:7e40:ffff:ffff:ffff:ffff:ffff,20010df27e4000000000000000000000,20010df27e40ffffffffffffffffffff,48,中国香港,香港,,,台湾中华电信,,,,country,,2001:df2:7e40::/48
2001:df2:8980::,2001:df2:8980:ffff:ffff:ffff:ffff:ffff,20010df2898000000000000000000000,20010df28980ffffffffffffffffffff,48,中国香港,香港,,,台湾中华电信,,,,country,,2001:df2:8980::/48
2001:df2:8bc0::,2001:df2:8bc0:ffff:ffff:ffff:ffff:ffff,20010df28bc000000000000000000000,20010df28bc0ffffffffffffffffffff,48,中国,,,,台湾中华电信,,,,country,,2001:df2:8bc0::/48
2001:df2:8c00::,2001:df2:8c00:ffff:ffff:ffff:ffff:ffff,20010df28c0000000000000000000000,20010df28c00ffffffffffffffffffff,48,中国香港,香港,,,台湾中华电信,,,,country,,2001:df2:8c00::/48
2001:df2:95c0::,2001:df2:95c0:ffff:ffff:ffff:ffff:ffff,20010df295c000000000000000000000,20010df295c0ffffffffffffffffffff,48,中国香港,香港,,,台湾中华电信,,,,country,,2001:df2:95c0::/48
2001:df2:a140::,2001:df2:a140:ffff:ffff:ffff:ffff:ffff,20010df2a14000000000000000000000,20010df2a140ffffffffffffffffffff,48,中国香港,香港,,,台湾中华电信,,,,country,,2001:df2:a140::/48
2001:df2:a580::,2001:df2:a580:ffff:ffff:ffff:ffff:ffff,20010df2a58000000000000000000000,20010df2a580ffffffffffffffffffff,48,中国,,,,台湾中华电信,,,,country,,2001:df2:a580::/48
2001:df2:ac40::,2001:df2:ac40:ffff:ffff:ffff:ffff:ffff,20010df2ac4000000000000000000000,20010df2ac40ffffffffffffffffffff,48,中国香港,香港,,,台湾中华电信,,,,country,,2001:df2:ac40::/48
2001:df2:b080::,2001:df2:b080:ffff:ffff:ffff:ffff:ffff,20010df2b08000000000000000000000,20010df2b080ffffffffffffffffffff,48,中国香港,香港,,,台湾中华电信,,,,country,,2001:df2:b080::/48
2001:df2:bb00::,2001:df2:bb00:ffff:ffff:ffff:ffff:ffff,20010df2bb0000000000000000000000,20010df2bb00ffffffffffffffffffff,48,中国香港,香港,,,台湾中华电信,,,,country,,2001:df2:bb00::/48
2001:df2:bbc0::,2001:df2:bbc0:ffff:ffff:ffff:ffff:ffff,20010df2bbc000000000000000000000,20010df2bbc0ffffffffffffffffffff,48,中国香港,香港,,,台湾中华电信,,,,country,,2001:df2:bbc0::/48
2001:df2:c240::,2001:df2:c240:ffff:ffff:ffff:ffff:ffff,20010df2c24000000000000000000000,20010df2c240ffffffffffffffffffff,48,中国,,,,台湾中华电信,,,,country,,2001:df2:c240::/48
2001:df2:c700::,2001:df2:c700:ffff:ffff:ffff:ffff:ffff,20010df2c70000000000000000000000,20010df2c700ffffffffffffffffffff,48,中国香港,香港,,,台湾中华电信,,,,country,,2001:df2:c700::/48
2001:df2:d000::,2001:df2:d000:ffff:ffff:ffff:ffff:ffff,20010df2d00000000000000000000000,20010df2d000ffffffffffffffffffff,48,中国香港,香港,,,台湾中华电信,,,,country,,2001:df2:d000::/48
2001:df2:d200::,2001:df2:d200:ffff:ffff:ffff:ffff:ffff,20010df2d20000000000000000000000,20010df2d200ffffffffffffffffffff,48,中国香港,香港,,,台湾中华电信,,,,country,,2001:df2:d200::/48
2001:df2:d280::,2001:df2:d280:ffff:ffff:ffff:ffff:ffff,20010df2d28000000000000000000000,20010df2d280ffffffffffffffffffff,48,中国香港,香港,,,台湾中华电信,,,,country,,2001:df2:d280::/48
2001:df2:d4c0::,2001:df2:d4c0:ffff:ffff:ffff:ffff:ffff,20010df2d4c000000000000000000000,20010df2d4c0ffffffffffffffffffff,48,中国,,,,台湾中华电信,,,,country,,2001:df2:d4c0::/48
2001:df2:d680::,2001:df2:d680:ffff:ffff:ffff:ffff:ffff,20010df2d68000000000000000000000,20010df2d680ffffffffffffffffffff,48,中国香港,香港,,,台湾中华电信,,,,country,,2001:df2:d680::/48
2001:df2:d980::,2001:df2:d980:ffff:ffff:ffff:ffff:ffff,20010df2d98000000000000000000000,20010df2d980ffffffffffffffffffff,48,中国香港,香港,,,台湾中华电信,,,,country,,2001:df2:d980::/48
2001:df2:da40::,2001:df2:da40:ffff:ffff:ffff:ffff:ffff,20010df2da4000000000000000000000,20010df2da40ffffffffffffffffffff,48,中国香港,香港,,,台湾中华电信,,,,country,,2001:df2:da40::/48
2001:df2:dc80::,2001:df2:dc80:ffff:ffff:ffff:ffff:ffff,20010df2dc8000000000000000000000,20010df2dc80ffffffffffffffffffff,48,中国香港,香港,,,台湾中华电信,,,,country,,2001:df2:dc80::/48
2001:df2:f080::,2001:df2:f080:ffff:ffff:ffff:ffff:ffff,20010df2f08000000000000000000000,20010df2f080ffffffffffffffffffff,48,中国香港,香港,,,台湾中华电信,,,,country,,2001:df2:f080::/48
2001:df3:15c0::,2001:df3:15c0:ffff:ffff:ffff:ffff:ffff,20010df315c000000000000000000000,20010df315c0ffffffffffffffffffff,48,中国,,,,台湾中华电信,,,,country,,2001:df3:15c0::/48
2001:df3:1e80::,2001:df3:1e80:ffff:ffff:ffff:ffff:ffff,20010df31e8000000000000000000000,20010df31e80ffffffffffffffffffff,48,中国香港,香港,,,台湾中华电信,,,,country,,2001:df3:1e80::/48
2001:df3:1f00::,2001:df3:1f00:ffff:ffff:ffff:ffff:ffff,20010df31f0000000000000000000000,20010df31f00ffffffffffffffffffff,48,中国香港,香港,,,台湾中华电信,,,,country,,2001:df3:1f00::/48
2001:df3:2d80::,2001:df3:2d80:ffff:ffff:ffff:ffff:ffff,20010df32d8000000000000000000000,20010df32d80ffffffffffffffffffff,48,中国香港,香港,,,台湾中华电信,,,,country,,2001:df3:2d80::/48
2001:df3:3040::,2001:df3:3040:ffff:ffff:ffff:ffff:ffff,20010df3304000000000000000000000,20010df33040ffffffffffffffffffff,48,中国香港,香港,,,台湾中华电信,,,,country,,2001:df3:3040::/48
2001:df3:3680::,2001:df3:3680:ffff:ffff:ffff:ffff:ffff,20010df3368000000000000000000000,20010df33680ffffffffffffffffffff,48,中国香港,香港,,,台湾中华电信,,,,country,,2001:df3:3680::/48
2001:df3:3a80::,2001:df3:3a80:ffff:ffff:ffff:ffff:ffff,20010df33a8000000000000000000000,20010df33a80ffffffffffffffffffff,48,中国,,,,台湾中华电信,,,,country,,2001:df3:3a80::/48
2001:df3:3d00::,2001:df3:3d00:ffff:ffff:ffff:ffff:ffff,20010df33d0000000000000000000000,20010df33d00ffffffffffffffffffff,48,中国香港,香港,,,台湾中华电信,,,,country,,2001:df3:3d00::/48
2001:df3:49c0::,2001:df3:49c0:ffff:ffff:ffff:ffff:ffff,20010df349c000000000000000000000,20010df349c0ffffffffffffffffffff,48,中国香港,香港,,,台湾中华电信,,,,country,,2001:df3:49c0::/48
2001:df3:4dc0::,2001:df3:4dc0:ffff:ffff:ffff:ffff:ffff,20010df34dc000000000000000000000,20010df34dc0ffffffffffffffffffff,48,中国香港,香港,,,台湾中华电信,,,,country,,2001:df3:4dc0::/48
2001:df3:5040::,2001:df3:5040:ffff:ffff:ffff:ffff:ffff,20010df3504000000000000000000000,20010df35040ffffffffffffffffffff,48,中国香港,香港,,,台湾中华电信,,,,country,,2001:df3:5040::/48
2001:df3:5500::,2001:df3:5500:ffff:ffff:ffff:ffff:ffff,20010df3550000000000000000000000,20010df35500ffffffffffffffffffff,48,中国香港,香港,,,台湾中华电信,,,,country,,2001:df3:5500::/48
2001:df3:65c0::,2001:df3:65c0:ffff:ffff:ffff:ffff:ffff,20010df365c000000000000000000000,20010df365c0ffffffffffffffffffff,48,中国香港,香港,,,台湾中华电信,,,,country,,2001:df3:65c0::/48
2001:df3:6e00::,2001:df3:6e00:ffff:ffff:ffff:ffff:ffff,20010df36e0000000000000000000000,20010df36e00ffffffffffffffffffff,48,中国台湾,台湾,,,台湾中华电信,,,,country,,2001:df3:6e00::/48
2001:df3:7240::,2001:df3:7240:ffff:ffff:ffff:ffff:ffff,20010df3724000000000000000000000,20010df37240ffffffffffffffffffff,48,中国香港,香港,,,台湾中华电信,,,,country,,2001:df3:7240::/48
2001:df3:7440::,2001:df3:7440:ffff:ffff:ffff:ffff:ffff,20010df3744000000000000000000000,20010df37440ffffffffffffffffffff,48,中国,,,,台湾中华电信,,,,country,,2001:df3:7440::/48
2001:df3:7540::,2001:df3:7540:ffff:ffff:ffff:ffff:ffff,20010df3754000000000000000000000,20010df37540ffffffffffffffffffff,48,中国香港,香港,,,台湾中华电信,,,,country,,2001:df3:7540::/48
2001:df3:7580::,2001:df3:7580:ffff:ffff:ffff:ffff:ffff,20010df3758000000000000000000000,20010df37580ffffffffffffffffffff,48,中国香港,香港,,,台湾中华电信,,,,country,,2001:df3:7580::/48
2001:df3:8200::,2001:df3:8200:ffff:ffff:ffff:ffff:ffff,20010df3820000000000000000000000,20010df38200ffffffffffffffffffff,48,中国香港,香港,,,台湾中华电信,,,,country,,2001:df3:8200::/48
2001:df3:8b80::,2001:df3:8b80:ffff:ffff:ffff:ffff:ffff,20010df38b8000000000000000000000,20010df38b80ffffffffffffffffffff,48,中国香港,香港,,,台湾中华电信,,,,country,,2001:df3:8b80::/48
2001:df3:9100::,2001:df3:9100:ffff:ffff:ffff:ffff:ffff,20010df3910000000000000000000000,20010df39100ffffffffffffffffffff,48,中国香港,香港,,,台湾中华电信,,,,country,,2001:df3:9100::/48
2001:df3:9500::,2001:df3:9500:ffff:ffff:ffff:ffff:ffff,20010df3950000000000000000000000,20010df39500ffffffffffffffffffff,48,中国香港,香港,,,台湾中华电信,,,,country,,2001:df3:9500::/48
2001:df3:9a40::,2001:df3:9a40:ffff:ffff:ffff:ffff:ffff,20010df39a4000000000000000000000,20010df39a40ffffffffffffffffffff,48,中国,,,,台湾中华电信,,,,country,,2001:df3:9a40::/48
2001:df3:9c00::,2001:df3:9c00:ffff:ffff:ffff:ffff:ffff,20010df39c0000000000000000000000,20010df39c00ffffffffffffffffffff,48,中国香港,香港,,,台湾中华电信,,,,country,,2001:df3:9c00::/48
2001:df3:a400::,2001:df3:a400:ffff:ffff:ffff:ffff:ffff,20010df3a40000000000000000000000,20010df3a400ffffffffffffffffffff,48,中国香港,香港,,,台湾中华电信,,,,country,,2001:df3:a400::/48
2001:df3:a680::,2001:df3:a680:ffff:ffff:ffff:ffff:ffff,20010df3a68000000000000000000000,20010df3a680ffffffffffffffffffff,48,中国,,,,台湾中华电信,,,,country,,2001:df3:a680::/48
2001:df3:bc80::,2001:df3:bc80:ffff:ffff:ffff:ffff:ffff,20010df3bc8000000000000000000000,20010df3bc80ffffffffffffffffffff,48,中国香港,香港,,,台湾中华电信,,,,country,,2001:df3:bc80::/48
2001:df3:bc81::,2001:df3:bc81:ffff:ffff:ffff:ffff:ffff,20010df3bc8100000000000000000000,20010df3bc81ffffffffffffffffffff,48,中国香港,香港,,,台湾中华电信,,,,country,,2001:df3:bc81::/48
2001:df3:c180::,2001:df3:c180:ffff:ffff:ffff:ffff:ffff,20010df3c18000000000000000000000,20010df3c180ffffffffffffffffffff,48,中国香港,香港,,,台湾中华电信,,,,country,,2001:df3:c180::/48
2001:df3:c680::,2001:df3:c680:ffff:ffff:ffff:ffff:ffff,20010df3c68000000000000000000000,20010df3c680ffffffffffffffffffff,48,中国,内蒙古,,,台湾中华电信,150000,40.818233,111.765226,province,,2001:df3:c680::/48
2001:df3:cd00::,2001:df3:cd00:ffff:ffff:ffff:ffff:ffff,20010df3cd0000000000000000000000,20010df3cd00ffffffffffffffffffff,48,中国香港,香港,,,台湾中华电信,,,,country,,2001:df3:cd00::/48
2001:df3:cd80::,2001:df3:cd80:ffff:ffff:ffff:ffff:ffff,20010df3cd8000000000000000000000,20010df3cd80ffffffffffffffffffff,48,中国香港,香港,,,台湾中华电信,,,,country,,2001:df3:cd80::/48
2001:df3:cdc0::,2001:df3:cdc0:ffff:ffff:ffff:ffff:ffff,20010df3cdc000000000000000000000,20010df3cdc0ffffffffffffffffffff,48,中国香港,香港,,,台湾中华电信,,,,country,,2001:df3:cdc0::/48
2001:df3:d0c0::,2001:df3:d0c0:ffff:ffff:ffff:ffff:ffff,20010df3d0c000000000000000000000,20010df3d0c0ffffffffffffffffffff,48,中国,,,,台湾中华电信,,,,country,,2001:df3:d0c0::/48
2001:df3:ef80::,2001:df3:ef80:ffff:ffff:ffff:ffff:ffff,20010df3ef8000000000000000000000,20010df3ef80ffffffffffffffffffff,48,中国,,,,台湾中华电信,,,,country,,2001:df3:ef80::/48
2001:df3:f740::,2001:df3:f740:ffff:ffff:ffff:ffff:ffff,20010df3f74000000000000000000000,20010df3f740ffffffffffffffffffff,48,中国香港,香港,,,台湾中华电信,,,,country,,2001:df3:f740::/48
2001:df3:fc00::,2001:df3:fc00:ffff:ffff:ffff:ffff:ffff,20010df3fc0000000000000000000000,20010df3fc00ffffffffffffffffffff,48,中国香港,香港,,,台湾中华电信,,,,country,,2001:df3:fc00::/48
2001:df4:180::,2001:df4:180:ffff:ffff:ffff:ffff:ffff,20010df4018000000000000000000000,20010df40180ffffffffffffffffffff,48,中国香港,香港,,,台湾中华电信,,,,country,,2001:df4:180::/48
2001:df4:d80::,2001:df4:d80:ffff:ffff:ffff:ffff:ffff,20010df40d8000000000000000000000,20010df40d80ffffffffffffffffffff,48,中国,,,,台湾中华电信,,,,country,,2001:df4:d80::/48
2001:df4:1880::,2001:df4:1880:ffff:ffff:ffff:ffff:ffff,20010df4188000000000000000000000,20010df41880ffffffffffffffffffff,48,中国,,,,台湾中华电信,,,,country,,2001:df4:1880::/48
2001:df4:1d00::,2001:df4:1d00:ffff:ffff:ffff:ffff:ffff,20010df41d0000000000000000000000,20010df41d00ffffffffffffffffffff,48,中国香港,香港,,,台湾中华电信,,,,country,,2001:df4:1d00::/48
2001:df4:26c0::,2001:df4:26c0:ffff:ffff:ffff:ffff:ffff,20010df426c000000000000000000000,20010df426c0ffffffffffffffffffff,48,中国香港,香港,,,台湾中华电信,,,,country,,2001:df4:26c0::/48
2001:df4:2780::,2001:df4:2780:ffff:ffff:ffff:ffff:ffff,20010df4278000000000000000000000,20010df42780ffffffffffffffffffff,48,中国,,,,台湾中华电信,,,,country,,2001:df4:2780::/48
2001:df4:2ac0::,2001:df4:2ac0:ffff:ffff:ffff:ffff:ffff,20010df42ac000000000000000000000,20010df42ac0ffffffffffffffffffff,48,中国香港,香港,,,台湾中华电信,,,,country,,2001:df4:2ac0::/48
2001:df4:2e80::,2001:df4:2e80:ffff:ffff:ffff:ffff:ffff,20010df42e8000000000000000000000,20010df42e80ffffffffffffffffffff,48,中国,,,,台湾中华电信,,,,country,,2001:df4:2e80::/48
2001:df4:3700::,2001:df4:3700:ffff:ffff:ffff:ffff:ffff,20010df4370000000000000000000000,20010df43700ffffffffffffffffffff,48,中国香港,香港,,,台湾中华电信,,,,country,,2001:df4:3700::/48
2001:df4:3d80::,2001:df4:3d80:ffff:ffff:ffff:ffff:ffff,20010df43d8000000000000000000000,20010df43d80ffffffffffffffffffff,48,中国,,,,台湾中华电信,,,,country,,2001:df4:3d80::/48
2001:df4:4780::,2001:df4:4780:ffff:ffff:ffff:ffff:ffff,20010df4478000000000000000000000,20010df44780ffffffffffffffffffff,48,中国香港,香港,,,台湾中华电信,,,,country,,2001:df4:4780::/48
2001:df4:4b80::,2001:df4:4b80:ffff:ffff:ffff:ffff:ffff,20010df44b8000000000000000000000,20010df44b80ffffffffffffffffffff,48,中国,,,,台湾中华电信,,,,country,,2001:df4:4b80::/48
2001:df4:4d80::,2001:df4:4d80:ffff:ffff:ffff:ffff:ffff,20010df44d8000000000000000000000,20010df44d80ffffffffffffffffffff,48,中国,上海,,,台湾中华电信,310000,31.230525,121.473667,province,,2001:df4:4d80::/48
2001:df4:6b00::,2001:df4:6b00:ffff:ffff:ffff:ffff:ffff,20010df46b0000000000000000000000,20010df46b00ffffffffffffffffffff,48,中国香港,香港,,,台湾中华电信,,,,country,,2001:df4:6b00::/48
2001:df4:7000::,2001:df4:7000:ffff:ffff:ffff:ffff:ffff,20010df4700000000000000000000000,20010df47000ffffffffffffffffffff,48,中国香港,香港,,,台湾中华电信,,,,country,,2001:df4:7000::/48
2001:df4:8a00::,2001:df4:8a00:ffff:ffff:ffff:ffff:ffff,20010df48a0000000000000000000000,20010df48a00ffffffffffffffffffff,48,中国台湾,台湾,,,台湾中华电信,,,,country,,2001:df4:8a00::/48
2001:df4:8c00::,2001:df4:8c00:ffff:ffff:ffff:ffff:ffff,20010df48c0000000000000000000000,20010df48c00ffffffffffffffffffff,48,中国香港,香港,,,台湾中华电信,,,,country,,2001:df4:8c00::/48
2001:df4:9d00::,2001:df4:9d00:ffff:ffff:ffff:ffff:ffff,20010df49d0000000000000000000000,20010df49d00ffffffffffffffffffff,48,中国台湾,台湾,,,台湾中华电信,,,,country,,2001:df4:9d00::/48
2001:df4:a0c0::,2001:df4:a0c0:ffff:ffff:ffff:ffff:ffff,20010df4a0c000000000000000000000,20010df4a0c0ffffffffffffffffffff,48,中国香港,香港,,,台湾中华电信,,,,country,,2001:df4:a0c0::/48
2001:df4:a1c0::,2001:df4:a1c0:ffff:ffff:ffff:ffff:ffff,20010df4a1c000000000000000000000,20010df4a1c0ffffffffffffffffffff,48,中国,,,,台湾中华电信,,,,country,,2001:df4:a1c0::/48
2001:df4:be40::,2001:df4:be40:ffff:ffff:ffff:ffff:ffff,20010df4be4000000000000000000000,20010df4be40ffffffffffffffffffff,48,中国香港,香港,,,台湾中华电信,,,,country,,2001:df4:be40::/48
2001:df4:c180::,2001:df4:c180:ffff:ffff:ffff:ffff:ffff,20010df4c18000000000000000000000,20010df4c180ffffffffffffffffffff,48,中国,,,,台湾中华电信,,,,country,,2001:df4:c180::/48
2001:df4:c580::,2001:df4:c580:ffff:ffff:ffff:ffff:ffff,20010df4c58000000000000000000000,20010df4c580ffffffffffffffffffff,48,中国,,,,台湾中华电信,,,,country,,2001:df4:c580::/48
2001:df4:c5c0::,2001:df4:c5c0:ffff:ffff:ffff:ffff:ffff,20010df4c5c000000000000000000000,20010df4c5c0ffffffffffffffffffff,48,中国香港,香港,,,台湾中华电信,,,,country,,2001:df4:c5c0::/48
2001:df4:cb80::,2001:df4:cb80:ffff:ffff:ffff:ffff:ffff,20010df4cb8000000000000000000000,20010df4cb80ffffffffffffffffffff,48,中国香港,香港,,,台湾中华电信,,,,country,,2001:df4:cb80::/48
2001:df4:d280::,2001:df4:d280:ffff:ffff:ffff:ffff:ffff,20010df4d28000000000000000000000,20010df4d280ffffffffffffffffffff,48,中国香港,香港,,,台湾中华电信,,,,country,,2001:df4:d280::/48
2001:df4:e140::,2001:df4:e140:ffff:ffff:ffff:ffff:ffff,20010df4e14000000000000000000000,20010df4e140ffffffffffffffffffff,48,中国,,,,台湾中华电信,,,,country,,2001:df4:e140::/48
2001:df4:e141::,2001:df4:e141:ffff:ffff:ffff:ffff:ffff,20010df4e14100000000000000000000,20010df4e141ffffffffffffffffffff,48,中国,,,,台湾中华电信,,,,country,,2001:df4:e141::/48
2001:df4:e142::,2001:df4:e143:ffff:ffff:ffff:ffff:ffff,20010df4e14200000000000000000000,20010df4e143ffffffffffffffffffff,47,中国,,,,台湾中华电信,,,,country,,2001:df4:e142::/47
2001:df4:ee00::,2001:df4:ee00:ffff:ffff:ffff:ffff:ffff,20010df4ee0000000000000000000000,20010df4ee00ffffffffffffffffffff,48,中国香港,香港,,,台湾中华电信,,,,country,,2001:df4:ee00::/48
2001:df5:900::,2001:df5:900:ffff:ffff:ffff:ffff:ffff,20010df5090000000000000000000000,20010df50900ffffffffffffffffffff,48,中国澳门,澳门,,,台湾中华电信,,,,country,,2001:df5:900::/48
2001:df5:1440::,2001:df5:1440:ffff:ffff:ffff:ffff:ffff,20010df5144000000000000000000000,20010df51440ffffffffffffffffffff,48,中国,,,,台湾中华电信,,,,country,,2001:df5:1440::/48
2001:df5:1cc0::,2001:df5:1cc0:ffff:ffff:ffff:ffff:ffff,20010df51cc000000000000000000000,20010df51cc0ffffffffffffffffffff,48,中国香港,香港,,,台湾中华电信,,,,country,,2001:df5:1cc0::/48
2001:df5:20c0::,2001:df5:20c0:ffff:ffff:ffff:ffff:ffff,20010df520c000000000000000000000,20010df520c0ffffffffffffffffffff,48,中国香港,香港,,,台湾中华电信,,,,country,,2001:df5:20c0::/48
2001:df5:2d80::,2001:df5:2d80:ffff:ffff:ffff:ffff:ffff,20010df52d8000000000000000000000,20010df52d80ffffffffffffffffffff,48,中国香港,香港,,,台湾中华电信,,,,country,,2001:df5:2d80::/48
2001:df5:2fc0::,2001:df5:2fc0:ffff:ffff:ffff:ffff:ffff,20010df52fc000000000000000000000,20010df52fc0ffffffffffffffffffff,48,中国,,,,台湾中华电信,,,,country,,2001:df5:2fc0::/48
2001:df5:3280::,2001:df5:3280:ffff:ffff:ffff:ffff:ffff,20010df5328000000000000000000000,20010df53280ffffffffffffffffffff,48,中国香港,香港,,,台湾中华电信,,,,country,,2001:df5:3280::/48
2001:df5:3380::,2001:df5:3380:ffff:ffff:ffff:ffff:ffff,20010df5338000000000000000000000,20010df53380ffffffffffffffffffff,48,中国香港,香港,,,台湾中华电信,,,,country,,2001:df5:3380::/48
2001:df5:41c0::,2001:df5:41c0:ffff:ffff:ffff:ffff:ffff,20010df541c000000000000000000000,20010df541c0ffffffffffffffffffff,48,中国香港,香港,,,台湾中华电信,,,,country,,2001:df5:41c0::/48
2001:df5:4740::,2001:df5:4740:ffff:ffff:ffff:ffff:ffff,20010df5474000000000000000000000,20010df54740ffffffffffffffffffff,48,中国,,,,台湾中华电信,,,,country,,2001:df5:4740::/48
2001:df5:4cc0::,2001:df5:4cc0:ffff:ffff:ffff:ffff:ffff,20010df54cc000000000000000000000,20010df54cc0ffffffffffffffffffff,48,中国,,,,台湾中华电信,,,,country,,2001:df5:4cc0::/48
2001:df5:5200::,2001:df5:5200:ffff:ffff:ffff:ffff:ffff,20010df5520000000000000000000000,20010df55200ffffffffffffffffffff,48,中国香港,香港,,,台湾中华电信,,,,country,,2001:df5:5200::/48
2001:df5:5780::,2001:df5:5780:ffff:ffff:ffff:ffff:ffff,20010df5578000000000000000000000,20010df55780ffffffffffffffffffff,48,中国香港,香港,,,台湾中华电信,,,,country,,2001:df5:5780::/48
2001:df5:5f80::,2001:df5:5f80:ffff:ffff:ffff:ffff:ffff,20010df55f8000000000000000000000,20010df55f80ffffffffffffffffffff,48,中国,,,,台湾中华电信,,,,country,,2001:df5:5f80::/48
2001:df5:6140::,2001:df5:6140:ffff:ffff:ffff:ffff:ffff,20010df5614000000000000000000000,20010df56140ffffffffffffffffffff,48,中国香港,香港,,,台湾中华电信,,,,country,,2001:df5:6140::/48
2001:df5:6900::,2001:df5:6900:ffff:ffff:ffff:ffff:ffff,20010df5690000000000000000000000,20010df56900ffffffffffffffffffff,48,中国香港,香港,,,台湾中华电信,,,,country,,2001:df5:6900::/48
2001:df5:7300::,2001:df5:7300:ffff:ffff:ffff:ffff:ffff,20010df5730000000000000000000000,20010df57300ffffffffffffffffffff,48,中国香港,香港,,,台湾中华电信,,,,country,,2001:df5:7300::/48
2001:df5:7800::,2001:df5:7800:ffff:ffff:ffff:ffff:ffff,20010df5780000000000000000000000,20010df57800ffffffffffffffffffff,48,中国,江苏,苏州,昆山,台湾中华电信,320583,31.385476,120.980795,district,,2001:df5:7800::/48
2001:df5:7e80::,2001:df5:7e80:ffff:ffff:ffff:ffff:ffff,20010df57e8000000000000000000000,20010df57e80ffffffffffffffffffff,48,中国香港,香港,,,台湾中华电信,,,,country,,2001:df5:7e80::/48
2001:df5:8300::,2001:df5:8300:ffff:ffff:ffff:ffff:ffff,20010df5830000000000000000000000,20010df58300ffffffffffffffffffff,48,中国香港,香港,,,台湾中华电信,,,,country,,2001:df5:8300::/48
2001:df5:8480::,2001:df5:8480:ffff:ffff:ffff:ffff:ffff,20010df5848000000000000000000000,20010df58480ffffffffffffffffffff,48,中国香港,香港,,,台湾中华电信,,,,country,,2001:df5:8480::/48
2001:df5:8540::,2001:df5:8540:ffff:ffff:ffff:ffff:ffff,20010df5854000000000000000000000,20010df58540ffffffffffffffffffff,48,中国香港,香港,,,台湾中华电信,,,,country,,2001:df5:8540::/48
2001:df5:8580::,2001:df5:8580:ffff:ffff:ffff:ffff:ffff,20010df5858000000000000000000000,20010df58580ffffffffffffffffffff,48,中国香港,香港,,,台湾中华电信,,,,country,,2001:df5:8580::/48
2001:df5:8b00::,2001:df5:8b00:ffff:ffff:ffff:ffff:ffff,20010df58b0000000000000000000000,20010df58b00ffffffffffffffffffff,48,中国香港,香港,,,台湾中华电信,,,,country,,2001:df5:8b00::/48
2001:df5:9180::,2001:df5:9180:ffff:ffff:ffff:ffff:ffff,20010df5918000000000000000000000,20010df59180ffffffffffffffffffff,48,中国香港,香港,,,台湾中华电信,,,,country,,2001:df5:9180::/48
2001:df5:9380::,2001:df5:9380:ffff:ffff:ffff:ffff:ffff,20010df5938000000000000000000000,20010df59380ffffffffffffffffffff,48,中国香港,香港,,,台湾中华电信,,,,country,,2001:df5:9380::/48
2001:df5:9580::,2001:df5:9580:ffff:ffff:ffff:ffff:ffff,20010df5958000000000000000000000,20010df59580ffffffffffffffffffff,48,中国香港,香港,,,台湾中华电信,,,,country,,2001:df5:9580::/48
2001:df5:a900::,2001:df5:a900:ffff:ffff:ffff:ffff:ffff,20010df5a90000000000000000000000,20010df5a900ffffffffffffffffffff,48,中国香港,香港,,,台湾中华电信,,,,country,,2001:df5:a900::/48
2001:df5:b580::,2001:df5:b580:ffff:ffff:ffff:ffff:ffff,20010df5b58000000000000000000000,20010df5b580ffffffffffffffffffff,48,中国香港,香港,,,台湾中华电信,,,,country,,2001:df5:b580::/48
2001:df5:b800::,2001:df5:b800:ffff:ffff:ffff:ffff:ffff,20010df5b80000000000000000000000,20010df5b800ffffffffffffffffffff,48,中国香港,香港,,,台湾中华电信,,,,country,,2001:df5:b800::/48
2001:df5:ca80::,2001:df5:ca80:ffff:ffff:ffff:ffff:ffff,20010df5ca8000000000000000000000,20010df5ca80ffffffffffffffffffff,48,中国香港,香港,,,台湾中华电信,,,,country,,2001:df5:ca80::/48
2001:df5:f580::,2001:df5:f580:ffff:ffff:ffff:ffff:ffff,20010df5f58000000000000000000000,20010df5f580ffffffffffffffffffff,48,中国香港,香港,,,台湾中华电信,,,,country,,2001:df5:f580::/48
2001:df5:f780::,2001:df5:f780:ffff:ffff:ffff:ffff:ffff,20010df5f78000000000000000000000,20010df5f780ffffffffffffffffffff,48,中国香港,香港,,,台湾中华电信,,,,country,,2001:df5:f780::/48
2001:df6:40::,2001:df6:40:ffff:ffff:ffff:ffff:ffff,20010df6004000000000000000000000,20010df60040ffffffffffffffffffff,48,中国,,,,台湾中华电信,,,,country,,2001:df6:40::/48
2001:df6:100::,2001:df6:100:ffff:ffff:ffff:ffff:ffff,20010df6010000000000000000000000,20010df60100ffffffffffffffffffff,48,中国,,,,台湾中华电信,,,,country,,2001:df6:100::/48
2001:df6:200::,2001:df6:200:ffff:ffff:ffff:ffff:ffff,20010df6020000000000000000000000,20010df60200ffffffffffffffffffff,48,中国香港,香港,,,台湾中华电信,,,,country,,2001:df6:200::/48
2001:df6:400::,2001:df6:400:ffff:ffff:ffff:ffff:ffff,20010df6040000000000000000000000,20010df60400ffffffffffffffffffff,48,中国香港,香港,,,台湾中华电信,,,,country,,2001:df6:400::/48
2001:df6:540::,2001:df6:540:ffff:ffff:ffff:ffff:ffff,20010df6054000000000000000000000,20010df60540ffffffffffffffffffff,48,中国香港,香港,,,台湾中华电信,,,,country,,2001:df6:540::/48
2001:df6:740::,2001:df6:740:ffff:ffff:ffff:ffff:ffff,20010df6074000000000000000000000,20010df60740ffffffffffffffffffff,48,中国香港,香港,,,台湾中华电信,,,,country,,2001:df6:740::/48
2001:df6:800::,2001:df6:80f:ffff:ffff:ffff:ffff:ffff,20010df6080000000000000000000000,20010df6080fffffffffffffffffffff,44,中国香港,香港,,,台湾中华电信,,,,country,,2001:df6:800::/44
2001:df6:11c0::,2001:df6:11c0:ffff:ffff:ffff:ffff:ffff,20010df611c000000000000000000000,20010df611c0ffffffffffffffffffff,48,中国香港,香港,,,台湾中华电信,,,,country,,2001:df6:11c0::/48
2001:df6:1840::,2001:df6:1840:ffff:ffff:ffff:ffff:ffff,20010df6184000000000000000000000,20010df61840ffffffffffffffffffff,48,中国香港,香港,,,台湾中华电信,,,,country,,2001:df6:1840::/48
2001:df6:1980::,2001:df6:1980:ffff:ffff:ffff:ffff:ffff,20010df6198000000000000000000000,20010df61980ffffffffffffffffffff,48,中国香港,香港,,,台湾中华电信,,,,country,,2001:df6:1980::/48
2001:df6:1c80::,2001:df6:1c80:ffff:ffff:ffff:ffff:ffff,20010df61c8000000000000000000000,20010df61c80ffffffffffffffffffff,48,中国香港,香港,,,台湾中华电信,,,,country,,2001:df6:1c80::/48
2001:df6:2680::,2001:df6:2680:ffff:ffff:ffff:ffff:ffff,20010df6268000000000000000000000,20010df62680ffffffffffffffffffff,48,中国香港,香港,,,台湾中华电信,,,,country,,2001:df6:2680::/48
2001:df6:3bc0::,2001:df6:3bc0:ffff:ffff:ffff:ffff:ffff,20010df63bc000000000000000000000,20010df63bc0ffffffffffffffffffff,48,中国香港,香港,,,台湾中华电信,,,,country,,2001:df6:3bc0::/48
2001:df6:3f80::,2001:df6:3f80:ffff:ffff:ffff:ffff:ffff,20010df63f8000000000000000000000,20010df63f80ffffffffffffffffffff,48,中国台湾,台湾,,,台湾中华电信,,,,country,,2001:df6:3f80::/48
2001:df6:4780::,2001:df6:4780:ffff:ffff:ffff:ffff:ffff,20010df6478000000000000000000000,20010df64780ffffffffffffffffffff,48,中国台湾,台湾,,,台湾中华电信,,,,country,,2001:df6:4780::/48
2001:df6:4e40::,2001:df6:4e40:ffff:ffff:ffff:ffff:ffff,20010df64e4000000000000000000000,20010df64e40ffffffffffffffffffff,48,中国香港,香港,,,台湾中华电信,,,,country,,2001:df6:4e40::/48
2001:df6:4f00::,2001:df6:4f00:ffff:ffff:ffff:ffff:ffff,20010df64f0000000000000000000000,20010df64f00ffffffffffffffffffff,48,中国澳门,澳门,,,台湾中华电信,,,,country,,2001:df6:4f00::/48
2001:df6:5140::,2001:df6:5140:ffff:ffff:ffff:ffff:ffff,20010df6514000000000000000000000,20010df65140ffffffffffffffffffff,48,中国香港,香港,,,台湾中华电信,,,,country,,2001:df6:5140::/48
2001:df6:55c0::,2001:df6:55c0:ffff:ffff:ffff:ffff:ffff,20010df655c000000000000000000000,20010df655c0ffffffffffffffffffff,48,中国香港,香港,,,台湾中华电信,,,,country,,2001:df6:55c0::/48
2001:df6:5680::,2001:df6:5680:ffff:ffff:ffff:ffff:ffff,20010df6568000000000000000000000,20010df65680ffffffffffffffffffff,48,中国香港,香港,,,台湾中华电信,,,,country,,2001:df6:5680::/48
2001:df6:5780::,2001:df6:5780:ffff:ffff:ffff:ffff:ffff,20010df6578000000000000000000000,20010df65780ffffffffffffffffffff,48,中国香港,香港,,,台湾中华电信,,,,country,,2001:df6:5780::/48
2001:df6:5d00::,2001:df6:5d00:ffff:ffff:ffff:ffff:ffff,20010df65d0000000000000000000000,20010df65d00ffffffffffffffffffff,48,中国,,,,台湾中华电信,,,,country,,2001:df6:5d00::/48
2001:df6:6280::,2001:df6:6280:ffff:ffff:ffff:ffff:ffff,20010df6628000000000000000000000,20010df66280ffffffffffffffffffff,48,中国香港,香港,,,台湾中华电信,,,,country,,2001:df6:6280::/48
2001:df6:6800::,2001:df6:6800:ffff:ffff:ffff:ffff:ffff,20010df6680000000000000000000000,20010df66800ffffffffffffffffffff,48,中国,广东,深圳,,台湾中华电信,440300,22.543527,114.057939,city,,2001:df6:6800::/48
2001:df6:8380::,2001:df6:8380:ffff:ffff:ffff:ffff:ffff,20010df6838000000000000000000000,20010df68380ffffffffffffffffffff,48,中国香港,香港,,,台湾中华电信,,,,country,,2001:df6:8380::/48
2001:df6:8780::,2001:df6:8780:ffff:ffff:ffff:ffff:ffff,20010df6878000000000000000000000,20010df68780ffffffffffffffffffff,48,中国香港,香港,,,台湾中华电信,,,,country,,2001:df6:8780::/48
2001:df6:8e80::,2001:df6:8e80:ffff:ffff:ffff:ffff:ffff,20010df68e8000000000000000000000,20010df68e80ffffffffffffffffffff,48,中国香港,香港,,,台湾中华电信,,,,country,,2001:df6:8e80::/48
2001:df6:9b00::,2001:df6:9b00:ffff:ffff:ffff:ffff:ffff,20010df69b0000000000000000000000,20010df69b00ffffffffffffffffffff,48,中国香港,香港,,,台湾中华电信,,,,country,,2001:df6:9b00::/48
2001:df6:a780::,2001:df6:a780:ffff:ffff:ffff:ffff:ffff,20010df6a78000000000000000000000,20010df6a780ffffffffffffffffffff,48,中国香港,香港,,,台湾中华电信,,,,country,,2001:df6:a780::/48
2001:df6:a980::,2001:df6:a980:ffff:ffff:ffff:ffff:ffff,20010df6a98000000000000000000000,20010df6a980ffffffffffffffffffff,48,中国香港,香港,,,台湾中华电信,,,,country,,2001:df6:a980::/48
2001:df6:aa80::,2001:df6:aa80:ffff:ffff:ffff:ffff:ffff,20010df6aa8000000000000000000000,20010df6aa80ffffffffffffffffffff,48,中国香港,香港,,,台湾中华电信,,,,country,,2001:df6:aa80::/48
2001:df6:b2c0::,2001:df6:b2c0:ffff:ffff:ffff:ffff:ffff,20010df6b2c000000000000000000000,20010df6b2c0ffffffffffffffffffff,48,中国香港,香港,,,台湾中华电信,,,,country,,2001:df6:b2c0::/48
2001:df6:bc00::,2001:df6:bc00:ffff:ffff:ffff:ffff:ffff,20010df6bc0000000000000000000000,20010df6bc00ffffffffffffffffffff,48,中国香港,香港,,,台湾中华电信,,,,country,,2001:df6:bc00::/48
2001:df6:c480::,2001:df6:c480:ffff:ffff:ffff:ffff:ffff,20010df6c48000000000000000000000,20010df6c480ffffffffffffffffffff,48,中国台湾,台湾,,,台湾中华电信,,,,country,,2001:df6:c480::/48
2001:df6:cb80::,2001:df6:cb80:ffff:ffff:ffff:ffff:ffff,20010df6cb8000000000000000000000,20010df6cb80ffffffffffffffffffff,48,中国香港,香港,,,台湾中华电信,,,,country,,2001:df6:cb80::/48
2001:df6:d000::,2001:df6:d000:ffff:ffff:ffff:ffff:ffff,20010df6d00000000000000000000000,20010df6d000ffffffffffffffffffff,48,中国香港,香港,,,台湾中华电信,,,,country,,2001:df6:d000::/48
2001:df6:d840::,2001:df6:d840:ffff:ffff:ffff:ffff:ffff,20010df6d84000000000000000000000,20010df6d840ffffffffffffffffffff,48,中国香港,香港,,,台湾中华电信,,,,country,,2001:df6:d840::/48
2001:df6:e180::,2001:df6:e180:ffff:ffff:ffff:ffff:ffff,20010df6e18000000000000000000000,20010df6e180ffffffffffffffffffff,48,中国香港,香港,,,台湾中华电信,,,,country,,2001:df6:e180::/48
2001:df6:f400::,2001:df6:f400:ffff:ffff:ffff:ffff:ffff,20010df6f40000000000000000000000,20010df6f400ffffffffffffffffffff,48,中国,广东,深圳,南山,台湾中华电信,440305,22.533191,113.930478,district,,2001:df6:f400::/48
2001:df6:f480::,2001:df6:f480:ffff:ffff:ffff:ffff:ffff,20010df6f48000000000000000000000,20010df6f480ffffffffffffffffffff,48,中国香港,香港,,,台湾中华电信,,,,country,,2001:df6:f480::/48
2001:df7:400::,2001:df7:400:ffff:ffff:ffff:ffff:ffff,20010df7040000000000000000000000,20010df70400ffffffffffffffffffff,48,中国香港,香港,,,台湾中华电信,,,,country,,2001:df7:400::/48
2001:df7:680::,2001:df7:680:ffff:ffff:ffff:ffff:ffff,20010df7068000000000000000000000,20010df70680ffffffffffffffffffff,48,中国香港,香港,,,台湾中华电信,,,,country,,2001:df7:680::/48
2001:df7:7c0::,2001:df7:7c0:ffff:ffff:ffff:ffff:ffff,20010df707c000000000000000000000,20010df707c0ffffffffffffffffffff,48,中国香港,香港,,,台湾中华电信,,,,country,,2001:df7:7c0::/48
2001:df7:1480::,2001:df7:1480:ffff:ffff:ffff:ffff:ffff,20010df7148000000000000000000000,20010df71480ffffffffffffffffffff,48,中国,,,,台湾中华电信,,,,country,,2001:df7:1480::/48
2001:df7:1780::,2001:df7:1780:ffff:ffff:ffff:ffff:ffff,20010df7178000000000000000000000,20010df71780ffffffffffffffffffff,48,中国香港,香港,,,台湾中华电信,,,,country,,2001:df7:1780::/48
2001:df7:2600::,2001:df7:2600:ffff:ffff:ffff:ffff:ffff,20010df7260000000000000000000000,20010df72600ffffffffffffffffffff,48,中国香港,香港,,,台湾中华电信,,,,country,,2001:df7:2600::/48
2001:df7:2b80::,2001:df7:2b80:ffff:ffff:ffff:ffff:ffff,20010df72b8000000000000000000000,20010df72b80ffffffffffffffffffff,48,中国,,,,台湾中华电信,,,,country,,2001:df7:2b80::/48
2001:df7:3480::,2001:df7:3480:ffff:ffff:ffff:ffff:ffff,20010df7348000000000000000000000,20010df73480ffffffffffffffffffff,48,中国香港,香港,,,台湾中华电信,,,,country,,2001:df7:3480::/48
2001:df7:3700::,2001:df7:3700:ffff:ffff:ffff:ffff:ffff,20010df7370000000000000000000000,20010df73700ffffffffffffffffffff,48,中国香港,香港,,,台湾中华电信,,,,country,,2001:df7:3700::/48
2001:df7:3701::,2001:df7:3701:ffff:ffff:ffff:ffff:ffff,20010df7370100000000000000000000,20010df73701ffffffffffffffffffff,48,中国香港,香港,,,台湾中华电信,,,,country,,2001:df7:3701::/48
2001:df7:3702::,2001:df7:3703:ffff:ffff:ffff:ffff:ffff,20010df7370200000000000000000000,20010df73703ffffffffffffffffffff,47,中国香港,香港,,,台湾中华电信,,,,country,,2001:df7:3702::/47
2001:df7:3d00::,2001:df7:3d00:ffff:ffff:ffff:ffff:ffff,20010df73d0000000000000000000000,20010df73d00ffffffffffffffffffff,48,中国香港,香港,,,台湾中华电信,,,,country,,2001:df7:3d00::/48
2001:df7:5500::,2001:df7:5500:ffff:ffff:ffff:ffff:ffff,20010df7550000000000000000000000,20010df75500ffffffffffffffffffff,48,中国香港,香港,,,台湾中华电信,,,,country,,2001:df7:5500::/48
2001:df7:6280::,2001:df7:6280:ffff:ffff:ffff:ffff:ffff,20010df7628000000000000000000000,20010df76280ffffffffffffffffffff,48,中国香港,香港,,,台湾中华电信,,,,country,,2001:df7:6280::/48
2001:df7:6600::,2001:df7:6600:ffff:ffff:ffff:ffff:ffff,20010df7660000000000000000000000,20010df76600ffffffffffffffffffff,48,中国,福建,福州,,台湾中华电信,350100,26.074286,119.296411,city,,2001:df7:6600::/48
2001:df7:6680::,2001:df7:6680:ffff:ffff:ffff:ffff:ffff,20010df7668000000000000000000000,20010df76680ffffffffffffffffffff,48,中国香港,香港,,,台湾中华电信,,,,country,,2001:df7:6680::/48
2001:df7:6700::,2001:df7:6700:ffff:ffff:ffff:ffff:ffff,20010df7670000000000000000000000,20010df76700ffffffffffffffffffff,48,中国香港,香港,,,台湾中华电信,,,,country,,2001:df7:6700::/48
2001:df7:7000::,2001:df7:7000:ffff:ffff:ffff:ffff:ffff,20010df7700000000000000000000000,20010df77000ffffffffffffffffffff,48,中国香港,香港,,,台湾中华电信,,,,country,,2001:df7:7000::/48
2001:df7:7380::,2001:df7:7380:ffff:ffff:ffff:ffff:ffff,20010df7738000000000000000000000,20010df77380ffffffffffffffffffff,48,中国香港,香港,,,台湾中华电信,,,,country,,2001:df7:7380::/48
2001:df7:7f00::,2001:df7:7f00:ffff:ffff:ffff:ffff:ffff,20010df77f0000000000000000000000,20010df77f00ffffffffffffffffffff,48,中国香港,香港,,,台湾中华电信,,,,country,,2001:df7:7f00::/48
2001:df7:8680::,2001:df7:8680:ffff:ffff:ffff:ffff:ffff,20010df7868000000000000000000000,20010df78680ffffffffffffffffffff,48,中国香港,香港,,,台湾中华电信,,,,country,,2001:df7:8680::/48
2001:df7:aa80::,2001:df7:aa80:ffff:ffff:ffff:ffff:ffff,20010df7aa8000000000000000000000,20010df7aa80ffffffffffffffffffff,48,中国香港,香港,,,台湾中华电信,,,,country,,2001:df7:aa80::/48
2001:df7:dc80::,2001:df7:dc80:ffff:ffff:ffff:ffff:ffff,20010df7dc8000000000000000000000,20010df7dc80ffffffffffffffffffff,48,中国香港,香港,,,台湾中华电信,,,,country,,2001:df7:dc80::/48
2001:df7:e580::,2001:df7:e580:ffff:ffff:ffff:ffff:ffff,20010df7e58000000000000000000000,20010df7e580ffffffffffffffffffff,48,中国,,,,台湾中华电信,,,,country,,2001:df7:e580::/48
2001:df7:f680::,2001:df7:f680:ffff:ffff:ffff:ffff:ffff,20010df7f68000000000000000000000,20010df7f680ffffffffffffffffffff,48,中国香港,香港,,,台湾中华电信,,,,country,,2001:df7:f680::/48
2001:df7:fc80::,2001:df7:fc80:ffff:ffff:ffff:ffff:ffff,20010df7fc8000000000000000000000,20010df7fc80ffffffffffffffffffff,48,中国香港,香港,,,台湾中华电信,,,,country,,2001:df7:fc80::/48
2001:dfe::,2001:dfe:ffff:ffff:ffff:ffff:ffff:ffff,20010dfe000000000000000000000000,20010dfeffffffffffffffffffffffff,32,中国台湾,台湾,,,台湾中华电信,,,,country,,2001:dfe::/32
2001:dff::,2001:dff:ffff:ffff:ffff:ffff:ffff:ffff,20010dff000000000000000000000000,20010dffffffffffffffffffffffffff,32,中国香港,香港,,,台湾中华电信,,,,country,,2001:dff::/32
2001:e08::,2001:e08:ffff:ffff:ffff:ffff:ffff:ffff,20010e08000000000000000000000000,20010e08ffffffffffffffffffffffff,32,中国,,,,台湾中华电信,,,,country,,2001:e08::/32
2001:e10::,2001:e10:ffff:ffff:ffff:ffff:ffff:ffff,20010e10000000000000000000000000,20010e10ffffffffffffffffffffffff,32,中国台湾,台湾,,,台湾中华电信,,,,country,,2001:e10::/32
2001:e18::,2001:e18:ffff:ffff:ffff:ffff:ffff:ffff,20010e18000000000000000000000000,20010e18ffffffffffffffffffffffff,32,中国,,,,台湾中华电信,,,,country,,2001:e18::/32
2001:e80::,2001:e80:ffff:ffff:ffff:ffff:ffff:ffff,20010e80000000000000000000000000,20010e80ffffffffffffffffffffffff,32,中国,,,,移动,,,,country,,2001:e80::/32
2001:e88::,2001:e88:ffff:ffff:ffff:ffff:ffff:ffff,20010e88000000000000000000000000,20010e88ffffffffffffffffffffffff,32,中国,,,,联通,,,,country,,2001:e88::/32
2001:eb0::,2001:eb0:ffff:ffff:ffff:ffff:ffff:ffff,20010eb0000000000000000000000000,20010eb0ffffffffffffffffffffffff,32,中国香港,香港,,,台湾中华电信,,,,country,,2001:eb0::/32
2001:ed8::,2001:ed8:ffff:ffff:ffff:ffff:ffff:ffff,20010ed8000000000000000000000000,20010ed8ffffffffffffffffffffffff,32,中国台湾,台湾,,,台湾中华电信,,,,country,,2001:ed8::/32
2001:f10::,2001:f10:ffff:ffff:ffff:ffff:ffff:ffff,20010f10000000000000000000000000,20010f10ffffffffffffffffffffffff,32,中国台湾,台湾,,,台湾中华电信,,,,country,,2001:f10::/32
2001:f18::,2001:f18:ffff:ffff:ffff:ffff:ffff:ffff,20010f18000000000000000000000000,20010f18ffffffffffffffffffffffff,32,中国台湾,台湾,,,台湾中华电信,,,,country,,2001:f18::/32
2001:f38::,2001:f38:ffff:ffff:ffff:ffff:ffff:ffff,20010f38000000000000000000000000,20010f38ffffffffffffffffffffffff,32,中国,北京,,,台湾中华电信,110000,39.904179,116.407387,province,,2001:f38::/32
2001:f88::,2001:f88:ffff:ffff:ffff:ffff:ffff:ffff,20010f88000000000000000000000000,20010f88ffffffffffffffffffffffff,32,中国,重庆,,,台湾中华电信,500000,29.56268,106.551787,province,,2001:f88::/32
2001:f90::,2001:f90:ffff:ffff:ffff:ffff:ffff:ffff,20010f90000000000000000000000000,20010f90ffffffffffffffffffffffff,32,中国澳门,澳门,,,台湾中华电信,,,,country,,2001:f90::/32
2001:ff8::,2001:ff8:ffff:ffff:ffff:ffff:ffff:ffff,20010ff8000000000000000000000000,20010ff8ffffffffffffffffffffffff,32,中国澳门,澳门,,,台湾中华电信,,,,country,,2001:ff8::/32
2001:4420::,2001:4420:ffff:ffff:ffff:ffff:ffff:ffff,20014420000000000000000000000000,20014420ffffffffffffffffffffffff,32,中国台湾,台湾,,,台湾,,,,country,,2001:4420::/32
2001:4438::,2001:4438:ffff:ffff:ffff:ffff:ffff:ffff,20014438000000000000000000000000,20014438ffffffffffffffffffffffff,32,中国,北京,,,,110000,39.904179,116.407387,province,,2001:4438::/32
2001:4480::,2001:4480:ffff:ffff:ffff:ffff:ffff:ffff,20014480000000000000000000000000,20014480ffffffffffffffffffffffff,32,中国香港,香港,,,香港,,,,country,,2001:4480::/32
2001:44f0::,2001:44f0:ffff:ffff:ffff:ffff:ffff:ffff,200144f0000000000000000000000000,200144f0ffffffffffffffffffffffff,32,中国台湾,台湾,,,台湾,,,,country,,2001:44f0::/32
2001:4500::,2001:4500:ffff:ffff:ffff:ffff:ffff:ffff,20014500000000000000000000000000,20014500ffffffffffffffffffffffff,32,中国台湾,台湾,,,台湾,,,,country,,2001:4500::/32
2001:4508::,2001:4508:ffff:ffff:ffff:ffff:ffff:ffff,20014508000000000000000000000000,20014508ffffffffffffffffffffffff,32,中国台湾,台湾,,,台湾,,,,country,,2001:4508::/32
2001:4510::,2001:4517:ffff:ffff:ffff:ffff:ffff:ffff,20014510000000000000000000000000,20014517ffffffffffffffffffffffff,29,中国,,,,,,,,country,,2001:4510::/29
2001:4540::,2001:455f:ffff:ffff:ffff:ffff:ffff:ffff,20014540000000000000000000000000,2001455fffffffffffffffffffffffff,27,中国台湾,台湾,,,台湾,,,,country,,2001:4540::/27
2001:4580::,2001:45bf:ffff:ffff:ffff:ffff:ffff:ffff,20014580000000000000000000000000,200145bfffffffffffffffffffffffff,26,中国台湾,台湾,,,台湾,,,,country,,2001:4580::/26
2001:b000::,2001:b7ff:ffff:ffff:ffff:ffff:ffff:ffff,2001b000000000000000000000000000,2001b7ffffffffffffffffffffffffff,21,中国台湾,台湾,,,台湾,,,,country,,2001:b000::/21
2400:1040::,2400:1040:ffff:ffff:ffff:ffff:ffff:ffff,24001040000000000000000000000000,24001040ffffffffffffffffffffffff,32,中国,江苏,扬州,,,321000,32.394404,119.412834,city,,2400:1040::/32
2400:1160::,2400:1160:ffff:ffff:ffff:ffff:ffff:ffff,24001160000000000000000000000000,24001160ffffffffffffffffffffffff,32,中国,,,,,,,,country,,2400:1160::/32
2400:12c0::,2400:12c0:ffff:ffff:ffff:ffff:ffff:ffff,240012c0000000000000000000000000,240012c0ffffffffffffffffffffffff,32,中国,北京,,,,110000,39.904179,116.407387,province,,2400:12c0::/32
2400:1300::,2400:1300:ffff:ffff:ffff:ffff:ffff:ffff,24001300000000000000000000000000,24001300ffffffffffffffffffffffff,32,中国台湾,台湾,,,台湾,,,,country,,2400:1300::/32
2400:1340::,2400:1340:ffff:ffff:ffff:ffff:ffff:ffff,24001340000000000000000000000000,24001340ffffffffffffffffffffffff,32,中国,北京,,,,110000,39.904179,116.407387,province,,2400:1340::/32
2400:1380::,2400:1380:ffff:ffff:ffff:ffff:ffff:ffff,24001380000000000000000000000000,24001380ffffffffffffffffffffffff,32,中国,北京,,,,110000,39.904179,116.407387,province,,2400:1380::/32
2400:13a0::,2400:13a0:ffff:ffff:ffff:ffff:ffff:ffff,240013a0000000000000000000000000,240013a0ffffffffffffffffffffffff,32,中国香港,香港,,,香港,,,,country,,2400:13a0::/32
2400:1500::,2400:1500:ffff:ffff:ffff:ffff:ffff:ffff,24001500000000000000000000000000,24001500ffffffffffffffffffffffff,32,中国台湾,台湾,,,台湾,,,,country,,2400:1500::/32
2400:15c0::,2400:15c0:ffff:ffff:ffff:ffff:ffff:ffff,240015c0000000000000000000000000,240015c0ffffffffffffffffffffffff,32,中国,山东,菏泽,,,371700,35.234309,115.479646,city,,2400:15c0::/32
2400:1640::,2400:1640:ffff:ffff:ffff:ffff:ffff:ffff,24001640000000000000000000000000,24001640ffffffffffffffffffffffff,32,中国,山西,大同,,,140200,40.09711,113.366749,city,,2400:1640::/32
2400:16c0::,2400:16c0:ffff:ffff:ffff:ffff:ffff:ffff,240016c0000000000000000000000000,240016c0ffffffffffffffffffffffff,32,中国,山西,大同,,,140200,40.09711,113.366749,city,,2400:16c0::/32
2400:1740::,2400:1740:ffff:ffff:ffff:ffff:ffff:ffff,24001740000000000000000000000000,24001740ffffffffffffffffffffffff,32,中国,浙江,杭州,,,330100,30.246566,120.209903,city,,2400:1740::/32
2400:17c0::,2400:17c0:ffff:ffff:ffff:ffff:ffff:ffff,240017c0000000000000000000000000,240017c0ffffffffffffffffffffffff,32,中国,浙江,杭州,,,330100,30.246566,120.209903,city,,2400:17c0::/32
2400:1840::,2400:1840:ffff:ffff:ffff:ffff:ffff:ffff,24001840000000000000000000000000,24001840ffffffffffffffffffffffff,32,中国,浙江,杭州,,,330100,30.246566,120.209903,city,,2400:1840::/32
2400:18c0::,2400:18c0:ffff:ffff:ffff:ffff:ffff:ffff,240018c0000000000000000000000000,240018c0ffffffffffffffffffffffff,32,中国,浙江,台州,,,331000,28.655716,121.42079,city,,2400:18c0::/32
2400:1940::,2400:1940:ffff:ffff:ffff:ffff:ffff:ffff,24001940000000000000000000000000,24001940ffffffffffffffffffffffff,32,中国,湖北,武汉,,,420100,30.593354,114.304569,city,,2400:1940::/32
2400:19a0::,2400:19a0:ffff:ffff:ffff:ffff:ffff:ffff,240019a0000000000000000000000000,240019a0ffffffffffffffffffffffff,32,中国,,,,,,,,country,,2400:19a0::/32
2400:19c0::,2400:19c0:ffff:ffff:ffff:ffff:ffff:ffff,240019c0000000000000000000000000,240019c0ffffffffffffffffffffffff,32,中国,广东,深圳,,,440300,22.543527,114.057939,city,,2400:19c0::/32
2400:1a40::,2400:1a40:ffff:ffff:ffff:ffff:ffff:ffff,24001a40000000000000000000000000,24001a40ffffffffffffffffffffffff,32,中国,山西,大同,,,140200,40.09711,113.366749,city,,2400:1a40::/32
2400:1ac0::,2400:1ac0:ffff:ffff:ffff:ffff:ffff:ffff,24001ac0000000000000000000000000,24001ac0ffffffffffffffffffffffff,32,中国,上海,,,,310000,31.230525,121.473667,province,,2400:1ac0::/32
2400:1b40::,2400:1b40:ffff:ffff:ffff:ffff:ffff:ffff,24001b40000000000000000000000000,24001b40ffffffffffffffffffffffff,32,中国,山西,大同,,,140200,40.09711,113.366749,city,,2400:1b40::/32
2400:1be0::,2400:1be0:ffff:ffff:ffff:ffff:ffff:ffff,24001be0000000000000000000000000,24001be0ffffffffffffffffffffffff,32,中国台湾,台湾,,,台湾,,,,country,,2400:1be0::/32
2400:1c40::,2400:1c40:ffff:ffff:ffff:ffff:ffff:ffff,24001c40000000000000000000000000,24001c40ffffffffffffffffffffffff,32,中国香港,香港,,,香港,,,,country,,2400:1c40::/32
2400:1c80::,2400:1c80:ffff:ffff:ffff:ffff:ffff:ffff,24001c80000000000000000000000000,24001c80ffffffffffffffffffffffff,32,中国香港,香港,,,香港,,,,country,,2400:1c80::/32
2400:1cc0::,2400:1cc0:ffff:ffff:ffff:ffff:ffff:ffff,24001cc0000000000000000000000000,24001cc0ffffffffffffffffffffffff,32,中国,上海,,,,310000,31.230525,121.473667,province,,2400:1cc0::/32
2400:1ce0::,2400:1ce0:ffff:ffff:ffff:ffff:ffff:ffff,24001ce0000000000000000000000000,24001ce0ffffffffffffffffffffffff,32,中国台湾,台湾,,,台湾,,,,country,,2400:1ce0::/32
2400:1d40::,2400:1d40:ffff:ffff:ffff:ffff:ffff:ffff,24001d40000000000000000000000000,24001d40ffffffffffffffffffffffff,32,中国,上海,,,,310000,31.230525,121.473667,province,,2400:1d40::/32
2400:1dc0::,2400:1dc0:ffff:ffff:ffff:ffff:ffff:ffff,24001dc0000000000000000000000000,24001dc0ffffffffffffffffffffffff,32,中国,上海,,,,310000,31.230525,121.473667,province,,2400:1dc0::/32
2400:1e00::,2400:1e00:ffff:ffff:ffff:ffff:ffff:ffff,24001e00000000000000000000000000,24001e00ffffffffffffffffffffffff,32,中国香港,香港,,,香港,,,,country,,2400:1e00::/32
2400:1e20::,2400:1e20:ffff:ffff:ffff:ffff:ffff:ffff,24001e20000000000000000000000000,24001e20ffffffffffffffffffffffff,32,中国台湾,台湾,,,台湾,,,,country,,2400:1e20::/32
2400:1e40::,2400:1e40:ffff:ffff:ffff:ffff:ffff:ffff,24001e40000000000000000000000000,24001e40ffffffffffffffffffffffff,32,中国,福建,厦门,,,350200,24.479627,118.08891,city,,2400:1e40::/32
2400:1ec0::,2400:1ec0:ffff:ffff:ffff:ffff:ffff:ffff,24001ec0000000000000000000000000,24001ec0ffffffffffffffffffffffff,32,中国,上海,,,,310000,31.230525,121.473667,province,,2400:1ec0::/32
2400:1f40::,2400:1f40:ffff:ffff:ffff:ffff:ffff:ffff,24001f40000000000000000000000000,24001f40ffffffffffffffffffffffff,32,中国,江苏,南京,,,320100,32.059344,118.796624,city,,2400:1f40::/32
2400:1fc0::,2400:1fc0:ffff:ffff:ffff:ffff:ffff:ffff,24001fc0000000000000000000000000,24001fc0ffffffffffffffffffffffff,32,中国,浙江,杭州,,,330100,30.246566,120.209903,city,,2400:1fc0::/32
2400:3040::,2400:3040:ffff:ffff:ffff:ffff:ffff:ffff,24003040000000000000000000000000,24003040ffffffffffffffffffffffff,32,中国,广东,广州,,,440100,23.130061,113.264499,city,,2400:3040::/32
2400:30a0::,2400:30a0:ffff:ffff:ffff:ffff:ffff:ffff,240030a0000000000000000000000000,240030a0ffffffffffffffffffffffff,32,中国台湾,台湾,,,台湾,,,,country,,2400:30a0::/32
2400:3140::,2400:3140:ffff:ffff:ffff:ffff:ffff:ffff,24003140000000000000000000000000,24003140ffffffffffffffffffffffff,32,中国,上海,,,,310000,31.230525,121.473667,province,,2400:3140::/32
2400:3160::,2400:3160:ffff:ffff:ffff:ffff:ffff:ffff,24003160000000000000000000000000,24003160ffffffffffffffffffffffff,32,中国,,,,,,,,country,,2400:3160::/32
2400:31c0::,2400:31c0:ffff:ffff:ffff:ffff:ffff:ffff,240031c0000000000000000000000000,240031c0ffffffffffffffffffffffff,32,中国,湖北,武汉,,,420100,30.593354,114.304569,city,,2400:31c0::/32
2400:3200::,2400:3200:ffff:ffff:ffff:ffff:ffff:ffff,24003200000000000000000000000000,24003200ffffffffffffffffffffffff,32,中国,浙江,杭州,,,330100,30.246566,120.209903,city,,2400:3200::/32
2400:3280::,2400:3280:ffff:ffff:ffff:ffff:ffff:ffff,24003280000000000000000000000000,24003280ffffffffffffffffffffffff,32,中国,山东,烟台,龙口,,370681,37.645281,120.47614,district,,2400:3280::/32
2400:32c0::,2400:32c0:ffff:ffff:ffff:ffff:ffff:ffff,240032c0000000000000000000000000,240032c0ffffffffffffffffffffffff,32,中国,上海,,,,310000,31.230525,121.473667,province,,2400:32c0::/32
2400:3340::,2400:3340:ffff:ffff:ffff:ffff:ffff:ffff,24003340000000000000000000000000,24003340ffffffffffffffffffffffff,32,中国,四川,成都,,,510100,30.572961,104.066301,city,,2400:3340::/32
2400:33c0::,2400:33c0:ffff:ffff:ffff:ffff:ffff:ffff,240033c0000000000000000000000000,240033c0ffffffffffffffffffffffff,32,中国,安徽,合肥,,,340100,31.820567,117.227267,city,,2400:33c0::/32
2400:3440::,2400:3440:ffff:ffff:ffff:ffff:ffff:ffff,24003440000000000000000000000000,24003440ffffffffffffffffffffffff,32,中国,北京,,,,110000,39.904179,116.407387,province,,2400:3440::/32
2400:34c0::,2400:34c0:ffff:ffff:ffff:ffff:ffff:ffff,240034c0000000000000000000000000,240034c0ffffffffffffffffffffffff,32,中国,福建,漳州,,,350600,24.515297,117.647298,city,,2400:34c0::/32
2400:3520::,2400:3520:ffff:ffff:ffff:ffff:ffff:ffff,24003520000000000000000000000000,24003520ffffffffffffffffffffffff,32,中国香港,香港,,,香港,,,,country,,2400:3520::/32
2400:3540::,2400:3540:ffff:ffff:ffff:ffff:ffff:ffff,24003540000000000000000000000000,24003540ffffffffffffffffffffffff,32,中国,北京,,,,110000,39.904179,116.407387,province,,2400:3540::/32
2400:35c0::,2400:35c0:ffff:ffff:ffff:ffff:ffff:ffff,240035c0000000000000000000000000,240035c0ffffffffffffffffffffffff,32,中国,北京,,,,110000,39.904179,116.407387,province,,2400:35c0::/32
2400:3600::,2400:3600:ffff:ffff:ffff:ffff:ffff:ffff,24003600000000000000000000000000,24003600ffffffffffffffffffffffff,32,中国,北京,,,,110000,39.904179,116.407387,province,,2400:3600::/32
2400:3640::,2400:3640:ffff:ffff:ffff:ffff:ffff:ffff,24003640000000000000000000000000,24003640ffffffffffffffffffffffff,32,中国,福建,福州,,,350100,26.074286,119.296411,city,,2400:3640::/32
2400:3660::,2400:3660:ffff:ffff:ffff:ffff:ffff:ffff,24003660000000000000000000000000,24003660ffffffffffffffffffffffff,32,中国,,,,,,,,country,,2400:3660::/32
2400:36c0::,2400:36c0:ffff:ffff:ffff:ffff:ffff:ffff,240036c0000000000000000000000000,240036c0ffffffffffffffffffffffff,32,中国,北京,,,,110000,39.904179,116.407387,province,,2400:36c0::/32
2400:38c0::,2400:38c0:ffff:ffff:ffff:ffff:ffff:ffff,240038c0000000000000000000000000,240038c0ffffffffffffffffffffffff,32,中国,,,,,,,,country,,2400:38c0::/32
2400:38e0::,2400:38e0:ffff:ffff:ffff:ffff:ffff:ffff,240038e0000000000000000000000000,240038e0ffffffffffffffffffffffff,32,中国香港,香港,,,香港,,,,country,,2400:38e0::/32
2400:39c0::,2400:39c0:ffff:ffff:ffff:ffff:ffff:ffff,240039c0000000000000000000000000,240039c0ffffffffffffffffffffffff,32,中国,,,,,,,,country,,2400:39c0::/32
2400:3a00::,2400:3a00:ffff:ffff:ffff:ffff:ffff:ffff,24003a00000000000000000000000000,24003a00ffffffffffffffffffffffff,32,中国,上海,,,,310000,31.230525,121.473667,province,,2400:3a00::/32
2400:3a40::,2400:3a40:ffff:ffff:ffff:ffff:ffff:ffff,24003a40000000000000000000000000,24003a40ffffffffffffffffffffffff,32,中国,,,,,,,,country,,2400:3a40::/32
2400:3b40::,2400:3b40:ffff:ffff:ffff:ffff:ffff:ffff,24003b40000000000000000000000000,24003b40ffffffffffffffffffffffff,32,中国,,,,,,,,country,,2400:3b40::/32
2400:3c40::,2400:3c40:ffff:ffff:ffff:ffff:ffff:ffff,24003c40000000000000000000000000,24003c40ffffffffffffffffffffffff,32,中国,,,,,,,,country,,2400:3c40::/32
2400:3cc0::,2400:3cc0:ffff:ffff:ffff:ffff:ffff:ffff,24003cc0000000000000000000000000,24003cc0ffffffffffffffffffffffff,32,中国,,,,,,,,country,,2400:3cc0::/32
2400:3e00::,2400:3e00:ffff:ffff:ffff:ffff:ffff:ffff,24003e00000000000000000000000000,24003e00ffffffffffffffffffffffff,32,中国,上海,,,,310000,31.230525,121.473667,province,,2400:3e00::/32
2400:3ec0::,2400:3ec0:ffff:ffff:ffff:ffff:ffff:ffff,24003ec0000000000000000000000000,24003ec0ffffffffffffffffffffffff,32,中国香港,香港,,,香港,,,,country,,2400:3ec0::/32
2400:3f40::,2400:3f40:ffff:ffff:ffff:ffff:ffff:ffff,24003f40000000000000000000000000,24003f40ffffffffffffffffffffffff,32,中国,,,,,,,,country,,2400:3f40::/32
2400:3f60::,2400:3f60:ffff:ffff:ffff:ffff:ffff:ffff,24003f60000000000000000000000000,24003f60ffffffffffffffffffffffff,32,中国,,,,,,,,country,,2400:3f60::/32
2400:3fc0::,2400:3fc0:ffff:ffff:ffff:ffff:ffff:ffff,24003fc0000000000000000000000000,24003fc0ffffffffffffffffffffffff,32,中国,,,,,,,,country,,2400:3fc0::/32
2400:4440::,2400:4440:ffff:ffff:ffff:ffff:ffff:ffff,24004440000000000000000000000000,24004440ffffffffffffffffffffffff,32,中国,,,,,,,,country,,2400:4440::/32
2400:4460::,2400:4460:ffff:ffff:ffff:ffff:ffff:ffff,24004460000000000000000000000000,24004460ffffffffffffffffffffffff,32,中国台湾,台湾,,,台湾,,,,country,,2400:4460::/32
2400:44c0::,2400:44c0:ffff:ffff:ffff:ffff:ffff:ffff,240044c0000000000000000000000000,240044c0ffffffffffffffffffffffff,32,中国,,,,,,,,country,,2400:44c0::/32
2400:4500::,2400:4500:ffff:ffff:ffff:ffff:ffff:ffff,24004500000000000000000000000000,24004500ffffffffffffffffffffffff,32,中国台湾,台湾,,,台湾,,,,country,,2400:4500::/32
2400:4540::,2400:4540:ffff:ffff:ffff:ffff:ffff:ffff,24004540000000000000000000000000,24004540ffffffffffffffffffffffff,32,中国,,,,,,,,country,,2400:4540::/32
2400:4580::,2400:4580:ffff:ffff:ffff:ffff:ffff:ffff,24004580000000000000000000000000,24004580ffffffffffffffffffffffff,32,中国香港,香港,,,香港,,,,country,,2400:4580::/32
2400:4600::,2400:4600:ffff:ffff:ffff:ffff:ffff:ffff,24004600000000000000000000000000,24004600ffffffffffffffffffffffff,32,中国,北京,,,,110000,39.904179,116.407387,province,,2400:4600::/32
2400:4640::,2400:4640:ffff:ffff:ffff:ffff:ffff:ffff,24004640000000000000000000000000,24004640ffffffffffffffffffffffff,32,中国,,,,,,,,country,,2400:4640::/32
2400:46c0::,2400:46c0:ffff:ffff:ffff:ffff:ffff:ffff,240046c0000000000000000000000000,240046c0ffffffffffffffffffffffff,32,中国,,,,,,,,country,,2400:46c0::/32
2400:4920::,2400:4920:ffff:ffff:ffff:ffff:ffff:ffff,24004920000000000000000000000000,24004920ffffffffffffffffffffffff,32,中国,,,,,,,,country,,2400:4920::/32
2400:4940::,2400:4940:ffff:ffff:ffff:ffff:ffff:ffff,24004940000000000000000000000000,24004940ffffffffffffffffffffffff,32,中国香港,香港,,,香港,,,,country,,2400:4940::/32
2400:49a0::,2400:49a0:ffff:ffff:ffff:ffff:ffff:ffff,240049a0000000000000000000000000,240049a0ffffffffffffffffffffffff,32,中国香港,香港,,,香港,,,,country,,2400:49a0::/32
2400:4bc0::,2400:4bc0:ffff:ffff:ffff:ffff:ffff:ffff,24004bc0000000000000000000000000,24004bc0ffffffffffffffffffffffff,32,中国,,,,,,,,country,,2400:4bc0::/32
2400:4c00::,2400:4c00:ffff:ffff:ffff:ffff:ffff:ffff,24004c00000000000000000000000000,24004c00ffffffffffffffffffffffff,32,中国香港,香港,,,香港,,,,country,,2400:4c00::/32
2400:4d20::,2400:4d20:ffff:ffff:ffff:ffff:ffff:ffff,24004d20000000000000000000000000,24004d20ffffffffffffffffffffffff,32,中国台湾,台湾,,,台湾,,,,country,,2400:4d20::/32
2400:4e00::,2400:4e00:ffff:ffff:ffff:ffff:ffff:ffff,24004e00000000000000000000000000,24004e00ffffffffffffffffffffffff,32,中国,广东,广州,,,440100,23.130061,113.264499,city,,2400:4e00::/32
2400:4e40::,2400:4e40:ffff:ffff:ffff:ffff:ffff:ffff,24004e40000000000000000000000000,24004e40ffffffffffffffffffffffff,32,中国,,,,,,,,country,,2400:4e40::/32
2400:4e80::,2400:4e80:ffff:ffff:ffff:ffff:ffff:ffff,24004e80000000000000000000000000,24004e80ffffffffffffffffffffffff,32,中国台湾,台湾,,,台湾,,,,country,,2400:4e80::/32
2400:5060::,2400:5060:ffff:ffff:ffff:ffff:ffff:ffff,24005060000000000000000000000000,24005060ffffffffffffffffffffffff,32,中国台湾,台湾,,,台湾,,,,country,,2400:5060::/32
2400:5080::,2400:5080:ffff:ffff:ffff:ffff:ffff:ffff,24005080000000000000000000000000,24005080ffffffffffffffffffffffff,32,中国,上海,,,,310000,31.230525,121.473667,province,,2400:5080::/32
2400:50a0::,2400:50a0:ffff:ffff:ffff:ffff:ffff:ffff,240050a0000000000000000000000000,240050a0ffffffffffffffffffffffff,32,中国台湾,台湾,,,台湾,,,,country,,2400:50a0::/32
2400:50e0::,2400:50e0:ffff:ffff:ffff:ffff:ffff:ffff,240050e0000000000000000000000000,240050e0ffffffffffffffffffffffff,32,中国台湾,台湾,,,台湾,,,,country,,2400:50e0::/32
2400:51c0::,2400:51c0:ffff:ffff:ffff:ffff:ffff:ffff,240051c0000000000000000000000000,240051c0ffffffffffffffffffffffff,32,中国香港,香港,,,香港,,,,country,,2400:51c0::/32
2400:5280::,2400:5280:ffff:ffff:ffff:ffff:ffff:ffff,24005280000000000000000000000000,24005280ffffffffffffffffffffffff,32,中国,北京,,,,110000,39.904179,116.407387,province,,2400:5280::/32
2400:5340::,2400:5340:ffff:ffff:ffff:ffff:ffff:ffff,24005340000000000000000000000000,24005340ffffffffffffffffffffffff,32,中国香港,香港,,,香港,,,,country,,2400:5340::/32
2400:53c0::,2400:53c0:ffff:ffff:ffff:ffff:ffff:ffff,240053c0000000000000000000000000,240053c0ffffffffffffffffffffffff,32,中国香港,香港,,,香港,,,,country,,2400:53c0::/32
2400:5400::,2400:5400:ffff:ffff:ffff:ffff:ffff:ffff,24005400000000000000000000000000,24005400ffffffffffffffffffffffff,32,中国,北京,,,,110000,39.904179,116.407387,province,,2400:5400::/32
2400:5440::,2400:5440:ffff:ffff:ffff:ffff:ffff:ffff,24005440000000000000000000000000,24005440ffffffffffffffffffffffff,32,中国香港,香港,,,香港,,,,country,,2400:5440::/32
2400:5580::,2400:5580:ffff:ffff:ffff:ffff:ffff:ffff,24005580000000000000000000000000,24005580ffffffffffffffffffffffff,32,中国,北京,,,,110000,39.904179,116.407387,province,,2400:5580::/32
2400:55c0::,2400:55c0:ffff:ffff:ffff:ffff:ffff:ffff,240055c0000000000000000000000000,240055c0ffffffffffffffffffffffff,32,中国,,,,,,,,country,,2400:55c0::/32
2400:55e0::,2400:55e0:ffff:ffff:ffff:ffff:ffff:ffff,240055e0000000000000000000000000,240055e0ffffffffffffffffffffffff,32,中国,,,,,,,,country,,2400:55e0::/32
2400:5600::,2400:5600:ffff:ffff:ffff:ffff:ffff:ffff,24005600000000000000000000000000,24005600ffffffffffffffffffffffff,32,中国,吉林,长春,,,220100,43.816996,125.323643,city,,2400:5600::/32
2400:5640::,2400:5640:ffff:ffff:ffff:ffff:ffff:ffff,24005640000000000000000000000000,24005640ffffffffffffffffffffffff,32,中国,,,,,,,,country,,2400:5640::/32
2400:56c0::,2400:56c0:ffff:ffff:ffff:ffff:ffff:ffff,240056c0000000000000000000000000,240056c0ffffffffffffffffffffffff,32,中国,,,,,,,,country,,2400:56c0::/32
2400:57c0::,2400:57c0:ffff:ffff:ffff:ffff:ffff:ffff,240057c0000000000000000000000000,240057c0ffffffffffffffffffffffff,32,中国,,,,,,,,country,,2400:57c0::/32
2400:5840::,2400:5840:ffff:ffff:ffff:ffff:ffff:ffff,24005840000000000000000000000000,24005840ffffffffffffffffffffffff,32,中国,,,,,,,,country,,2400:5840::/32
2400:5a00::,2400:5a00:ffff:ffff:ffff:ffff:ffff:ffff,24005a00000000000000000000000000,24005a00ffffffffffffffffffffffff,32,中国,北京,,,,110000,39.904179,116.407387,province,,2400:5a00::/32
2400:5a40::,2400:5a40:ffff:ffff:ffff:ffff:ffff:ffff,24005a40000000000000000000000000,24005a40ffffffffffffffffffffffff,32,中国,,,,,,,,country,,2400:5a40::/32
2400:5a60::,2400:5a60:ffff:ffff:ffff:ffff:ffff:ffff,24005a60000000000000000000000000,24005a60ffffffffffffffffffffffff,32,中国,,,,,,,,country,,2400:5a60::/32
2400:5ac0::,2400:5ac0:ffff:ffff:ffff:ffff:ffff:ffff,24005ac0000000000000000000000000,24005ac0ffffffffffffffffffffffff,32,中国,,,,,,,,country,,2400:5ac0::/32
2400:5b20::,2400:5b20:ffff:ffff:ffff:ffff:ffff:ffff,24005b20000000000000000000000000,24005b20ffffffffffffffffffffffff,32,中国香港,香港,,,香港,,,,country,,2400:5b20::/32
2400:5b40::,2400:5b40:ffff:ffff:ffff:ffff:ffff:ffff,24005b40000000000000000000000000,24005b40ffffffffffffffffffffffff,32,中国,,,,,,,,country,,2400:5b40::/32
2400:5bc0::,2400:5bc0:ffff:ffff:ffff:ffff:ffff:ffff,24005bc0000000000000000000000000,24005bc0ffffffffffffffffffffffff,32,中国,,,,,,,,country,,2400:5bc0::/32
2400:5c40::,2400:5c40:ffff:ffff:ffff:ffff:ffff:ffff,24005c40000000000000000000000000,24005c40ffffffffffffffffffffffff,32,中国,,,,,,,,country,,2400:5c40::/32
2400:5c80::,2400:5c80:ffff:ffff:ffff:ffff:ffff:ffff,24005c80000000000000000000000000,24005c80ffffffffffffffffffffffff,32,中国,上海,,,,310000,31.230525,121.473667,province,,2400:5c80::/32
2400:5cc0::,2400:5cc0:ffff:ffff:ffff:ffff:ffff:ffff,24005cc0000000000000000000000000,24005cc0ffffffffffffffffffffffff,32,中国,,,,,,,,country,,2400:5cc0::/32
2400:5e20::,2400:5e20:ffff:ffff:ffff:ffff:ffff:ffff,24005e20000000000000000000000000,24005e20ffffffffffffffffffffffff,32,中国,,,,,,,,country,,2400:5e20::/32
2400:5e80::,2400:5e80:ffff:ffff:ffff:ffff:ffff:ffff,24005e80000000000000000000000000,24005e80ffffffffffffffffffffffff,32,中国,广东,广州,,,440100,23.130061,113.264499,city,,2400:5e80::/32
2400:5ea0::,2400:5ea0:ffff:ffff:ffff:ffff:ffff:ffff,24005ea0000000000000000000000000,24005ea0ffffffffffffffffffffffff,32,中国台湾,台湾,,,台湾,,,,country,,2400:5ea0::/32
2400:5ee0::,2400:5ee0:ffff:ffff:ffff:ffff:ffff:ffff,24005ee0000000000000000000000000,24005ee0ffffffffffffffffffffffff,32,中国,,,,,,,,country,,2400:5ee0::/32
2400:5f60::,2400:5f60:ffff:ffff:ffff:ffff:ffff:ffff,24005f60000000000000000000000000,24005f60ffffffffffffffffffffffff,32,中国,,,,,,,,country,,2400:5f60::/32
2400:5f80::,2400:5f80:ffff:ffff:ffff:ffff:ffff:ffff,24005f80000000000000000000000000,24005f80ffffffffffffffffffffffff,32,中国香港,香港,,,香港,,,,country,,2400:5f80::/32
2400:5fc0::,2400:5fc0:ffff:ffff:ffff:ffff:ffff:ffff,24005fc0000000000000000000000000,24005fc0ffffffffffffffffffffffff,32,中国,,,,,,,,country,,2400:5fc0::/32
2400:6000::,2400:6000:ffff:ffff:ffff:ffff:ffff:ffff,24006000000000000000000000000000,24006000ffffffffffffffffffffffff,32,中国,广东,广州,,教育网,440100,23.130061,113.264499,city,,2400:6000::/32
2400:6040::,2400:6040:ffff:ffff:ffff:ffff:ffff:ffff,24006040000000000000000000000000,24006040ffffffffffffffffffffffff,32,中国,,,,,,,,country,,2400:6040::/32
2400:60c0::,2400:60c0:ffff:ffff:ffff:ffff:ffff:ffff,240060c0000000000000000000000000,240060c0ffffffffffffffffffffffff,32,中国,,,,,,,,country,,2400:60c0::/32
2400:61a0::,2400:61a0:ffff:ffff:ffff:ffff:ffff:ffff,240061a0000000000000000000000000,240061a0ffffffffffffffffffffffff,32,中国台湾,台湾,,,台湾,,,,country,,2400:61a0::/32
2400:61c0::,2400:61c0:ffff:ffff:ffff:ffff:ffff:ffff,240061c0000000000000000000000000,240061c0ffffffffffffffffffffffff,32,中国,,,,,,,,country,,2400:61c0::/32
2400:6200::,2400:6200:ffff:ffff:ffff:ffff:ffff:ffff,24006200000000000000000000000000,24006200ffffffffffffffffffffffff,32,中国,湖北,武汉,,,420100,30.593354,114.304569,city,,2400:6200::/32
2400:62e0::,2400:62e0:ffff:ffff:ffff:ffff:ffff:ffff,240062e0000000000000000000000000,240062e0ffffffffffffffffffffffff,32,中国台湾,台湾,,,台湾,,,,country,,2400:62e0::/32
2400:63e0::,2400:63e0:ffff:ffff:ffff:ffff:ffff:ffff,240063e0000000000000000000000000,240063e0ffffffffffffffffffffffff,32,中国台湾,台湾,,,台湾,,,,country,,2400:63e0::/32
2400:6460::,2400:6460:ffff:ffff:ffff:ffff:ffff:ffff,24006460000000000000000000000000,24006460ffffffffffffffffffffffff,32,中国香港,香港,,,香港,,,,country,,2400:6460::/32
2400:6600::,2400:6600:ffff:ffff:ffff:ffff:ffff:ffff,24006600000000000000000000000000,24006600ffffffffffffffffffffffff,32,中国,上海,,,,310000,31.230525,121.473667,province,,2400:6600::/32
2400:6640::,2400:6640:ffff:ffff:ffff:ffff:ffff:ffff,24006640000000000000000000000000,24006640ffffffffffffffffffffffff,32,中国,,,,,,,,country,,2400:6640::/32
2400:66a0::,2400:66a0:ffff:ffff:ffff:ffff:ffff:ffff,240066a0000000000000000000000000,240066a0ffffffffffffffffffffffff,32,中国,,,,,,,,country,,2400:66a0::/32
2400:66c0::,2400:66c0:ffff:ffff:ffff:ffff:ffff:ffff,240066c0000000000000000000000000,240066c0ffffffffffffffffffffffff,32,中国,,,,,,,,country,,2400:66c0::/32
2400:66e0::,2400:66e0:ffff:ffff:ffff:ffff:ffff:ffff,240066e0000000000000000000000000,240066e0ffffffffffffffffffffffff,32,中国,,,,,,,,country,,2400:66e0::/32
2400:6740::,2400:6740:ffff:ffff:ffff:ffff:ffff:ffff,24006740000000000000000000000000,24006740ffffffffffffffffffffffff,32,中国,,,,,,,,country,,2400:6740::/32
2400:67a0::,2400:67a0:ffff:ffff:ffff:ffff:ffff:ffff,240067a0000000000000000000000000,240067a0ffffffffffffffffffffffff,32,中国,,,,,,,,country,,2400:67a0::/32
2400:67c0::,2400:67c0:ffff:ffff:ffff:ffff:ffff:ffff,240067c0000000000000000000000000,240067c0ffffffffffffffffffffffff,32,中国,,,,,,,,country,,2400:67c0::/32
2400:6840::,2400:6840:ffff:ffff:ffff:ffff:ffff:ffff,24006840000000000000000000000000,24006840ffffffffffffffffffffffff,32,中国,,,,,,,,country,,2400:6840::/32
2400:68c0::,2400:68c0:ffff:ffff:ffff:ffff:ffff:ffff,240068c0000000000000000000000000,240068c0ffffffffffffffffffffffff,32,中国,,,,,,,,country,,2400:68c0::/32
2400:6940::,2400:6940:ffff:ffff:ffff:ffff:ffff:ffff,24006940000000000000000000000000,24006940ffffffffffffffffffffffff,32,中国,,,,,,,,country,,2400:6940::/32
2400:6960::,2400:6960:ffff:ffff:ffff:ffff:ffff:ffff,24006960000000000000000000000000,24006960ffffffffffffffffffffffff,32,中国台湾,台湾,,,台湾,,,,country,,2400:6960::/32
2400:69c0::,2400:69c0:ffff:ffff:ffff:ffff:ffff:ffff,240069c0000000000000000000000000,240069c0ffffffffffffffffffffffff,32,中国,,,,,,,,country,,2400:69c0::/32
2400:6a00::,2400:6a00:ffff:ffff:ffff:ffff:ffff:ffff,24006a00000000000000000000000000,24006a00ffffffffffffffffffffffff,32,中国,上海,,,,310000,31.230525,121.473667,province,,2400:6a00::/32
2400:6a40::,2400:6a40:ffff:ffff:ffff:ffff:ffff:ffff,24006a40000000000000000000000000,24006a40ffffffffffffffffffffffff,32,中国,,,,,,,,country,,2400:6a40::/32
2400:6ac0::,2400:6ac0:ffff:ffff:ffff:ffff:ffff:ffff,24006ac0000000000000000000000000,24006ac0ffffffffffffffffffffffff,32,中国,,,,,,,,country,,2400:6ac0::/32
2400:6b40::,2400:6b40:ffff:ffff:ffff:ffff:ffff:ffff,24006b40000000000000000000000000,24006b40ffffffffffffffffffffffff,32,中国,,,,,,,,country,,2400:6b40::/32
2400:6bc0::,2400:6bc0:ffff:ffff:ffff:ffff:ffff:ffff,24006bc0000000000000000000000000,24006bc0ffffffffffffffffffffffff,32,中国,,,,,,,,country,,2400:6bc0::/32
2400:6c40::,2400:6c40:ffff:ffff:ffff:ffff:ffff:ffff,24006c40000000000000000000000000,24006c40ffffffffffffffffffffffff,32,中国,,,,,,,,country,,2400:6c40::/32
2400:6c80::,2400:6c80:ffff:ffff:ffff:ffff:ffff:ffff,24006c80000000000000000000000000,24006c80ffffffffffffffffffffffff,32,中国香港,香港,,,香港,,,,country,,2400:6c80::/32
2400:6cc0::,2400:6cc0:ffff:ffff:ffff:ffff:ffff:ffff,24006cc0000000000000000000000000,24006cc0ffffffffffffffffffffffff,32,中国,,,,,,,,country,,2400:6cc0::/32
2400:6d40::,2400:6d40:ffff:ffff:ffff:ffff:ffff:ffff,24006d40000000000000000000000000,24006d40ffffffffffffffffffffffff,32,中国,,,,,,,,country,,2400:6d40::/32
2400:6d60::,2400:6d60:ffff:ffff:ffff:ffff:ffff:ffff,24006d60000000000000000000000000,24006d60ffffffffffffffffffffffff,32,中国香港,香港,,,香港,,,,country,,2400:6d60::/32
2400:6da0::,2400:6da0:ffff:ffff:ffff:ffff:ffff:ffff,24006da0000000000000000000000000,24006da0ffffffffffffffffffffffff,32,中国,,,,,,,,country,,2400:6da0::/32
2400:6dc0::,2400:6dc0:ffff:ffff:ffff:ffff:ffff:ffff,24006dc0000000000000000000000000,24006dc0ffffffffffffffffffffffff,32,中国,,,,,,,,country,,2400:6dc0::/32
2400:6e00::,2400:6e00:ffff:ffff:ffff:ffff:ffff:ffff,24006e00000000000000000000000000,24006e00ffffffffffffffffffffffff,32,中国,北京,,,,110000,39.904179,116.407387,province,,2400:6e00::/32
2400:6e40::,2400:6e40:ffff:ffff:ffff:ffff:ffff:ffff,24006e40000000000000000000000000,24006e40ffffffffffffffffffffffff,32,中国,,,,,,,,country,,2400:6e40::/32
2400:6e60::,2400:6e60:ffff:ffff:ffff:ffff:ffff:ffff,24006e60000000000000000000000000,24006e60ffffffffffffffffffffffff,32,中国,,,,,,,,country,,2400:6e60::/32
2400:6ec0::,2400:6ec0:ffff:ffff:ffff:ffff:ffff:ffff,24006ec0000000000000000000000000,24006ec0ffffffffffffffffffffffff,32,中国,,,,,,,,country,,2400:6ec0::/32
2400:6f40::,2400:6f40:ffff:ffff:ffff:ffff:ffff:ffff,24006f40000000000000000000000000,24006f40ffffffffffffffffffffffff,32,中国,,,,,,,,country,,2400:6f40::/32
2400:6f80::,2400:6f80:ffff:ffff:ffff:ffff:ffff:ffff,24006f80000000000000000000000000,24006f80ffffffffffffffffffffffff,32,中国,山东,烟台,,,370600,37.464551,121.447755,city,,2400:6f80::/32
2400:6fc0::,2400:6fc0:ffff:ffff:ffff:ffff:ffff:ffff,24006fc0000000000000000000000000,24006fc0ffffffffffffffffffffffff,32,中国,,,,,,,,country,,2400:6fc0::/32
2400:7000::,2400:7000:ffff:ffff:ffff:ffff:ffff:ffff,24007000000000000000000000000000,24007000ffffffffffffffffffffffff,32,中国台湾,台湾,,,台湾,,,,country,,2400:7000::/32
2400:7040::,2400:7040:ffff:ffff:ffff:ffff:ffff:ffff,24007040000000000000000000000000,24007040ffffffffffffffffffffffff,32,中国,,,,,,,,country,,2400:7040::/32
2400:70a0::,2400:70a0:ffff:ffff:ffff:ffff:ffff:ffff,240070a0000000000000000000000000,240070a0ffffffffffffffffffffffff,32,中国,,,,,,,,country,,2400:70a0::/32
2400:70e0::,2400:70e0:ffff:ffff:ffff:ffff:ffff:ffff,240070e0000000000000000000000000,240070e0ffffffffffffffffffffffff,32,中国台湾,台湾,,,台湾,,,,country,,2400:70e0::/32
2400:7100::,2400:7100:ffff:ffff:ffff:ffff:ffff:ffff,24007100000000000000000000000000,24007100ffffffffffffffffffffffff,32,中国,河北,石家庄,,,130100,38.042007,114.514976,city,,2400:7100::/32
2400:7140::,2400:7140:ffff:ffff:ffff:ffff:ffff:ffff,24007140000000000000000000000000,24007140ffffffffffffffffffffffff,32,中国,,,,,,,,country,,2400:7140::/32
2400:71a0::,2400:71a0:ffff:ffff:ffff:ffff:ffff:ffff,240071a0000000000000000000000000,240071a0ffffffffffffffffffffffff,32,中国台湾,台湾,,,台湾,,,,country,,2400:71a0::/32
2400:71c0::,2400:71c0:ffff:ffff:ffff:ffff:ffff:ffff,240071c0000000000000000000000000,240071c0ffffffffffffffffffffffff,32,中国,,,,,,,,country,,2400:71c0::/32
2400:7200::,2400:7200:ffff:ffff:ffff:ffff:ffff:ffff,24007200000000000000000000000000,24007200ffffffffffffffffffffffff,32,中国,河南,濮阳,,,410900,35.762731,115.029246,city,,2400:7200::/32
2400:7240::,2400:7240:ffff:ffff:ffff:ffff:ffff:ffff,24007240000000000000000000000000,24007240ffffffffffffffffffffffff,32,中国,,,,,,,,country,,2400:7240::/32
2400:72c0::,2400:72c0:ffff:ffff:ffff:ffff:ffff:ffff,240072c0000000000000000000000000,240072c0ffffffffffffffffffffffff,32,中国,,,,,,,,country,,2400:72c0::/32
2400:72e0::,2400:72e0:ffff:ffff:ffff:ffff:ffff:ffff,240072e0000000000000000000000000,240072e0ffffffffffffffffffffffff,32,中国,,,,,,,,country,,2400:72e0::/32
2400:7300::,2400:7300:ffff:ffff:ffff:ffff:ffff:ffff,24007300000000000000000000000000,24007300ffffffffffffffffffffffff,32,中国香港,香港,,,香港,,,,country,,2400:7300::/32
2400:7340::,2400:7340:ffff:ffff:ffff:ffff:ffff:ffff,24007340000000000000000000000000,24007340ffffffffffffffffffffffff,32,中国,,,,,,,,country,,2400:7340::/32
2400:73c0::,2400:73c0:ffff:ffff:ffff:ffff:ffff:ffff,240073c0000000000000000000000000,240073c0ffffffffffffffffffffffff,32,中国,,,,,,,,country,,2400:73c0::/32
2400:73e0::,2400:73e0:ffff:ffff:ffff:ffff:ffff:ffff,240073e0000000000000000000000000,240073e0ffffffffffffffffffffffff,32,中国,,,,,,,,country,,2400:73e0::/32
2400:7420::,2400:7420:ffff:ffff:ffff:ffff:ffff:ffff,24007420000000000000000000000000,24007420ffffffffffffffffffffffff,32,中国台湾,台湾,,,台湾,,,,country,,2400:7420::/32
2400:7440::,2400:7440:ffff:ffff:ffff:ffff:ffff:ffff,24007440000000000000000000000000,24007440ffffffffffffffffffffffff,32,中国,,,,,,,,country,,2400:7440::/32
2400:74a0::,2400:74a0:ffff:ffff:ffff:ffff:ffff:ffff,240074a0000000000000000000000000,240074a0ffffffffffffffffffffffff,32,中国香港,香港,,,香港,,,,country,,2400:74a0::/32
2400:74c0::,2400:74c0:ffff:ffff:ffff:ffff:ffff:ffff,240074c0000000000000000000000000,240074c0ffffffffffffffffffffffff,32,中国,,,,,,,,country,,2400:74c0::/32
2400:7540::,2400:7540:ffff:ffff:ffff:ffff:ffff:ffff,24007540000000000000000000000000,24007540ffffffffffffffffffffffff,32,中国,,,,,,,,country,,2400:7540::/32
2400:75a0::,2400:75af:ffff:ffff:ffff:ffff:ffff:ffff,240075a0000000000000000000000000,240075afffffffffffffffffffffffff,28,中国,,,,,,,,country,,2400:75a0::/28
2400:75c0::,2400:75c0:ffff:ffff:ffff:ffff:ffff:ffff,240075c0000000000000000000000000,240075c0ffffffffffffffffffffffff,32,中国,,,,,,,,country,,2400:75c0::/32
2400:7640::,2400:7640:ffff:ffff:ffff:ffff:ffff:ffff,24007640000000000000000000000000,24007640ffffffffffffffffffffffff,32,中国,,,,,,,,country,,2400:7640::/32
2400:7680::,2400:7680:ffff:ffff:ffff:ffff:ffff:ffff,24007680000000000000000000000000,24007680ffffffffffffffffffffffff,32,中国,上海,,,,310000,31.230525,121.473667,province,,2400:7680::/32
2400:76c0::,2400:76c0:ffff:ffff:ffff:ffff:ffff:ffff,240076c0000000000000000000000000,240076c0ffffffffffffffffffffffff,32,中国,,,,,,,,country,,2400:76c0::/32
2400:7740::,2400:7740:ffff:ffff:ffff:ffff:ffff:ffff,24007740000000000000000000000000,24007740ffffffffffffffffffffffff,32,中国,,,,,,,,country,,2400:7740::/32
2400:77c0::,2400:77c0:ffff:ffff:ffff:ffff:ffff:ffff,240077c0000000000000000000000000,240077c0ffffffffffffffffffffffff,32,中国,,,,,,,,country,,2400:77c0::/32
2400:79c0::,2400:79c0:ffff:ffff:ffff:ffff:ffff:ffff,240079c0000000000000000000000000,240079c0ffffffffffffffffffffffff,32,中国,,,,,,,,country,,2400:79c0::/32
2400:7a00::,2400:7a00:ffff:ffff:ffff:ffff:ffff:ffff,24007a00000000000000000000000000,24007a00ffffffffffffffffffffffff,32,中国香港,香港,,,香港,,,,country,,2400:7a00::/32
2400:7ac0::,2400:7ac0:ffff:ffff:ffff:ffff:ffff:ffff,24007ac0000000000000000000000000,24007ac0ffffffffffffffffffffffff,32,中国,,,,,,,,country,,2400:7ac0::/32
2400:7ae0::,2400:7ae0:ffff:ffff:ffff:ffff:ffff:ffff,24007ae0000000000000000000000000,24007ae0ffffffffffffffffffffffff,32,中国,,,,,,,,country,,2400:7ae0::/32
2400:7bc0::,2400:7bc0:ffff:ffff:ffff:ffff:ffff:ffff,24007bc0000000000000000000000000,24007bc0ffffffffffffffffffffffff,32,中国,,,,,,,,country,,2400:7bc0::/32
2400:7ca0::,2400:7ca0:ffff:ffff:ffff:ffff:ffff:ffff,24007ca0000000000000000000000000,24007ca0ffffffffffffffffffffffff,32,中国香港,香港,,,香港,,,,country,,2400:7ca0::/32
2400:7e20::,2400:7e20:ffff:ffff:ffff:ffff:ffff:ffff,24007e20000000000000000000000000,24007e20ffffffffffffffffffffffff,32,中国香港,香港,,,香港,,,,country,,2400:7e20::/32
2400:7e40::,2400:7e40:ffff:ffff:ffff:ffff:ffff:ffff,24007e40000000000000000000000000,24007e40ffffffffffffffffffffffff,32,中国香港,香港,,,香港,,,,country,,2400:7e40::/32
2400:7f80::,2400:7f80:ffff:ffff:ffff:ffff:ffff:ffff,24007f80000000000000000000000000,24007f80ffffffffffffffffffffffff,32,中国,,,,,,,,country,,2400:7f80::/32
2400:7fc0::,2400:7fc0:ffff:ffff:ffff:ffff:ffff:ffff,24007fc0000000000000000000000000,24007fc0ffffffffffffffffffffffff,32,中国,北京,,,,110000,39.904179,116.407387,province,,2400:7fc0::/32
2400:8080::,2400:8080:ffff:ffff:ffff:ffff:ffff:ffff,24008080000000000000000000000000,24008080ffffffffffffffffffffffff,32,中国,北京,,,,110000,39.904179,116.407387,province,,2400:8080::/32
2400:8200::,2400:8200:ffff:ffff:ffff:ffff:ffff:ffff,24008200000000000000000000000000,24008200ffffffffffffffffffffffff,32,中国,上海,,,,310000,31.230525,121.473667,province,,2400:8200::/32
2400:8201::,2400:8201:ffff:ffff:ffff:ffff:ffff:ffff,24008201000000000000000000000000,24008201ffffffffffffffffffffffff,32,中国,,,,,,,,country,,2400:8201::/32
2400:8260::,2400:8260:ffff:ffff:ffff:ffff:ffff:ffff,24008260000000000000000000000000,24008260ffffffffffffffffffffffff,32,中国台湾,台湾,,,台湾,,,,country,,2400:8260::/32
2400:82c0::,2400:82c0:ffff:ffff:ffff:ffff:ffff:ffff,240082c0000000000000000000000000,240082c0ffffffffffffffffffffffff,32,中国,,,,,,,,country,,2400:82c0::/32
2400:84c0::,2400:84c0:ffff:ffff:ffff:ffff:ffff:ffff,240084c0000000000000000000000000,240084c0ffffffffffffffffffffffff,32,中国香港,香港,,,香港,,,,country,,2400:84c0::/32
2400:8560::,2400:8560:ffff:ffff:ffff:ffff:ffff:ffff,24008560000000000000000000000000,24008560ffffffffffffffffffffffff,32,中国台湾,台湾,,,台湾,,,,country,,2400:8560::/32
2400:8580::,2400:8580:ffff:ffff:ffff:ffff:ffff:ffff,24008580000000000000000000000000,24008580ffffffffffffffffffffffff,32,中国,北京,,,,110000,39.904179,116.407387,province,,2400:8580::/32
2400:85a0::,2400:85a0:ffff:ffff:ffff:ffff:ffff:ffff,240085a0000000000000000000000000,240085a0ffffffffffffffffffffffff,32,中国台湾,台湾,,,台湾,,,,country,,2400:85a0::/32
2400:8600::,2400:8600:ffff:ffff:ffff:ffff:ffff:ffff,24008600000000000000000000000000,24008600ffffffffffffffffffffffff,32,中国,北京,,,,110000,39.904179,116.407387,province,,2400:8600::/32
2400:8640::,2400:8640:ffff:ffff:ffff:ffff:ffff:ffff,24008640000000000000000000000000,24008640ffffffffffffffffffffffff,32,中国香港,香港,,,香港,,,,country,,2400:8640::/32
2400:86a0::,2400:86a0:ffff:ffff:ffff:ffff:ffff:ffff,240086a0000000000000000000000000,240086a0ffffffffffffffffffffffff,32,中国,,,,,,,,country,,2400:86a0::/32
2400:86e0::,2400:86e0:ffff:ffff:ffff:ffff:ffff:ffff,240086e0000000000000000000000000,240086e0ffffffffffffffffffffffff,32,中国,,,,,,,,country,,2400:86e0::/32
2400:8780::,2400:8780:ffff:ffff:ffff:ffff:ffff:ffff,24008780000000000000000000000000,24008780ffffffffffffffffffffffff,32,中国,广东,深圳,,,440300,22.543527,114.057939,city,,2400:8780::/32
2400:87c0::,2400:87c0:ffff:ffff:ffff:ffff:ffff:ffff,240087c0000000000000000000000000,240087c0ffffffffffffffffffffffff,32,中国,,,,,,,,country,,2400:87c0::/32
2400:8800::,2400:8800:ffff:ffff:ffff:ffff:ffff:ffff,24008800000000000000000000000000,24008800ffffffffffffffffffffffff,32,中国香港,香港,,,香港,,,,country,,2400:8800::/32
2400:8840::,2400:8840:ffff:ffff:ffff:ffff:ffff:ffff,24008840000000000000000000000000,24008840ffffffffffffffffffffffff,32,中国,,,,,,,,country,,2400:8840::/32
2400:8920::,2400:8920:ffff:ffff:ffff:ffff:ffff:ffff,24008920000000000000000000000000,24008920ffffffffffffffffffffffff,32,中国,,,,,,,,country,,2400:8920::/32
2400:8980::,2400:8980:ffff:ffff:ffff:ffff:ffff:ffff,24008980000000000000000000000000,24008980ffffffffffffffffffffffff,32,中国,上海,,,,310000,31.230525,121.473667,province,,2400:8980::/32
2400:89c0::,2400:89c0:ffff:ffff:ffff:ffff:ffff:ffff,240089c0000000000000000000000000,240089c0ffffffffffffffffffffffff,32,中国,北京,,,,110000,39.904179,116.407387,province,,2400:89c0::/32
2400:8a20::,2400:8a20:ffff:ffff:ffff:ffff:ffff:ffff,24008a20000000000000000000000000,24008a20ffffffffffffffffffffffff,32,中国香港,香港,,,香港,,,,country,,2400:8a20::/32
2400:8be0::,2400:8be0:ffff:ffff:ffff:ffff:ffff:ffff,24008be0000000000000000000000000,24008be0ffffffffffffffffffffffff,32,中国,,,,,,,,country,,2400:8be0::/32
2400:8ce0::,2400:8ce0:ffff:ffff:ffff:ffff:ffff:ffff,24008ce0000000000000000000000000,24008ce0ffffffffffffffffffffffff,32,中国,,,,,,,,country,,2400:8ce0::/32
2400:8d00::,2400:8d00:ffff:ffff:ffff:ffff:ffff:ffff,24008d00000000000000000000000000,24008d00ffffffffffffffffffffffff,32,中国香港,香港,,,香港,,,,country,,2400:8d00::/32
2400:8da0::,2400:8da0:ffff:ffff:ffff:ffff:ffff:ffff,24008da0000000000000000000000000,24008da0ffffffffffffffffffffffff,32,中国香港,香港,,,香港,,,,country,,2400:8da0::/32
2400:8e00::,2400:8e00:ffff:ffff:ffff:ffff:ffff:ffff,24008e00000000000000000000000000,24008e00ffffffffffffffffffffffff,32,中国,辽宁,盘锦,,,211100,40.71956,122.170729,city,,2400:8e00::/32
2400:8e60::,2400:8e60:ffff:ffff:ffff:ffff:ffff:ffff,24008e60000000000000000000000000,24008e60ffffffffffffffffffffffff,32,中国,,,,,,,,country,,2400:8e60::/32
2400:8f00::,2400:8f00:ffff:ffff:ffff:ffff:ffff:ffff,24008f00000000000000000000000000,24008f00ffffffffffffffffffffffff,32,中国,北京,,,,110000,39.904179,116.407387,province,,2400:8f00::/32
2400:8f60::,2400:8f60:ffff:ffff:ffff:ffff:ffff:ffff,24008f60000000000000000000000000,24008f60ffffffffffffffffffffffff,32,中国,,,,,,,,country,,2400:8f60::/32
2400:8fc0::,2400:8fc0:ffff:ffff:ffff:ffff:ffff:ffff,24008fc0000000000000000000000000,24008fc0ffffffffffffffffffffffff,32,中国,,,,,,,,country,,2400:8fc0::/32
2400:9020::,2400:9020:ffff:ffff:ffff:ffff:ffff:ffff,24009020000000000000000000000000,24009020ffffffffffffffffffffffff,32,中国,,,,,,,,country,,2400:9020::/32
2400:9040::,2400:9040:ffff:ffff:ffff:ffff:ffff:ffff,24009040000000000000000000000000,24009040ffffffffffffffffffffffff,32,中国,,,,,,,,country,,2400:9040::/32
2400:91e0::,2400:91e0:ffff:ffff:ffff:ffff:ffff:ffff,240091e0000000000000000000000000,240091e0ffffffffffffffffffffffff,32,中国台湾,台湾,,,台湾,,,,country,,2400:91e0::/32
2400:9320::,2400:9320:ffff:ffff:ffff:ffff:ffff:ffff,24009320000000000000000000000000,24009320ffffffffffffffffffffffff,32,中国香港,香港,,,香港,,,,country,,2400:9320::/32
2400:9340::,2400:9340:ffff:ffff:ffff:ffff:ffff:ffff,24009340000000000000000000000000,24009340ffffffffffffffffffffffff,32,中国,北京,,,,110000,39.904179,116.407387,province,,2400:9340::/32
2400:9360::,2400:9360:ffff:ffff:ffff:ffff:ffff:ffff,24009360000000000000000000000000,24009360ffffffffffffffffffffffff,32,中国台湾,台湾,,,台湾,,,,country,,2400:9360::/32
2400:9380::,2400:9381:ffff:ffff:ffff:ffff:ffff:ffff,24009380000000000000000000000000,24009381ffffffffffffffffffffffff,31,中国香港,香港,,,香港,,,,country,,2400:9380::/31
2400:93a0::,2400:93a0:ffff:ffff:ffff:ffff:ffff:ffff,240093a0000000000000000000000000,240093a0ffffffffffffffffffffffff,32,中国台湾,台湾,,,台湾,,,,country,,2400:93a0::/32
2400:93e0::,2400:93e0:ffff:ffff:ffff:ffff:ffff:ffff,240093e0000000000000000000000000,240093e0ffffffffffffffffffffffff,32,中国,,,,,,,,country,,2400:93e0::/32
2400:9520::,2400:9520:ffff:ffff:ffff:ffff:ffff:ffff,24009520000000000000000000000000,24009520ffffffffffffffffffffffff,32,中国,,,,,,,,country,,2400:9520::/32
2400:9580::,2400:9580:ffff:ffff:ffff:ffff:ffff:ffff,24009580000000000000000000000000,24009580ffffffffffffffffffffffff,32,中国,北京,,,,110000,39.904179,116.407387,province,,2400:9580::/32
2400:95c0::,2400:95c0:ffff:ffff:ffff:ffff:ffff:ffff,240095c0000000000000000000000000,240095c0ffffffffffffffffffffffff,32,中国,,,,,,,,country,,2400:95c0::/32
2400:95e0::,2400:95e0:ffff:ffff:ffff:ffff:ffff:ffff,240095e0000000000000000000000000,240095e0ffffffffffffffffffffffff,32,中国,,,,,,,,country,,2400:95e0::/32
2400:9600::,2400:9600:ffff:ffff:ffff:ffff:ffff:ffff,24009600000000000000000000000000,24009600ffffffffffffffffffffffff,32,中国,上海,,,,310000,31.230525,121.473667,province,,2400:9600::/32
2400:9620::,2400:9620:ffff:ffff:ffff:ffff:ffff:ffff,24009620000000000000000000000000,24009620ffffffffffffffffffffffff,32,中国,,,,,,,,country,,2400:9620::/32
2400:98c0::,2400:98c0:ffff:ffff:ffff:ffff:ffff:ffff,240098c0000000000000000000000000,240098c0ffffffffffffffffffffffff,32,中国,,,,,,,,country,,2400:98c0::/32
2400:9960::,2400:9960:ffff:ffff:ffff:ffff:ffff:ffff,24009960000000000000000000000000,24009960ffffffffffffffffffffffff,32,中国,,,,,,,,country,,2400:9960::/32
2400:99e0::,2400:99e0:ffff:ffff:ffff:ffff:ffff:ffff,240099e0000000000000000000000000,240099e0ffffffffffffffffffffffff,32,中国,,,,,,,,country,,2400:99e0::/32
2400:9a00::,2400:9a00:ffff:ffff:ffff:ffff:ffff:ffff,24009a00000000000000000000000000,24009a00ffffffffffffffffffffffff,32,中国,北京,,,,110000,39.904179,116.407387,province,,2400:9a00::/32
2400:9ca0::,2400:9ca0:ffff:ffff:ffff:ffff:ffff:ffff,24009ca0000000000000000000000000,24009ca0ffffffffffffffffffffffff,32,中国,,,,,,,,country,,2400:9ca0::/32
2400:9e00::,2400:9e00:ffff:ffff:ffff:ffff:ffff:ffff,24009e00000000000000000000000000,24009e00ffffffffffffffffffffffff,32,中国,北京,,,,110000,39.904179,116.407387,province,,2400:9e00::/32
2400:a040::,2400:a040:ffff:ffff:ffff:ffff:ffff:ffff,2400a040000000000000000000000000,2400a040ffffffffffffffffffffffff,32,中国,上海,,,,310000,31.230525,121.473667,province,,2400:a040::/32
2400:a320::,2400:a320:ffff:ffff:ffff:ffff:ffff:ffff,2400a320000000000000000000000000,2400a320ffffffffffffffffffffffff,32,中国,,,,,,,,country,,2400:a320::/32
2400:a380::,2400:a380:ffff:ffff:ffff:ffff:ffff:ffff,2400a380000000000000000000000000,2400a380ffffffffffffffffffffffff,32,中国,河北,廊坊,广阳,,131003,39.52343,116.710667,district,,2400:a380::/32
2400:a420::,2400:a420:ffff:ffff:ffff:ffff:ffff:ffff,2400a420000000000000000000000000,2400a420ffffffffffffffffffffffff,32,中国,,,,,,,,country,,2400:a420::/32
2400:a480::,2400:a480:ffff:ffff:ffff:ffff:ffff:ffff,2400a480000000000000000000000000,2400a480ffffffffffffffffffffffff,32,中国,河南,郑州,,,410100,34.746303,113.625351,city,,2400:a480::/32
2400:a5a0::,2400:a5a0:ffff:ffff:ffff:ffff:ffff:ffff,2400a5a0000000000000000000000000,2400a5a0ffffffffffffffffffffffff,32,中国,,,,,,,,country,,2400:a5a0::/32
2400:a6a0::,2400:a6a0:ffff:ffff:ffff:ffff:ffff:ffff,2400a6a0000000000000000000000000,2400a6a0ffffffffffffffffffffffff,32,中国,,,,,,,,country,,2400:a6a0::/32
2400:a780::,2400:a780:ffff:ffff:ffff:ffff:ffff:ffff,2400a780000000000000000000000000,2400a780ffffffffffffffffffffffff,32,中国,北京,,,,110000,39.904179,116.407387,province,,2400:a780::/32
2400:a860::,2400:a860:ffff:ffff:ffff:ffff:ffff:ffff,2400a860000000000000000000000000,2400a860ffffffffffffffffffffffff,32,中国,,,,,,,,country,,2400:a860::/32
2400:a8a0::,2400:a8a0:ffff:ffff:ffff:ffff:ffff:ffff,2400a8a0000000000000000000000000,2400a8a0ffffffffffffffffffffffff,32,中国,,,,,,,,country,,2400:a8a0::/32
2400:a8c0::,2400:a8c0:ffff:ffff:ffff:ffff:ffff:ffff,2400a8c0000000000000000000000000,2400a8c0ffffffffffffffffffffffff,32,中国,,,,,,,,country,,2400:a8c0::/32
2400:a900::,2400:a900:ffff:ffff:ffff:ffff:ffff:ffff,2400a900000000000000000000000000,2400a900ffffffffffffffffffffffff,32,中国,北京,,,,110000,39.904179,116.407387,province,,2400:a900::/32
2400:a980::,2400:a980:ffff:ffff:ffff:ffff:ffff:ffff,2400a980000000000000000000000000,2400a980ffffffffffffffffffffffff,32,中国,北京,,,,110000,39.904179,116.407387,province,,2400:a980::/32
2400:a981::,2400:a981:ffff:ffff:ffff:ffff:ffff:ffff,2400a981000000000000000000000000,2400a981ffffffffffffffffffffffff,32,中国,,,,,,,,country,,2400:a981::/32
2400:a982::,2400:a983:ffff:ffff:ffff:ffff:ffff:ffff,2400a982000000000000000000000000,2400a983ffffffffffffffffffffffff,31,中国,,,,,,,,country,,2400:a982::/31
2400:a984::,2400:a987:ffff:ffff:ffff:ffff:ffff:ffff,2400a984000000000000000000000000,2400a987ffffffffffffffffffffffff,30,中国,,,,,,,,country,,2400:a984::/30
2400:a9a0::,2400:a9a0:ffff:ffff:ffff:ffff:ffff:ffff,2400a9a0000000000000000000000000,2400a9a0ffffffffffffffffffffffff,32,中国,,,,,,,,country,,2400:a9a0::/32
2400:aa80::,2400:aa80:ffff:ffff:ffff:ffff:ffff:ffff,2400aa80000000000000000000000000,2400aa80ffffffffffffffffffffffff,32,中国台湾,台湾,,,台湾,,,,country,,2400:aa80::/32
2400:aae0::,2400:aae0:ffff:ffff:ffff:ffff:ffff:ffff,2400aae0000000000000000000000000,2400aae0ffffffffffffffffffffffff,32,中国澳门,澳门,,,澳门,,,,country,,2400:aae0::/32
2400:abc0::,2400:abc0:ffff:ffff:ffff:ffff:ffff:ffff,2400abc0000000000000000000000000,2400abc0ffffffffffffffffffffffff,32,中国,,,,,,,,country,,2400:abc0::/32
2400:ad20::,2400:ad20:ffff:ffff:ffff:ffff:ffff:ffff,2400ad20000000000000000000000000,2400ad20ffffffffffffffffffffffff,32,中国台湾,台湾,,,台湾,,,,country,,2400:ad20::/32
2400:ae00::,2400:ae00:ffff:ffff:ffff:ffff:ffff:ffff,2400ae00000000000000000000000000,2400ae00ffffffffffffffffffffffff,32,中国,北京,,,,110000,39.904179,116.407387,province,,2400:ae00::/32
2400:b0a0::,2400:b0a0:ffff:ffff:ffff:ffff:ffff:ffff,2400b0a0000000000000000000000000,2400b0a0ffffffffffffffffffffffff,32,中国台湾,台湾,,,台湾,,,,country,,2400:b0a0::/32
2400:b1c0::,2400:b1c0:ffff:ffff:ffff:ffff:ffff:ffff,2400b1c0000000000000000000000000,2400b1c0ffffffffffffffffffffffff,32,中国香港,香港,,,香港,,,,country,,2400:b1c0::/32
2400:b200::,2400:b200:ffff:ffff:ffff:ffff:ffff:ffff,2400b200000000000000000000000000,2400b200ffffffffffffffffffffffff,32,中国,广东,深圳,,,440300,22.543527,114.057939,city,,2400:b200::/32
2400:b380::,2400:b380:ffff:ffff:ffff:ffff:ffff:ffff,2400b380000000000000000000000000,2400b380ffffffffffffffffffffffff,32,中国台湾,台湾,,,台湾,,,,country,,2400:b380::/32
2400:b3a0::,2400:b3a0:ffff:ffff:ffff:ffff:ffff:ffff,2400b3a0000000000000000000000000,2400b3a0ffffffffffffffffffffffff,32,中国香港,香港,,,香港,,,,country,,2400:b3a0::/32
2400:b480::,2400:b480:ffff:ffff:ffff:ffff:ffff:ffff,2400b480000000000000000000000000,2400b480ffffffffffffffffffffffff,32,中国台湾,台湾,,,台湾,,,,country,,2400:b480::/32
2400:b500::,2400:b500:ffff:ffff:ffff:ffff:ffff:ffff,2400b500000000000000000000000000,2400b500ffffffffffffffffffffffff,32,中国,北京,,,,110000,39.904179,116.407387,province,,2400:b500::/32
2400:b600::,2400:b600:ffff:ffff:ffff:ffff:ffff:ffff,2400b600000000000000000000000000,2400b600ffffffffffffffffffffffff,32,中国,安徽,合肥,,,340100,31.820567,117.227267,city,,2400:b600::/32
2400:b620::,2400:b620:ffff:ffff:ffff:ffff:ffff:ffff,2400b620000000000000000000000000,2400b620ffffffffffffffffffffffff,32,中国,,,,,,,,country,,2400:b620::/32
2400:b6c0::,2400:b6c0:ffff:ffff:ffff:ffff:ffff:ffff,2400b6c0000000000000000000000000,2400b6c0ffffffffffffffffffffffff,32,中国,,,,,,,,country,,2400:b6c0::/32
2400:b700::,2400:b700:ffff:ffff:ffff:ffff:ffff:ffff,2400b700000000000000000000000000,2400b700ffffffffffffffffffffffff,32,中国,北京,,,,110000,39.904179,116.407387,province,,2400:b700::/32
2400:b9a0::,2400:b9a0:ffff:ffff:ffff:ffff:ffff:ffff,2400b9a0000000000000000000000000,2400b9a0ffffffffffffffffffffffff,32,中国,,,,,,,,country,,2400:b9a0::/32
2400:b9c0::,2400:b9c0:ffff:ffff:ffff:ffff:ffff:ffff,2400b9c0000000000000000000000000,2400b9c0ffffffffffffffffffffffff,32,中国,,,,,,,,country,,2400:b9c0::/32
2400:ba00::,2400:ba00:ffff:ffff:ffff:ffff:ffff:ffff,2400ba00000000000000000000000000,2400ba00ffffffffffffffffffffffff,32,中国,上海,,,,310000,31.230525,121.473667,province,,2400:ba00::/32
2400:ba60::,2400:ba60:ffff:ffff:ffff:ffff:ffff:ffff,2400ba60000000000000000000000000,2400ba60ffffffffffffffffffffffff,32,中国台湾,台湾,,,台湾,,,,country,,2400:ba60::/32
2400:bac0::,2400:bac0:ffff:ffff:ffff:ffff:ffff:ffff,2400bac0000000000000000000000000,2400bac0ffffffffffffffffffffffff,32,中国,,,,,,,,country,,2400:bac0::/32
2400:bb20::,2400:bb20:ffff:ffff:ffff:ffff:ffff:ffff,2400bb20000000000000000000000000,2400bb20ffffffffffffffffffffffff,32,中国台湾,台湾,,,台湾,,,,country,,2400:bb20::/32
2400:bbc0::,2400:bbc0:ffff:ffff:ffff:ffff:ffff:ffff,2400bbc0000000000000000000000000,2400bbc0ffffffffffffffffffffffff,32,中国香港,香港,,,香港,,,,country,,2400:bbc0::/32
2400:be00::,2400:be00:ffff:ffff:ffff:ffff:ffff:ffff,2400be00000000000000000000000000,2400be00ffffffffffffffffffffffff,32,中国,北京,,,,110000,39.904179,116.407387,province,,2400:be00::/32
2400:be40::,2400:be40:ffff:ffff:ffff:ffff:ffff:ffff,2400be40000000000000000000000000,2400be40ffffffffffffffffffffffff,32,中国香港,香港,,,香港,,,,country,,2400:be40::/32
2400:be80::,2400:be80:ffff:ffff:ffff:ffff:ffff:ffff,2400be80000000000000000000000000,2400be80ffffffffffffffffffffffff,32,中国香港,香港,,,香港,,,,country,,2400:be80::/32
2400:bea0::,2400:bea0:ffff:ffff:ffff:ffff:ffff:ffff,2400bea0000000000000000000000000,2400bea0ffffffffffffffffffffffff,32,中国台湾,台湾,,,台湾,,,,country,,2400:bea0::/32
2400:bf00::,2400:bf00:ffff:ffff:ffff:ffff:ffff:ffff,2400bf00000000000000000000000000,2400bf00ffffffffffffffffffffffff,32,中国,山东,青岛,,,370200,36.066938,120.382665,city,,2400:bf00::/32
2400:bfa0::,2400:bfa0:ffff:ffff:ffff:ffff:ffff:ffff,2400bfa0000000000000000000000000,2400bfa0ffffffffffffffffffffffff,32,中国台湾,台湾,,,台湾,,,,country,,2400:bfa0::/32
2400:bfc0::,2400:bfc0:ffff:ffff:ffff:ffff:ffff:ffff,2400bfc0000000000000000000000000,2400bfc0ffffffffffffffffffffffff,32,中国香港,香港,,,香港,,,,country,,2400:bfc0::/32
2400:c200::,2400:c200:ffff:ffff:ffff:ffff:ffff:ffff,2400c200000000000000000000000000,2400c200ffffffffffffffffffffffff,32,中国,福建,厦门,,,350200,24.479627,118.08891,city,,2400:c200::/32
2400:c2c0::,2400:c2c0:ffff:ffff:ffff:ffff:ffff:ffff,2400c2c0000000000000000000000000,2400c2c0ffffffffffffffffffffffff,32,中国香港,香港,,,香港,,,,country,,2400:c2c0::/32
2400:c300::,2400:c300:ffff:ffff:ffff:ffff:ffff:ffff,2400c300000000000000000000000000,2400c300ffffffffffffffffffffffff,32,中国香港,香港,,,香港,,,,country,,2400:c300::/32
2400:c380::,2400:c380:ffff:ffff:ffff:ffff:ffff:ffff,2400c380000000000000000000000000,2400c380ffffffffffffffffffffffff,32,中国,天津,,,,120000,39.085318,117.201509,province,,2400:c380::/32
2400:c620::,2400:c620:ffff:ffff:ffff:ffff:ffff:ffff,2400c620000000000000000000000000,2400c620ffffffffffffffffffffffff,32,中国香港,香港,,,香港,,,,country,,2400:c620::/32
2400:c680::,2400:c680:ffff:ffff:ffff:ffff:ffff:ffff,2400c680000000000000000000000000,2400c680ffffffffffffffffffffffff,32,中国香港,香港,,,香港,,,,country,,2400:c680::/32
2400:c800::,2400:c800:ffff:ffff:ffff:ffff:ffff:ffff,2400c800000000000000000000000000,2400c800ffffffffffffffffffffffff,32,中国香港,香港,,,香港,,,,country,,2400:c800::/32
2400:c801::,2400:c801:ffff:ffff:ffff:ffff:ffff:ffff,2400c801000000000000000000000000,2400c801ffffffffffffffffffffffff,32,中国香港,香港,,,香港,,,,country,,2400:c801::/32
2400:c802::,2400:c803:ffff:ffff:ffff:ffff:ffff:ffff,2400c802000000000000000000000000,2400c803ffffffffffffffffffffffff,31,中国香港,香港,,,香港,,,,country,,2400:c802::/31
2400:c804::,2400:c807:ffff:ffff:ffff:ffff:ffff:ffff,2400c804000000000000000000000000,2400c807ffffffffffffffffffffffff,30,中国香港,香港,,,香港,,,,country,,2400:c804::/30
2400:c840::,2400:c840:ffff:ffff:ffff:ffff:ffff:ffff,2400c840000000000000000000000000,2400c840ffffffffffffffffffffffff,32,中国,,,,,,,,country,,2400:c840::/32
2400:c8c0::,2400:c8c0:ffff:ffff:ffff:ffff:ffff:ffff,2400c8c0000000000000000000000000,2400c8c0ffffffffffffffffffffffff,32,中国,,,,,,,,country,,2400:c8c0::/32
2400:c940::,2400:c940:ffff:ffff:ffff:ffff:ffff:ffff,2400c940000000000000000000000000,2400c940ffffffffffffffffffffffff,32,中国,,,,,,,,country,,2400:c940::/32
2400:c9a0::,2400:c9a0:ffff:ffff:ffff:ffff:ffff:ffff,2400c9a0000000000000000000000000,2400c9a0ffffffffffffffffffffffff,32,中国台湾,台湾,,,台湾,,,,country,,2400:c9a0::/32
2400:c9c0::,2400:c9c0:ffff:ffff:ffff:ffff:ffff:ffff,2400c9c0000000000000000000000000,2400c9c0ffffffffffffffffffffffff,32,中国,,,,,,,,country,,2400:c9c0::/32
2400:c9e0::,2400:c9e0:ffff:ffff:ffff:ffff:ffff:ffff,2400c9e0000000000000000000000000,2400c9e0ffffffffffffffffffffffff,32,中国台湾,台湾,,,台湾,,,,country,,2400:c9e0::/32
2400:ca40::,2400:ca40:ffff:ffff:ffff:ffff:ffff:ffff,2400ca40000000000000000000000000,2400ca40ffffffffffffffffffffffff,32,中国,,,,,,,,country,,2400:ca40::/32
2400:cac0::,2400:cac0:ffff:ffff:ffff:ffff:ffff:ffff,2400cac0000000000000000000000000,2400cac0ffffffffffffffffffffffff,32,中国,,,,,,,,country,,2400:cac0::/32
2400:cb40::,2400:cb40:ffff:ffff:ffff:ffff:ffff:ffff,2400cb40000000000000000000000000,2400cb40ffffffffffffffffffffffff,32,中国,,,,,,,,country,,2400:cb40::/32
2400:cb80::,2400:cb80:ffff:ffff:ffff:ffff:ffff:ffff,2400cb80000000000000000000000000,2400cb80ffffffffffffffffffffffff,32,中国,北京,,,,110000,39.904179,116.407387,province,,2400:cb80::/32
2400:cbc0::,2400:cbc0:ffff:ffff:ffff:ffff:ffff:ffff,2400cbc0000000000000000000000000,2400cbc0ffffffffffffffffffffffff,32,中国,,,,,,,,country,,2400:cbc0::/32
2400:cc40::,2400:cc40:ffff:ffff:ffff:ffff:ffff:ffff,2400cc40000000000000000000000000,2400cc40ffffffffffffffffffffffff,32,中国,,,,,,,,country,,2400:cc40::/32
2400:cc80::,2400:cc80:ffff:ffff:ffff:ffff:ffff:ffff,2400cc80000000000000000000000000,2400cc80ffffffffffffffffffffffff,32,中国,北京,,,,110000,39.904179,116.407387,province,,2400:cc80::/32
2400:cca0::,2400:cca0:ffff:ffff:ffff:ffff:ffff:ffff,2400cca0000000000000000000000000,2400cca0ffffffffffffffffffffffff,32,中国香港,香港,,,香港,,,,country,,2400:cca0::/32
2400:ccc0::,2400:ccc0:ffff:ffff:ffff:ffff:ffff:ffff,2400ccc0000000000000000000000000,2400ccc0ffffffffffffffffffffffff,32,中国,,,,,,,,country,,2400:ccc0::/32
2400:cd40::,2400:cd40:ffff:ffff:ffff:ffff:ffff:ffff,2400cd40000000000000000000000000,2400cd40ffffffffffffffffffffffff,32,中国,,,,,,,,country,,2400:cd40::/32
2400:cda0::,2400:cda0:ffff:ffff:ffff:ffff:ffff:ffff,2400cda0000000000000000000000000,2400cda0ffffffffffffffffffffffff,32,中国,,,,,,,,country,,2400:cda0::/32
2400:cdc0::,2400:cdc0:ffff:ffff:ffff:ffff:ffff:ffff,2400cdc0000000000000000000000000,2400cdc0ffffffffffffffffffffffff,32,中国,,,,,,,,country,,2400:cdc0::/32
2400:ce00::,2400:ce00:ffff:ffff:ffff:ffff:ffff:ffff,2400ce00000000000000000000000000,2400ce00ffffffffffffffffffffffff,32,中国,四川,成都,,,510100,30.572961,104.066301,city,,2400:ce00::/32
2400:ce40::,2400:ce40:ffff:ffff:ffff:ffff:ffff:ffff,2400ce40000000000000000000000000,2400ce40ffffffffffffffffffffffff,32,中国,,,,,,,,country,,2400:ce40::/32
2400:cec0::,2400:cec0:ffff:ffff:ffff:ffff:ffff:ffff,2400cec0000000000000000000000000,2400cec0ffffffffffffffffffffffff,32,中国香港,香港,,,香港,,,,country,,2400:cec0::/32
2400:cf20::,2400:cf20:ffff:ffff:ffff:ffff:ffff:ffff,2400cf20000000000000000000000000,2400cf20ffffffffffffffffffffffff,32,中国香港,香港,,,香港,,,,country,,2400:cf20::/32
2400:cf40::,2400:cf40:ffff:ffff:ffff:ffff:ffff:ffff,2400cf40000000000000000000000000,2400cf40ffffffffffffffffffffffff,32,中国,,,,,,,,country,,2400:cf40::/32
2400:cfc0::,2400:cfc0:ffff:ffff:ffff:ffff:ffff:ffff,2400cfc0000000000000000000000000,2400cfc0ffffffffffffffffffffffff,32,中国,,,,,,,,country,,2400:cfc0::/32
2400:d0a0::,2400:d0a0:ffff:ffff:ffff:ffff:ffff:ffff,2400d0a0000000000000000000000000,2400d0a0ffffffffffffffffffffffff,32,中国,,,,,,,,country,,2400:d0a0::/32
2400:d0c0::,2400:d0c0:ffff:ffff:ffff:ffff:ffff:ffff,2400d0c0000000000000000000000000,2400d0c0ffffffffffffffffffffffff,32,中国,,,,,,,,country,,2400:d0c0::/32
2400:d100::,2400:d100:ffff:ffff:ffff:ffff:ffff:ffff,2400d100000000000000000000000000,2400d100ffffffffffffffffffffffff,32,中国,北京,,,,110000,39.904179,116.407387,province,,2400:d100::/32
2400:d160::,2400:d160:ffff:ffff:ffff:ffff:ffff:ffff,2400d160000000000000000000000000,2400d160ffffffffffffffffffffffff,32,中国,,,,,,,,country,,2400:d160::/32
2400:d1c0::,2400:d1c0:ffff:ffff:ffff:ffff:ffff:ffff,2400d1c0000000000000000000000000,2400d1c0ffffffffffffffffffffffff,32,中国,,,,,,,,country,,2400:d1c0::/32
2400:d200::,2400:d200:ffff:ffff:ffff:ffff:ffff:ffff,2400d200000000000000000000000000,2400d200ffffffffffffffffffffffff,32,中国,广东,深圳,,,440300,22.543527,114.057939,city,,2400:d200::/32
2400:d300::,2400:d300:ffff:ffff:ffff:ffff:ffff:ffff,2400d300000000000000000000000000,2400d300ffffffffffffffffffffffff,32,中国,河北,秦皇岛,,,130300,39.888243,119.52022,city,,2400:d300::/32
2400:d440::,2400:d440:ffff:ffff:ffff:ffff:ffff:ffff,2400d440000000000000000000000000,2400d440ffffffffffffffffffffffff,32,中国,,,,,,,,country,,2400:d440::/32
2400:d4a0::,2400:d4a0:ffff:ffff:ffff:ffff:ffff:ffff,2400d4a0000000000000000000000000,2400d4a0ffffffffffffffffffffffff,32,中国台湾,台湾,,,台湾,,,,country,,2400:d4a0::/32
2400:d580::,2400:d580:ffff:ffff:ffff:ffff:ffff:ffff,2400d580000000000000000000000000,2400d580ffffffffffffffffffffffff,32,中国台湾,台湾,,,台湾,,,,country,,2400:d580::/32
2400:d600::,2400:d600:ffff:ffff:ffff:ffff:ffff:ffff,2400d600000000000000000000000000,2400d600ffffffffffffffffffffffff,32,中国,北京,,,,110000,39.904179,116.407387,province,,2400:d600::/32
2400:d6a0::,2400:d6a0:ffff:ffff:ffff:ffff:ffff:ffff,2400d6a0000000000000000000000000,2400d6a0ffffffffffffffffffffffff,32,中国,,,,,,,,country,,2400:d6a0::/32
2400:d6c0::,2400:d6c0:ffff:ffff:ffff:ffff:ffff:ffff,2400d6c0000000000000000000000000,2400d6c0ffffffffffffffffffffffff,32,中国,,,,,,,,country,,2400:d6c0::/32
2400:d700::,2400:d700:ffff:ffff:ffff:ffff:ffff:ffff,2400d700000000000000000000000000,2400d700ffffffffffffffffffffffff,32,中国香港,香港,,,香港,,,,country,,2400:d700::/32
2400:d720::,2400:d720:ffff:ffff:ffff:ffff:ffff:ffff,2400d720000000000000000000000000,2400d720ffffffffffffffffffffffff,32,中国,,,,,,,,country,,2400:d720::/32
2400:d780::,2400:d780:ffff:ffff:ffff:ffff:ffff:ffff,2400d780000000000000000000000000,2400d780ffffffffffffffffffffffff,32,中国,重庆,,,,500000,29.56268,106.551787,province,,2400:d780::/32
2400:d7a0::,2400:d7a0:ffff:ffff:ffff:ffff:ffff:ffff,2400d7a0000000000000000000000000,2400d7a0ffffffffffffffffffffffff,32,中国,,,,,,,,country,,2400:d7a0::/32
2400:da00::,2400:da00:ffff:ffff:ffff:ffff:ffff:ffff,2400da00000000000000000000000000,2400da00ffffffffffffffffffffffff,32,中国,北京,,,,110000,39.904179,116.407387,province,百度云,2400:da00::/32
2400:da60::,2400:da60:ffff:ffff:ffff:ffff:ffff:ffff,2400da60000000000000000000000000,2400da60ffffffffffffffffffffffff,32,中国,,,,,,,,country,,2400:da60::/32
2400:db00::,2400:db00:ffff:ffff:ffff:ffff:ffff:ffff,2400db00000000000000000000000000,2400db00ffffffffffffffffffffffff,32,中国香港,香港,,,香港,,,,country,,2400:db00::/32
2400:dd00::,2400:dd0f:ffff:ffff:ffff:ffff:ffff:ffff,2400dd00000000000000000000000000,2400dd0fffffffffffffffffffffffff,28,中国,新疆,,,,650000,43.793301,87.628579,province,,2400:dd00::/28
2400:dd40::,2400:dd40:ffff:ffff:ffff:ffff:ffff:ffff,2400dd40000000000000000000000000,2400dd40ffffffffffffffffffffffff,32,中国,,,,,,,,country,,2400:dd40::/32
2400:dd60::,2400:dd60:ffff:ffff:ffff:ffff:ffff:ffff,2400dd60000000000000000000000000,2400dd60ffffffffffffffffffffffff,32,中国香港,香港,,,香港,,,,country,,2400:dd60::/32
2400:dda0::,2400:dda0:ffff:ffff:ffff:ffff:ffff:ffff,2400dda0000000000000000000000000,2400dda0ffffffffffffffffffffffff,32,中国,,,,,,,,country,,2400:dda0::/32
2400:de00::,2400:de00:ffff:ffff:ffff:ffff:ffff:ffff,2400de00000000000000000000000000,2400de00ffffffffffffffffffffffff,32,中国,浙江,温州,,,330300,27.993849,120.699279,city,,2400:de00::/32
2400:de80::,2400:de80:ffff:ffff:ffff:ffff:ffff:ffff,2400de80000000000000000000000000,2400de80ffffffffffffffffffffffff,32,中国,北京,,,,110000,39.904179,116.407387,province,,2400:de80::/32
2400:dec0::,2400:dec0:ffff:ffff:ffff:ffff:ffff:ffff,2400dec0000000000000000000000000,2400dec0ffffffffffffffffffffffff,32,中国香港,香港,,,香港,,,,country,,2400:dec0::/32
2400:dee0::,2400:dee0:ffff:ffff:ffff:ffff:ffff:ffff,2400dee0000000000000000000000000,2400dee0ffffffffffffffffffffffff,32,中国,,,,,,,,country,,2400:dee0::/32
2400:df40::,2400:df40:ffff:ffff:ffff:ffff:ffff:ffff,2400df40000000000000000000000000,2400df40ffffffffffffffffffffffff,32,中国台湾,台湾,,,台湾,,,,country,,2400:df40::/32
2400:e040::,2400:e040:ffff:ffff:ffff:ffff:ffff:ffff,2400e040000000000000000000000000,2400e040ffffffffffffffffffffffff,32,中国香港,香港,,,香港,,,,country,,2400:e040::/32
2400:e0c0::,2400:e0c0:ffff:ffff:ffff:ffff:ffff:ffff,2400e0c0000000000000000000000000,2400e0c0ffffffffffffffffffffffff,32,中国,,,,,,,,country,,2400:e0c0::/32
2400:e3e0::,2400:e3e0:ffff:ffff:ffff:ffff:ffff:ffff,2400e3e0000000000000000000000000,2400e3e0ffffffffffffffffffffffff,32,中国香港,香港,,,香港,,,,country,,2400:e3e0::/32
2400:e480::,2400:e480:ffff:ffff:ffff:ffff:ffff:ffff,2400e480000000000000000000000000,2400e480ffffffffffffffffffffffff,32,中国台湾,台湾,,,台湾,,,,country,,2400:e480::/32
2400:e680::,2400:e680:ffff:ffff:ffff:ffff:ffff:ffff,2400e680000000000000000000000000,2400e680ffffffffffffffffffffffff,32,中国,山西,太原,,,140100,37.870451,112.549656,city,,2400:e680::/32
2400:e760::,2400:e760:ffff:ffff:ffff:ffff:ffff:ffff,2400e760000000000000000000000000,2400e760ffffffffffffffffffffffff,32,中国香港,香港,,,香港,,,,country,,2400:e760::/32
2400:e7c0::,2400:e7c0:ffff:ffff:ffff:ffff:ffff:ffff,2400e7c0000000000000000000000000,2400e7c0ffffffffffffffffffffffff,32,中国香港,香港,,,香港,,,,country,,2400:e7c0::/32
2400:e7e0::,2400:e7e0:ffff:ffff:ffff:ffff:ffff:ffff,2400e7e0000000000000000000000000,2400e7e0ffffffffffffffffffffffff,32,中国,,,,,,,,country,,2400:e7e0::/32
2400:e840::,2400:e840:ffff:ffff:ffff:ffff:ffff:ffff,2400e840000000000000000000000000,2400e840ffffffffffffffffffffffff,32,中国香港,香港,,,香港,,,,country,,2400:e840::/32
2400:e880::,2400:e880:ffff:ffff:ffff:ffff:ffff:ffff,2400e880000000000000000000000000,2400e880ffffffffffffffffffffffff,32,中国,湖北,武汉,,,420100,30.593354,114.304569,city,,2400:e880::/32
2400:ebc0::,2400:ebc0:ffff:ffff:ffff:ffff:ffff:ffff,2400ebc0000000000000000000000000,2400ebc0ffffffffffffffffffffffff,32,中国,云南,昆明,,,530100,24.88149,102.833669,city,,2400:ebc0::/32
2400:ebe0::,2400:ebe0:ffff:ffff:ffff:ffff:ffff:ffff,2400ebe0000000000000000000000000,2400ebe0ffffffffffffffffffffffff,32,中国台湾,台湾,,,台湾,,,,country,,2400:ebe0::/32
2400:ed60::,2400:ed60:ffff:ffff:ffff:ffff:ffff:ffff,2400ed60000000000000000000000000,2400ed60ffffffffffffffffffffffff,32,中国,,,,,,,,country,,2400:ed60::/32
2400:eda0::,2400:eda0:ffff:ffff:ffff:ffff:ffff:ffff,2400eda0000000000000000000000000,2400eda0ffffffffffffffffffffffff,32,中国,,,,,,,,country,,2400:eda0::/32
2400:edc0::,2400:edc0:ffff:ffff:ffff:ffff:ffff:ffff,2400edc0000000000000000000000000,2400edc0ffffffffffffffffffffffff,32,中国,,,,,,,,country,,2400:edc0::/32
2400:ede0::,2400:ede0:ffff:ffff:ffff:ffff:ffff:ffff,2400ede0000000000000000000000000,2400ede0ffffffffffffffffffffffff,32,中国香港,香港,,,香港,,,,country,,2400:ede0::/32
2400:ee00::,2400:ee00:ffff:ffff:ffff:ffff:ffff:ffff,2400ee00000000000000000000000000,2400ee00ffffffffffffffffffffffff,32,中国,广东,深圳,,,440300,22.543527,114.057939,city,,2400:ee00::/32
2400:ee40::,2400:ee40:ffff:ffff:ffff:ffff:ffff:ffff,2400ee40000000000000000000000000,2400ee40ffffffffffffffffffffffff,32,中国香港,香港,,,香港,,,,country,,2400:ee40::/32
2400:eec0::,2400:eec0:ffff:ffff:ffff:ffff:ffff:ffff,2400eec0000000000000000000000000,2400eec0ffffffffffffffffffffffff,32,中国,,,,,,,,country,,2400:eec0::/32
2400:ef00::,2400:ef00:ffff:ffff:ffff:ffff:ffff:ffff,2400ef00000000000000000000000000,2400ef00ffffffffffffffffffffffff,32,中国香港,香港,,,香港,,,,country,,2400:ef00::/32
2400:ef40::,2400:ef40:ffff:ffff:ffff:ffff:ffff:ffff,2400ef40000000000000000000000000,2400ef40ffffffffffffffffffffffff,32,中国,,,,,,,,country,,2400:ef40::/32
2400:f000::,2400:f000:ffff:ffff:ffff:ffff:ffff:ffff,2400f000000000000000000000000000,2400f000ffffffffffffffffffffffff,32,中国香港,香港,,,香港,,,,country,,2400:f000::/32
2400:f100::,2400:f100:ffff:ffff:ffff:ffff:ffff:ffff,2400f100000000000000000000000000,2400f100ffffffffffffffffffffffff,32,中国香港,香港,,,香港,,,,country,,2400:f100::/32
2400:f420::,2400:f420:ffff:ffff:ffff:ffff:ffff:ffff,2400f420000000000000000000000000,2400f420ffffffffffffffffffffffff,32,中国台湾,台湾,,,台湾,,,,country,,2400:f420::/32
2400:f480::,2400:f480:ffff:ffff:ffff:ffff:ffff:ffff,2400f480000000000000000000000000,2400f480ffffffffffffffffffffffff,32,中国,天津,,,,120000,39.085318,117.201509,province,,2400:f480::/32
2400:f520::,2400:f520:ffff:ffff:ffff:ffff:ffff:ffff,2400f520000000000000000000000000,2400f520ffffffffffffffffffffffff,32,中国台湾,台湾,,,台湾,,,,country,,2400:f520::/32
2400:f5c0::,2400:f5c0:ffff:ffff:ffff:ffff:ffff:ffff,2400f5c0000000000000000000000000,2400f5c0ffffffffffffffffffffffff,32,中国,,,,,,,,country,,2400:f5c0::/32
2400:f6e0::,2400:f6e0:ffff:ffff:ffff:ffff:ffff:ffff,2400f6e0000000000000000000000000,2400f6e0ffffffffffffffffffffffff,32,中国,,,,,,,,country,,2400:f6e0::/32
2400:f720::,2400:f720:ffff:ffff:ffff:ffff:ffff:ffff,2400f720000000000000000000000000,2400f720ffffffffffffffffffffffff,32,中国,,,,,,,,country,,2400:f720::/32
2400:f7c0::,2400:f7c0:ffff:ffff:ffff:ffff:ffff:ffff,2400f7c0000000000000000000000000,2400f7c0ffffffffffffffffffffffff,32,中国,,,,,,,,country,,2400:f7c0::/32
2400:f800::,2400:f800:ffff:ffff:ffff:ffff:ffff:ffff,2400f800000000000000000000000000,2400f800ffffffffffffffffffffffff,32,中国香港,香港,,,香港,,,,country,,2400:f800::/32
2400:f840::,2400:f840:ffff:ffff:ffff:ffff:ffff:ffff,2400f840000000000000000000000000,2400f840ffffffffffffffffffffffff,32,中国,,,,,,,,country,,2400:f840::/32
2400:f860::,2400:f860:ffff:ffff:ffff:ffff:ffff:ffff,2400f860000000000000000000000000,2400f860ffffffffffffffffffffffff,32,中国,,,,,,,,country,,2400:f860::/32
2400:f880::,2400:f880:ffff:ffff:ffff:ffff:ffff:ffff,2400f880000000000000000000000000,2400f880ffffffffffffffffffffffff,32,中国香港,香港,,,香港,,,,country,,2400:f880::/32
2400:f980::,2400:f980:ffff:ffff:ffff:ffff:ffff:ffff,2400f980000000000000000000000000,2400f980ffffffffffffffffffffffff,32,中国,北京,,,,110000,39.904179,116.407387,province,,2400:f980::/32
2400:fac0::,2400:fac0:ffff:ffff:ffff:ffff:ffff:ffff,2400fac0000000000000000000000000,2400fac0ffffffffffffffffffffffff,32,中国,北京,,,,110000,39.904179,116.407387,province,,2400:fac0::/32
2400:fb40::,2400:fb40:ffff:ffff:ffff:ffff:ffff:ffff,2400fb40000000000000000000000000,2400fb40ffffffffffffffffffffffff,32,中国,河北,保定,,,130600,38.874476,115.464523,city,,2400:fb40::/32
2400:fb60::,2400:fb60:ffff:ffff:ffff:ffff:ffff:ffff,2400fb60000000000000000000000000,2400fb60ffffffffffffffffffffffff,32,中国,,,,,,,,country,,2400:fb60::/32
2400:fbc0::,2400:fbc0:ffff:ffff:ffff:ffff:ffff:ffff,2400fbc0000000000000000000000000,2400fbc0ffffffffffffffffffffffff,32,中国,河北,沧州,,,130900,38.304676,116.838715,city,,2400:fbc0::/32
2400:fc40::,2400:fc40:ffff:ffff:ffff:ffff:ffff:ffff,2400fc40000000000000000000000000,2400fc40ffffffffffffffffffffffff,32,中国,河北,承德,,,130800,40.952942,117.962749,city,,2400:fc40::/32
2400:fc80::,2400:fc80:ffff:ffff:ffff:ffff:ffff:ffff,2400fc80000000000000000000000000,2400fc80ffffffffffffffffffffffff,32,中国台湾,台湾,,,台湾,,,,country,,2400:fc80::/32
2400:fcc0::,2400:fcc0:ffff:ffff:ffff:ffff:ffff:ffff,2400fcc0000000000000000000000000,2400fcc0ffffffffffffffffffffffff,32,中国,河北,邯郸,,,130400,36.625849,114.53915,city,,2400:fcc0::/32
2400:fe00::,2400:fe00:ffff:ffff:ffff:ffff:ffff:ffff,2400fe00000000000000000000000000,2400fe00ffffffffffffffffffffffff,32,中国,黑龙江,大庆,,,230600,46.589498,125.104078,city,,2400:fe00::/32
2400:fe60::,2400:fe60:ffff:ffff:ffff:ffff:ffff:ffff,2400fe60000000000000000000000000,2400fe60ffffffffffffffffffffffff,32,中国台湾,台湾,,,台湾,,,,country,,2400:fe60::/32
2400:fee0::,2400:fee0:ffff:ffff:ffff:ffff:ffff:ffff,2400fee0000000000000000000000000,2400fee0ffffffffffffffffffffffff,32,中国台湾,台湾,,,台湾,,,,country,,2400:fee0::/32
2401:20::,2401:20:ffff:ffff:ffff:ffff:ffff:ffff,24010020000000000000000000000000,24010020ffffffffffffffffffffffff,32,中国,,,,,,,,country,,2401:20::/32
2401:60::,2401:60:ffff:ffff:ffff:ffff:ffff:ffff,24010060000000000000000000000000,24010060ffffffffffffffffffffffff,32,中国,,,,,,,,country,,2401:60::/32
2401:80::,2401:80:ffff:ffff:ffff:ffff:ffff:ffff,24010080000000000000000000000000,24010080ffffffffffffffffffffffff,32,中国,北京,,,,110000,39.904179,116.407387,province,,2401:80::/32
2401:c0::,2401:c0:ffff:ffff:ffff:ffff:ffff:ffff,240100c0000000000000000000000000,240100c0ffffffffffffffffffffffff,32,中国香港,香港,,,香港,,,,country,,2401:c0::/32
2401:140::,2401:140:ffff:ffff:ffff:ffff:ffff:ffff,24010140000000000000000000000000,24010140ffffffffffffffffffffffff,32,中国,,,,,,,,country,,2401:140::/32
2401:1c0::,2401:1c0:ffff:ffff:ffff:ffff:ffff:ffff,240101c0000000000000000000000000,240101c0ffffffffffffffffffffffff,32,中国,,,,,,,,country,,2401:1c0::/32
2401:280::,2401:280:ffff:ffff:ffff:ffff:ffff:ffff,24010280000000000000000000000000,24010280ffffffffffffffffffffffff,32,中国香港,香港,,,香港,,,,country,,2401:280::/32
2401:300::,2401:300:ffff:ffff:ffff:ffff:ffff:ffff,24010300000000000000000000000000,24010300ffffffffffffffffffffffff,32,中国香港,香港,,,香港,,,,country,,2401:300::/32
2401:360::,2401:360:ffff:ffff:ffff:ffff:ffff:ffff,24010360000000000000000000000000,24010360ffffffffffffffffffffffff,32,中国香港,香港,,,香港,,,,country,,2401:360::/32
2401:540::,2401:540:ffff:ffff:ffff:ffff:ffff:ffff,24010540000000000000000000000000,24010540ffffffffffffffffffffffff,32,中国,,,,,,,,country,,2401:540::/32
2401:620::,2401:620:ffff:ffff:ffff:ffff:ffff:ffff,24010620000000000000000000000000,24010620ffffffffffffffffffffffff,32,中国,,,,,,,,country,,2401:620::/32
2401:7c0::,2401:7c0:ffff:ffff:ffff:ffff:ffff:ffff,240107c0000000000000000000000000,240107c0ffffffffffffffffffffffff,32,中国,,,,,,,,country,,2401:7c0::/32
2401:800::,2401:800:ffff:ffff:ffff:ffff:ffff:ffff,24010800000000000000000000000000,24010800ffffffffffffffffffffffff,32,中国,上海,,,,310000,31.230525,121.473667,province,,2401:800::/32
2401:9c0::,2401:9c0:ffff:ffff:ffff:ffff:ffff:ffff,240109c0000000000000000000000000,240109c0ffffffffffffffffffffffff,32,中国,河北,衡水,,,131100,37.739367,115.668987,city,,2401:9c0::/32
2401:a00::,2401:a00:ffff:ffff:ffff:ffff:ffff:ffff,24010a00000000000000000000000000,24010a00ffffffffffffffffffffffff,32,中国,内蒙古,,,,150000,40.818233,111.765226,province,,2401:a00::/32
2401:a40::,2401:a40:ffff:ffff:ffff:ffff:ffff:ffff,24010a40000000000000000000000000,24010a40ffffffffffffffffffffffff,32,中国,河北,廊坊,,,131000,39.538304,116.683546,city,,2401:a40::/32
2401:a60::,2401:a60:ffff:ffff:ffff:ffff:ffff:ffff,24010a60000000000000000000000000,24010a60ffffffffffffffffffffffff,32,中国台湾,台湾,,,台湾,,,,country,,2401:a60::/32
2401:ac0::,2401:ac0:ffff:ffff:ffff:ffff:ffff:ffff,24010ac0000000000000000000000000,24010ac0ffffffffffffffffffffffff,32,中国,河北,秦皇岛,,,130300,39.888243,119.52022,city,,2401:ac0::/32
2401:b40::,2401:b40:ffff:ffff:ffff:ffff:ffff:ffff,24010b40000000000000000000000000,24010b40ffffffffffffffffffffffff,32,中国,河北,石家庄,,,130100,38.042007,114.514976,city,,2401:b40::/32
2401:b60::,2401:b60:ffff:ffff:ffff:ffff:ffff:ffff,24010b60000000000000000000000000,24010b60ffffffffffffffffffffffff,32,中国香港,香港,,,香港,,,,country,,2401:b60::/32
2401:ba0::,2401:ba0:ffff:ffff:ffff:ffff:ffff:ffff,24010ba0000000000000000000000000,24010ba0ffffffffffffffffffffffff,32,中国,,,,,,,,country,,2401:ba0::/32
2401:bc0::,2401:bc0:ffff:ffff:ffff:ffff:ffff:ffff,24010bc0000000000000000000000000,24010bc0ffffffffffffffffffffffff,32,中国,河北,邢台,,,130500,37.060227,114.49742,city,,2401:bc0::/32
2401:c40::,2401:c40:ffff:ffff:ffff:ffff:ffff:ffff,24010c40000000000000000000000000,24010c40ffffffffffffffffffffffff,32,中国,河北,唐山,,,130200,39.63068,118.180149,city,,2401:c40::/32
2401:c60::,2401:c60:ffff:ffff:ffff:ffff:ffff:ffff,24010c60000000000000000000000000,24010c60ffffffffffffffffffffffff,32,中国香港,香港,,,香港,,,,country,,2401:c60::/32
2401:cc0::,2401:cc0:ffff:ffff:ffff:ffff:ffff:ffff,24010cc0000000000000000000000000,24010cc0ffffffffffffffffffffffff,32,中国,河北,秦皇岛,,,130300,39.888243,119.52022,city,,2401:cc0::/32
2401:d40::,2401:d40:ffff:ffff:ffff:ffff:ffff:ffff,24010d40000000000000000000000000,24010d40ffffffffffffffffffffffff,32,中国,河北,张家口,,,130700,40.768931,114.885895,city,,2401:d40::/32
2401:e00::,2401:e00:ffff:ffff:ffff:ffff:ffff:ffff,24010e00000000000000000000000000,24010e00ffffffffffffffffffffffff,32,中国,广东,广州,,,440100,23.130061,113.264499,city,,2401:e00::/32
2401:e60::,2401:e60:ffff:ffff:ffff:ffff:ffff:ffff,24010e60000000000000000000000000,24010e60ffffffffffffffffffffffff,32,中国香港,香港,,,香港,,,,country,,2401:e60::/32
2401:1000::,2401:1000:ffff:ffff:ffff:ffff:ffff:ffff,24011000000000000000000000000000,24011000ffffffffffffffffffffffff,32,中国,北京,,,,110000,39.904179,116.407387,province,,2401:1000::/32
2401:1020::,2401:1020:ffff:ffff:ffff:ffff:ffff:ffff,24011020000000000000000000000000,24011020ffffffffffffffffffffffff,32,中国香港,香港,,,香港,,,,country,,2401:1020::/32
2401:1100::,2401:1100:ffff:ffff:ffff:ffff:ffff:ffff,24011100000000000000000000000000,24011100ffffffffffffffffffffffff,32,中国香港,香港,,,香港,,,,country,,2401:1100::/32
2401:1160::,2401:1160:ffff:ffff:ffff:ffff:ffff:ffff,24011160000000000000000000000000,24011160ffffffffffffffffffffffff,32,中国,,,,,,,,country,,2401:1160::/32
2401:11c0::,2401:11c0:ffff:ffff:ffff:ffff:ffff:ffff,240111c0000000000000000000000000,240111c0ffffffffffffffffffffffff,32,中国,,,,,,,,country,,2401:11c0::/32
2401:1200::,2401:1200:ffff:ffff:ffff:ffff:ffff:ffff,24011200000000000000000000000000,24011200ffffffffffffffffffffffff,32,中国,四川,南充,仪陇,,511324,31.271693,106.303082,district,,2401:1200::/32
2401:1280::,2401:1280:ffff:ffff:ffff:ffff:ffff:ffff,24011280000000000000000000000000,24011280ffffffffffffffffffffffff,32,中国香港,香港,,,香港,,,,country,,2401:1280::/32
2401:12c0::,2401:12c0:ffff:ffff:ffff:ffff:ffff:ffff,240112c0000000000000000000000000,240112c0ffffffffffffffffffffffff,32,中国,,,,,,,,country,,2401:12c0::/32
2401:1320::,2401:1320:ffff:ffff:ffff:ffff:ffff:ffff,24011320000000000000000000000000,24011320ffffffffffffffffffffffff,32,中国,,,,,,,,country,,2401:1320::/32
2401:1380::,2401:1380:ffff:ffff:ffff:ffff:ffff:ffff,24011380000000000000000000000000,24011380ffffffffffffffffffffffff,32,中国香港,香港,,,香港,,,,country,,2401:1380::/32
2401:15c0::,2401:15c0:ffff:ffff:ffff:ffff:ffff:ffff,240115c0000000000000000000000000,240115c0ffffffffffffffffffffffff,32,中国,,,,,,,,country,,2401:15c0::/32
2401:1640::,2401:1640:ffff:ffff:ffff:ffff:ffff:ffff,24011640000000000000000000000000,24011640ffffffffffffffffffffffff,32,中国香港,香港,,,香港,,,,country,,2401:1640::/32
2401:16a0::,2401:16a0:ffff:ffff:ffff:ffff:ffff:ffff,240116a0000000000000000000000000,240116a0ffffffffffffffffffffffff,32,中国台湾,台湾,,,台湾,,,,country,,2401:16a0::/32
2401:1780::,2401:1780:ffff:ffff:ffff:ffff:ffff:ffff,24011780000000000000000000000000,24011780ffffffffffffffffffffffff,32,中国台湾,台湾,,,台湾,,,,country,,2401:1780::/32
2401:1800::,2401:1800:ffff:ffff:ffff:ffff:ffff:ffff,24011800000000000000000000000000,24011800ffffffffffffffffffffffff,32,中国香港,香港,,,香港,,,,country,,2401:1800::/32
2401:1801::,2401:1801:ffff:ffff:ffff:ffff:ffff:ffff,24011801000000000000000000000000,24011801ffffffffffffffffffffffff,32,中国香港,香港,,,香港,,,,country,,2401:1801::/32
2401:18c0::,2401:18c0:ffff:ffff:ffff:ffff:ffff:ffff,240118c0000000000000000000000000,240118c0ffffffffffffffffffffffff,32,中国,,,,,,,,country,,2401:18c0::/32
2401:18e0::,2401:18ef:ffff:ffff:ffff:ffff:ffff:ffff,240118e0000000000000000000000000,240118efffffffffffffffffffffffff,28,中国,,,,,,,,country,,2401:18e0::/28
2401:1940::,2401:1940:ffff:ffff:ffff:ffff:ffff:ffff,24011940000000000000000000000000,24011940ffffffffffffffffffffffff,32,中国,,,,,,,,country,,2401:1940::/32
2401:19c0::,2401:19c0:ffff:ffff:ffff:ffff:ffff:ffff,240119c0000000000000000000000000,240119c0ffffffffffffffffffffffff,32,中国,,,,,,,,country,,2401:19c0::/32
2401:1a40::,2401:1a40:ffff:ffff:ffff:ffff:ffff:ffff,24011a40000000000000000000000000,24011a40ffffffffffffffffffffffff,32,中国,,,,,,,,country,,2401:1a40::/32
2401:1ac0::,2401:1ac0:ffff:ffff:ffff:ffff:ffff:ffff,24011ac0000000000000000000000000,24011ac0ffffffffffffffffffffffff,32,中国,,,,,,,,country,,2401:1ac0::/32
2401:1c60::,2401:1c60:ffff:ffff:ffff:ffff:ffff:ffff,24011c60000000000000000000000000,24011c60ffffffffffffffffffffffff,32,中国,,,,,,,,country,,2401:1c60::/32
2401:1ce0::,2401:1ce0:ffff:ffff:ffff:ffff:ffff:ffff,24011ce0000000000000000000000000,24011ce0ffffffffffffffffffffffff,32,中国,,,,,,,,country,,2401:1ce0::/32
2401:1d40::,2401:1d40:ffff:ffff:ffff:ffff:ffff:ffff,24011d40000000000000000000000000,24011d40ffffffffffffffffffffffff,32,中国,北京,,,,110000,39.904179,116.407387,province,,2401:1d40::/32
2401:1da0::,2401:1da0:ffff:ffff:ffff:ffff:ffff:ffff,24011da0000000000000000000000000,24011da0ffffffffffffffffffffffff,32,中国,,,,,,,,country,,2401:1da0::/32
2401:1dc0::,2401:1dc0:ffff:ffff:ffff:ffff:ffff:ffff,24011dc0000000000000000000000000,24011dc0ffffffffffffffffffffffff,32,中国,,,,,,,,country,,2401:1dc0::/32
2401:1de0::,2401:1de0:ffff:ffff:ffff:ffff:ffff:ffff,24011de0000000000000000000000000,24011de0ffffffffffffffffffffffff,32,中国,,,,,,,,country,,2401:1de0::/32
2401:1e00::,2401:1e00:ffff:ffff:ffff:ffff:ffff:ffff,24011e00000000000000000000000000,24011e00ffffffffffffffffffffffff,32,中国,安徽,,,,340000,31.734559,117.330139,province,,2401:1e00::/32
2401:1ec0::,2401:1ec0:ffff:ffff:ffff:ffff:ffff:ffff,24011ec0000000000000000000000000,24011ec0ffffffffffffffffffffffff,32,中国,,,,,,,,country,,2401:1ec0::/32
2401:1f40::,2401:1f40:ffff:ffff:ffff:ffff:ffff:ffff,24011f40000000000000000000000000,24011f40ffffffffffffffffffffffff,32,中国,,,,,,,,country,,2401:1f40::/32
2401:2040::,2401:2040:ffff:ffff:ffff:ffff:ffff:ffff,24012040000000000000000000000000,24012040ffffffffffffffffffffffff,32,中国,,,,,,,,country,,2401:2040::/32
2401:2080::,2401:2080:ffff:ffff:ffff:ffff:ffff:ffff,24012080000000000000000000000000,24012080ffffffffffffffffffffffff,32,中国,黑龙江,哈尔滨,,,230100,45.802981,126.53505,city,,2401:2080::/32
2401:20e0::,2401:20e0:ffff:ffff:ffff:ffff:ffff:ffff,240120e0000000000000000000000000,240120e0ffffffffffffffffffffffff,32,中国澳门,澳门,,,澳门,,,,country,,2401:20e0::/32
2401:23c0::,2401:23c0:ffff:ffff:ffff:ffff:ffff:ffff,240123c0000000000000000000000000,240123c0ffffffffffffffffffffffff,32,中国,,,,,,,,country,,2401:23c0::/32
2401:2600::,2401:2600:ffff:ffff:ffff:ffff:ffff:ffff,24012600000000000000000000000000,24012600ffffffffffffffffffffffff,32,中国,广东,湛江,,,440800,21.270108,110.357538,city,,2401:2600::/32
2401:2660::,2401:2660:ffff:ffff:ffff:ffff:ffff:ffff,24012660000000000000000000000000,24012660ffffffffffffffffffffffff,32,中国香港,香港,,,香港,,,,country,,2401:2660::/32
2401:2760::,2401:2760:ffff:ffff:ffff:ffff:ffff:ffff,24012760000000000000000000000000,24012760ffffffffffffffffffffffff,32,中国台湾,台湾,,,台湾,,,,country,,2401:2760::/32
2401:2780::,2401:2780:ffff:ffff:ffff:ffff:ffff:ffff,24012780000000000000000000000000,24012780ffffffffffffffffffffffff,32,中国,甘肃,兰州,,,620100,36.060798,103.834228,city,,2401:2780::/32
2401:2920::,2401:2920:ffff:ffff:ffff:ffff:ffff:ffff,24012920000000000000000000000000,24012920ffffffffffffffffffffffff,32,中国台湾,台湾,,,台湾,,,,country,,2401:2920::/32
2401:2980::,2401:2980:ffff:ffff:ffff:ffff:ffff:ffff,24012980000000000000000000000000,24012980ffffffffffffffffffffffff,32,中国,北京,,,,110000,39.904179,116.407387,province,,2401:2980::/32
2401:2a00::,2401:2a00:ffff:ffff:ffff:ffff:ffff:ffff,24012a00000000000000000000000000,24012a00ffffffffffffffffffffffff,32,中国,广东,深圳,,,440300,22.543527,114.057939,city,,2401:2a00::/32
2401:2b40::,2401:2b40:ffff:ffff:ffff:ffff:ffff:ffff,24012b40000000000000000000000000,24012b40ffffffffffffffffffffffff,32,中国,,,,,,,,country,,2401:2b40::/32
2401:2c80::,2401:2c80:ffff:ffff:ffff:ffff:ffff:ffff,24012c80000000000000000000000000,24012c80ffffffffffffffffffffffff,32,中国香港,香港,,,香港,,,,country,,2401:2c80::/32
2401:2d40::,2401:2d40:ffff:ffff:ffff:ffff:ffff:ffff,24012d40000000000000000000000000,24012d40ffffffffffffffffffffffff,32,中国香港,香港,,,香港,,,,country,,2401:2d40::/32
2401:2e00::,2401:2e00:ffff:ffff:ffff:ffff:ffff:ffff,24012e00000000000000000000000000,24012e00ffffffffffffffffffffffff,32,中国,浙江,杭州,,,330100,30.246566,120.209903,city,,2401:2e00::/32
2401:2e20::,2401:2e20:ffff:ffff:ffff:ffff:ffff:ffff,24012e20000000000000000000000000,24012e20ffffffffffffffffffffffff,32,中国,,,,,,,,country,,2401:2e20::/32
2401:3000::,2401:3000:ffff:ffff:ffff:ffff:ffff:ffff,24013000000000000000000000000000,24013000ffffffffffffffffffffffff,32,中国香港,香港,,,香港,,,,country,,2401:3000::/32
2401:3040::,2401:3040:ffff:ffff:ffff:ffff:ffff:ffff,24013040000000000000000000000000,24013040ffffffffffffffffffffffff,32,中国香港,香港,,,香港,,,,country,,2401:3040::/32
2401:3100::,2401:3100:ffff:ffff:ffff:ffff:ffff:ffff,24013100000000000000000000000000,24013100ffffffffffffffffffffffff,32,中国,辽宁,大连,,,210200,38.913962,121.614786,city,,2401:3100::/32
2401:3260::,2401:3260:ffff:ffff:ffff:ffff:ffff:ffff,24013260000000000000000000000000,24013260ffffffffffffffffffffffff,32,中国香港,香港,,,香港,,,,country,,2401:3260::/32
2401:3280::,2401:3280:ffff:ffff:ffff:ffff:ffff:ffff,24013280000000000000000000000000,24013280ffffffffffffffffffffffff,32,中国澳门,澳门,,,澳门,,,,country,,2401:3280::/32
2401:3380::,2401:3380:ffff:ffff:ffff:ffff:ffff:ffff,24013380000000000000000000000000,24013380ffffffffffffffffffffffff,32,中国,天津,,,,120000,39.085318,117.201509,province,,2401:3380::/32
2401:33c0::,2401:33c0:ffff:ffff:ffff:ffff:ffff:ffff,240133c0000000000000000000000000,240133c0ffffffffffffffffffffffff,32,中国,,,,,,,,country,,2401:33c0::/32
2401:3440::,2401:3440:ffff:ffff:ffff:ffff:ffff:ffff,24013440000000000000000000000000,24013440ffffffffffffffffffffffff,32,中国,,,,,,,,country,,2401:3440::/32
2401:3480::,2401:3480:ffff:ffff:ffff:ffff:ffff:ffff,24013480000000000000000000000000,24013480ffffffffffffffffffffffff,32,中国,广东,广州,,,440100,23.130061,113.264499,city,,2401:3480::/32
2401:34a0::,2401:34a0:ffff:ffff:ffff:ffff:ffff:ffff,240134a0000000000000000000000000,240134a0ffffffffffffffffffffffff,32,中国,,,,,,,,country,,2401:34a0::/32
2401:34a1::,2401:34a1:ffff:ffff:ffff:ffff:ffff:ffff,240134a1000000000000000000000000,240134a1ffffffffffffffffffffffff,32,中国,,,,,,,,country,,2401:34a1::/32
2401:34c0::,2401:34c0:ffff:ffff:ffff:ffff:ffff:ffff,240134c0000000000000000000000000,240134c0ffffffffffffffffffffffff,32,中国,,,,,,,,country,,2401:34c0::/32
2401:3620::,2401:3620:ffff:ffff:ffff:ffff:ffff:ffff,24013620000000000000000000000000,24013620ffffffffffffffffffffffff,32,中国香港,香港,,,香港,,,,country,,2401:3620::/32
2401:3640::,2401:3640:ffff:ffff:ffff:ffff:ffff:ffff,24013640000000000000000000000000,24013640ffffffffffffffffffffffff,32,中国,,,,,,,,country,,2401:3640::/32
2401:3680::,2401:3680:ffff:ffff:ffff:ffff:ffff:ffff,24013680000000000000000000000000,24013680ffffffffffffffffffffffff,32,中国香港,香港,,,香港,,,,country,,2401:3680::/32
2401:36c0::,2401:36c0:ffff:ffff:ffff:ffff:ffff:ffff,240136c0000000000000000000000000,240136c0ffffffffffffffffffffffff,32,中国香港,香港,,,香港,,,,country,,2401:36c0::/32
2401:3780::,2401:3780:ffff:ffff:ffff:ffff:ffff:ffff,24013780000000000000000000000000,24013780ffffffffffffffffffffffff,32,中国,北京,,,,110000,39.904179,116.407387,province,,2401:3780::/32
2401:37c0::,2401:37c0:ffff:ffff:ffff:ffff:ffff:ffff,240137c0000000000000000000000000,240137c0ffffffffffffffffffffffff,32,中国香港,香港,,,香港,,,,country,,2401:37c0::/32
2401:3800::,2401:3800:ffff:ffff:ffff:ffff:ffff:ffff,24013800000000000000000000000000,24013800ffffffffffffffffffffffff,32,中国,北京,,,,110000,39.904179,116.407387,province,,2401:3800::/32
2401:3880::,2401:3880:ffff:ffff:ffff:ffff:ffff:ffff,24013880000000000000000000000000,24013880ffffffffffffffffffffffff,32,中国,河南,安阳,,,410500,36.098779,114.39248,city,,2401:3880::/32
2401:3980::,2401:3980:ffff:ffff:ffff:ffff:ffff:ffff,24013980000000000000000000000000,24013980ffffffffffffffffffffffff,32,中国,河南,鹤壁,,,410600,35.748329,114.297305,city,,2401:3980::/32
2401:39c0::,2401:39c0:ffff:ffff:ffff:ffff:ffff:ffff,240139c0000000000000000000000000,240139c0ffffffffffffffffffffffff,32,中国香港,香港,,,香港,,,,country,,2401:39c0::/32
2401:3a00::,2401:3a00:ffff:ffff:ffff:ffff:ffff:ffff,24013a00000000000000000000000000,24013a00ffffffffffffffffffffffff,32,中国,河北,沧州,,,130900,38.304676,116.838715,city,,2401:3a00::/32
2401:3a80::,2401:3a80:ffff:ffff:ffff:ffff:ffff:ffff,24013a80000000000000000000000000,24013a80ffffffffffffffffffffffff,32,中国,河南,,,,410000,34.767052,113.753094,province,,2401:3a80::/32
2401:3b60::,2401:3b60:ffff:ffff:ffff:ffff:ffff:ffff,24013b60000000000000000000000000,24013b60ffffffffffffffffffffffff,32,中国台湾,台湾,,,台湾,,,,country,,2401:3b60::/32
2401:3b80::,2401:3b80:ffff:ffff:ffff:ffff:ffff:ffff,24013b80000000000000000000000000,24013b80ffffffffffffffffffffffff,32,中国,河南,济源,,,419001,35.069057,112.602347,district,,2401:3b80::/32
2401:3ba0::,2401:3ba0:ffff:ffff:ffff:ffff:ffff:ffff,24013ba0000000000000000000000000,24013ba0ffffffffffffffffffffffff,32,中国台湾,台湾,,,台湾,,,,country,,2401:3ba0::/32
2401:3c20::,2401:3c20:ffff:ffff:ffff:ffff:ffff:ffff,24013c20000000000000000000000000,24013c20ffffffffffffffffffffffff,32,中国,,,,,,,,country,,2401:3c20::/32
2401:3c60::,2401:3c60:ffff:ffff:ffff:ffff:ffff:ffff,24013c60000000000000000000000000,24013c60ffffffffffffffffffffffff,32,中国香港,香港,,,香港,,,,country,,2401:3c60::/32
2401:3c80::,2401:3c80:ffff:ffff:ffff:ffff:ffff:ffff,24013c80000000000000000000000000,24013c80ffffffffffffffffffffffff,32,中国,河南,焦作,,,410800,35.215726,113.241902,city,,2401:3c80::/32
2401:3ca0::,2401:3ca0:ffff:ffff:ffff:ffff:ffff:ffff,24013ca0000000000000000000000000,24013ca0ffffffffffffffffffffffff,32,中国香港,香港,,,香港,,,,country,,2401:3ca0::/32
2401:3cc0::,2401:3cc0:ffff:ffff:ffff:ffff:ffff:ffff,24013cc0000000000000000000000000,24013cc0ffffffffffffffffffffffff,32,中国香港,香港,,,香港,,,,country,,2401:3cc0::/32
2401:3d80::,2401:3d80:ffff:ffff:ffff:ffff:ffff:ffff,24013d80000000000000000000000000,24013d80ffffffffffffffffffffffff,32,中国,河南,开封,,,410200,34.798083,114.314278,city,,2401:3d80::/32
2401:3e40::,2401:3e40:ffff:ffff:ffff:ffff:ffff:ffff,24013e40000000000000000000000000,24013e40ffffffffffffffffffffffff,32,中国香港,香港,,,香港,,,,country,,2401:3e40::/32
2401:3e80::,2401:3e80:ffff:ffff:ffff:ffff:ffff:ffff,24013e80000000000000000000000000,24013e80ffffffffffffffffffffffff,32,中国,河南,洛阳,,,410300,34.619702,112.453895,city,,2401:3e80::/32
2401:3f40::,2401:3f40:ffff:ffff:ffff:ffff:ffff:ffff,24013f40000000000000000000000000,24013f40ffffffffffffffffffffffff,32,中国台湾,台湾,,,台湾,,,,country,,2401:3f40::/32
2401:3f80::,2401:3f80:ffff:ffff:ffff:ffff:ffff:ffff,24013f80000000000000000000000000,24013f80ffffffffffffffffffffffff,32,中国,河南,漯河,,,411100,33.58038,114.0166,city,,2401:3f80::/32
2401:4020::,2401:4020:ffff:ffff:ffff:ffff:ffff:ffff,24014020000000000000000000000000,24014020ffffffffffffffffffffffff,32,中国香港,香港,,,香港,,,,country,,2401:4020::/32
2401:4060::,2401:4060:ffff:ffff:ffff:ffff:ffff:ffff,24014060000000000000000000000000,24014060ffffffffffffffffffffffff,32,中国香港,香港,,,香港,,,,country,,2401:4060::/32
2401:4080::,2401:4080:ffff:ffff:ffff:ffff:ffff:ffff,24014080000000000000000000000000,24014080ffffffffffffffffffffffff,32,中国,河南,南阳,,,411300,33.016102,112.584753,city,,2401:4080::/32
2401:4180::,2401:4180:ffff:ffff:ffff:ffff:ffff:ffff,24014180000000000000000000000000,24014180ffffffffffffffffffffffff,32,中国,河南,平顶山,,,410400,33.766554,113.192595,city,,2401:4180::/32
2401:41c0::,2401:41c0:ffff:ffff:ffff:ffff:ffff:ffff,240141c0000000000000000000000000,240141c0ffffffffffffffffffffffff,32,中国香港,香港,,,香港,,,,country,,2401:41c0::/32
2401:4280::,2401:4280:ffff:ffff:ffff:ffff:ffff:ffff,24014280000000000000000000000000,24014280ffffffffffffffffffffffff,32,中国,河南,濮阳,,,410900,35.762731,115.029246,city,,2401:4280::/32
2401:4380::,2401:4380:ffff:ffff:ffff:ffff:ffff:ffff,24014380000000000000000000000000,24014380ffffffffffffffffffffffff,32,中国,河南,三门峡,,,411200,34.773196,111.200482,city,,2401:4380::/32
2401:4480::,2401:4480:ffff:ffff:ffff:ffff:ffff:ffff,24014480000000000000000000000000,24014480ffffffffffffffffffffffff,32,中国,河南,商丘,,,411400,34.415165,115.656358,city,,2401:4480::/32
2401:44c0::,2401:44c0:ffff:ffff:ffff:ffff:ffff:ffff,240144c0000000000000000000000000,240144c0ffffffffffffffffffffffff,32,中国香港,香港,,,香港,,,,country,,2401:44c0::/32
2401:4580::,2401:4580:ffff:ffff:ffff:ffff:ffff:ffff,24014580000000000000000000000000,24014580ffffffffffffffffffffffff,32,中国,河南,新乡,,,410700,35.303589,113.92679,city,,2401:4580::/32
2401:4680::,2401:4680:ffff:ffff:ffff:ffff:ffff:ffff,24014680000000000000000000000000,24014680ffffffffffffffffffffffff,32,中国,河南,信阳,,,411500,32.148624,114.091058,city,,2401:4680::/32
2401:4780::,2401:4780:ffff:ffff:ffff:ffff:ffff:ffff,24014780000000000000000000000000,24014780ffffffffffffffffffffffff,32,中国,河南,许昌,,,411000,34.03732,113.852004,city,,2401:4780::/32
2401:47c0::,2401:47c0:ffff:ffff:ffff:ffff:ffff:ffff,240147c0000000000000000000000000,240147c0ffffffffffffffffffffffff,32,中国香港,香港,,,香港,,,,country,,2401:47c0::/32
2401:4840::,2401:4840:ffff:ffff:ffff:ffff:ffff:ffff,24014840000000000000000000000000,24014840ffffffffffffffffffffffff,32,中国香港,香港,,,香港,,,,country,,2401:4840::/32
2401:4860::,2401:4860:ffff:ffff:ffff:ffff:ffff:ffff,24014860000000000000000000000000,24014860ffffffffffffffffffffffff,32,中国台湾,台湾,,,台湾,,,,country,,2401:4860::/32
2401:4880::,2401:4880:ffff:ffff:ffff:ffff:ffff:ffff,24014880000000000000000000000000,24014880ffffffffffffffffffffffff,32,中国,河南,郑州,,,410100,34.746303,113.625351,city,,2401:4880::/32
2401:4a00::,2401:4a00:ffff:ffff:ffff:ffff:ffff:ffff,24014a00000000000000000000000000,24014a00ffffffffffffffffffffffff,32,中国香港,香港,,,香港,,,,country,,2401:4a00::/32
2401:4a80::,2401:4a80:ffff:ffff:ffff:ffff:ffff:ffff,24014a80000000000000000000000000,24014a80ffffffffffffffffffffffff,32,中国,河南,驻马店,,,411700,33.014038,114.021988,city,,2401:4a80::/32
2401:4b00::,2401:4b00:ffff:ffff:ffff:ffff:ffff:ffff,24014b00000000000000000000000000,24014b00ffffffffffffffffffffffff,32,中国,上海,,,,310000,31.230525,121.473667,province,,2401:4b00::/32
2401:4bc0::,2401:4bc0:ffff:ffff:ffff:ffff:ffff:ffff,24014bc0000000000000000000000000,24014bc0ffffffffffffffffffffffff,32,中国香港,香港,,,香港,,,,country,,2401:4bc0::/32
2401:4c40::,2401:4c40:ffff:ffff:ffff:ffff:ffff:ffff,24014c40000000000000000000000000,24014c40ffffffffffffffffffffffff,32,中国香港,香港,,,香港,,,,country,,2401:4c40::/32
2401:4ca0::,2401:4ca0:ffff:ffff:ffff:ffff:ffff:ffff,24014ca0000000000000000000000000,24014ca0ffffffffffffffffffffffff,32,中国台湾,台湾,,,台湾,,,,country,,2401:4ca0::/32
2401:4e60::,2401:4e60:ffff:ffff:ffff:ffff:ffff:ffff,24014e60000000000000000000000000,24014e60ffffffffffffffffffffffff,32,中国台湾,台湾,,,台湾,,,,country,,2401:4e60::/32
2401:4e80::,2401:4e80:ffff:ffff:ffff:ffff:ffff:ffff,24014e80000000000000000000000000,24014e80ffffffffffffffffffffffff,32,中国香港,香港,,,香港,,,,country,,2401:4e80::/32
2401:4f80::,2401:4f80:ffff:ffff:ffff:ffff:ffff:ffff,24014f80000000000000000000000000,24014f80ffffffffffffffffffffffff,32,中国,北京,,,,110000,39.904179,116.407387,province,,2401:4f80::/32
2401:5060::,2401:5060:ffff:ffff:ffff:ffff:ffff:ffff,24015060000000000000000000000000,24015060ffffffffffffffffffffffff,32,中国香港,香港,,,香港,,,,country,,2401:5060::/32
2401:5180::,2401:5180:ffff:ffff:ffff:ffff:ffff:ffff,24015180000000000000000000000000,24015180ffffffffffffffffffffffff,32,中国,上海,,,,310000,31.230525,121.473667,province,,2401:5180::/32
2401:5220::,2401:5220:ffff:ffff:ffff:ffff:ffff:ffff,24015220000000000000000000000000,24015220ffffffffffffffffffffffff,32,中国台湾,台湾,,,台湾,,,,country,,2401:5220::/32
2401:5480::,2401:5480:ffff:ffff:ffff:ffff:ffff:ffff,24015480000000000000000000000000,24015480ffffffffffffffffffffffff,32,中国香港,香港,,,香港,,,,country,,2401:5480::/32
2401:55a0::,2401:55a0:ffff:ffff:ffff:ffff:ffff:ffff,240155a0000000000000000000000000,240155a0ffffffffffffffffffffffff,32,中国台湾,台湾,,,台湾,,,,country,,2401:55a0::/32
2401:55e0::,2401:55e0:ffff:ffff:ffff:ffff:ffff:ffff,240155e0000000000000000000000000,240155e0ffffffffffffffffffffffff,32,中国台湾,台湾,,,台湾,,,,country,,2401:55e0::/32
2401:5680::,2401:5680:ffff:ffff:ffff:ffff:ffff:ffff,24015680000000000000000000000000,24015680ffffffffffffffffffffffff,32,中国,,,,,,,,country,,2401:5680::/32
2401:58a0::,2401:58a0:ffff:ffff:ffff:ffff:ffff:ffff,240158a0000000000000000000000000,240158a0ffffffffffffffffffffffff,32,中国,,,,,,,,country,,2401:58a0::/32
2401:5900::,2401:5900:ffff:ffff:ffff:ffff:ffff:ffff,24015900000000000000000000000000,24015900ffffffffffffffffffffffff,32,中国香港,香港,,,香港,,,,country,,2401:5900::/32
2401:59c0::,2401:59c0:ffff:ffff:ffff:ffff:ffff:ffff,240159c0000000000000000000000000,240159c0ffffffffffffffffffffffff,32,中国,,,,,,,,country,,2401:59c0::/32
2401:5a00::,2401:5a00:ffff:ffff:ffff:ffff:ffff:ffff,24015a00000000000000000000000000,24015a00ffffffffffffffffffffffff,32,中国香港,香港,,,香港,,,,country,,2401:5a00::/32
2401:5b40::,2401:5b40:ffff:ffff:ffff:ffff:ffff:ffff,24015b40000000000000000000000000,24015b40ffffffffffffffffffffffff,32,中国,,,,,,,,country,,2401:5b40::/32
2401:5c20::,2401:5c20:ffff:ffff:ffff:ffff:ffff:ffff,24015c20000000000000000000000000,24015c20ffffffffffffffffffffffff,32,中国,,,,,,,,country,,2401:5c20::/32
2401:5c60::,2401:5c60:ffff:ffff:ffff:ffff:ffff:ffff,24015c60000000000000000000000000,24015c60ffffffffffffffffffffffff,32,中国,,,,,,,,country,,2401:5c60::/32
2401:5c80::,2401:5c80:ffff:ffff:ffff:ffff:ffff:ffff,24015c80000000000000000000000000,24015c80ffffffffffffffffffffffff,32,中国,北京,,,,110000,39.904179,116.407387,province,,2401:5c80::/32
2401:5da0::,2401:5da0:ffff:ffff:ffff:ffff:ffff:ffff,24015da0000000000000000000000000,24015da0ffffffffffffffffffffffff,32,中国台湾,台湾,,,台湾,,,,country,,2401:5da0::/32
2401:5dc0::,2401:5dc0:ffff:ffff:ffff:ffff:ffff:ffff,24015dc0000000000000000000000000,24015dc0ffffffffffffffffffffffff,32,中国香港,香港,,,香港,,,,country,,2401:5dc0::/32
2401:5e00::,2401:5e00:ffff:ffff:ffff:ffff:ffff:ffff,24015e00000000000000000000000000,24015e00ffffffffffffffffffffffff,32,中国台湾,台湾,,,台湾,,,,country,,2401:5e00::/32
2401:5f20::,2401:5f20:ffff:ffff:ffff:ffff:ffff:ffff,24015f20000000000000000000000000,24015f20ffffffffffffffffffffffff,32,中国台湾,台湾,,,台湾,,,,country,,2401:5f20::/32
2401:5fa0::,2401:5fa0:ffff:ffff:ffff:ffff:ffff:ffff,24015fa0000000000000000000000000,24015fa0ffffffffffffffffffffffff,32,中国,,,,,,,,country,,2401:5fa0::/32
2401:7080::,2401:7080:ffff:ffff:ffff:ffff:ffff:ffff,24017080000000000000000000000000,24017080ffffffffffffffffffffffff,32,中国台湾,台湾,,,台湾,,,,country,,2401:7080::/32
2401:70e0::,2401:70e0:ffff:ffff:ffff:ffff:ffff:ffff,240170e0000000000000000000000000,240170e0ffffffffffffffffffffffff,32,中国,,,,,,,,country,,2401:70e0::/32
2401:7180::,2401:7180:ffff:ffff:ffff:ffff:ffff:ffff,24017180000000000000000000000000,24017180ffffffffffffffffffffffff,32,中国,河南,开封,,,410200,34.798083,114.314278,city,,2401:7180::/32
2401:71c0::,2401:71c0:ffff:ffff:ffff:ffff:ffff:ffff,240171c0000000000000000000000000,240171c0ffffffffffffffffffffffff,32,中国,,,,,,,,country,,2401:71c0::/32
2401:7240::,2401:7240:ffff:ffff:ffff:ffff:ffff:ffff,24017240000000000000000000000000,24017240ffffffffffffffffffffffff,32,中国,,,,,,,,country,,2401:7240::/32
2401:7320::,2401:7320:ffff:ffff:ffff:ffff:ffff:ffff,24017320000000000000000000000000,24017320ffffffffffffffffffffffff,32,中国,,,,,,,,country,,2401:7320::/32
2401:7360::,2401:7360:ffff:ffff:ffff:ffff:ffff:ffff,24017360000000000000000000000000,24017360ffffffffffffffffffffffff,32,中国,,,,,,,,country,,2401:7360::/32
2401:73a0::,2401:73a0:ffff:ffff:ffff:ffff:ffff:ffff,240173a0000000000000000000000000,240173a0ffffffffffffffffffffffff,32,中国,,,,,,,,country,,2401:73a0::/32
2401:7580::,2401:7580:ffff:ffff:ffff:ffff:ffff:ffff,24017580000000000000000000000000,24017580ffffffffffffffffffffffff,32,中国,江苏,无锡,,,320200,31.491064,120.311889,city,,2401:7580::/32
2401:75c0::,2401:75c0:ffff:ffff:ffff:ffff:ffff:ffff,240175c0000000000000000000000000,240175c0ffffffffffffffffffffffff,32,中国澳门,澳门,,,澳门,,,,country,,2401:75c0::/32
2401:7660::,2401:7660:ffff:ffff:ffff:ffff:ffff:ffff,24017660000000000000000000000000,24017660ffffffffffffffffffffffff,32,中国,,,,,,,,country,,2401:7660::/32
2401:7680::,2401:7680:ffff:ffff:ffff:ffff:ffff:ffff,24017680000000000000000000000000,24017680ffffffffffffffffffffffff,32,中国,北京,,,,110000,39.904179,116.407387,province,,2401:7680::/32
2401:7700::,2401:7700:ffff:ffff:ffff:ffff:ffff:ffff,24017700000000000000000000000000,24017700ffffffffffffffffffffffff,32,中国,四川,成都,,,510100,30.572961,104.066301,city,,2401:7700::/32
2401:7780::,2401:7780:ffff:ffff:ffff:ffff:ffff:ffff,24017780000000000000000000000000,24017780ffffffffffffffffffffffff,32,中国,山东,临沂,,,371300,35.103771,118.356464,city,,2401:7780::/32
2401:77e0::,2401:77e0:ffff:ffff:ffff:ffff:ffff:ffff,240177e0000000000000000000000000,240177e0ffffffffffffffffffffffff,32,中国,,,,,,,,country,,2401:77e0::/32
2401:7820::,2401:7820:ffff:ffff:ffff:ffff:ffff:ffff,24017820000000000000000000000000,24017820ffffffffffffffffffffffff,32,中国,,,,,,,,country,,2401:7820::/32
2401:7880::,2401:7880:ffff:ffff:ffff:ffff:ffff:ffff,24017880000000000000000000000000,24017880ffffffffffffffffffffffff,32,中国,福建,厦门,,,350200,24.479627,118.08891,city,,2401:7880::/32
2401:78e0::,2401:78e0:ffff:ffff:ffff:ffff:ffff:ffff,240178e0000000000000000000000000,240178e0ffffffffffffffffffffffff,32,中国,,,,,,,,country,,2401:78e0::/32
2401:7980::,2401:7980:ffff:ffff:ffff:ffff:ffff:ffff,24017980000000000000000000000000,24017980ffffffffffffffffffffffff,32,中国,福建,厦门,,,350200,24.479627,118.08891,city,,2401:7980::/32
2401:7a00::,2401:7a00:ffff:ffff:ffff:ffff:ffff:ffff,24017a00000000000000000000000000,24017a00ffffffffffffffffffffffff,32,中国,广东,深圳,,,440300,22.543527,114.057939,city,,2401:7a00::/32
2401:7a60::,2401:7a60:ffff:ffff:ffff:ffff:ffff:ffff,24017a60000000000000000000000000,24017a60ffffffffffffffffffffffff,32,中国台湾,台湾,,,台湾,,,,country,,2401:7a60::/32
2401:7a80::,2401:7a80:ffff:ffff:ffff:ffff:ffff:ffff,24017a80000000000000000000000000,24017a80ffffffffffffffffffffffff,32,中国,福建,厦门,,,350200,24.479627,118.08891,city,,2401:7a80::/32
2401:7ac0::,2401:7ac0:ffff:ffff:ffff:ffff:ffff:ffff,24017ac0000000000000000000000000,24017ac0ffffffffffffffffffffffff,32,中国香港,香港,,,香港,,,,country,,2401:7ac0::/32
2401:7b20::,2401:7b20:ffff:ffff:ffff:ffff:ffff:ffff,24017b20000000000000000000000000,24017b20ffffffffffffffffffffffff,32,中国香港,香港,,,香港,,,,country,,2401:7b20::/32
2401:7b80::,2401:7b80:ffff:ffff:ffff:ffff:ffff:ffff,24017b80000000000000000000000000,24017b80ffffffffffffffffffffffff,32,中国,江苏,无锡,,,320200,31.491064,120.311889,city,,2401:7b80::/32
2401:7ba0::,2401:7ba0:ffff:ffff:ffff:ffff:ffff:ffff,24017ba0000000000000000000000000,24017ba0ffffffffffffffffffffffff,32,中国台湾,台湾,,,台湾,,,,country,,2401:7ba0::/32
2401:7bc0::,2401:7bc0:ffff:ffff:ffff:ffff:ffff:ffff,24017bc0000000000000000000000000,24017bc0ffffffffffffffffffffffff,32,中国,,,,,,,,country,,2401:7bc0::/32
2401:7c80::,2401:7c80:ffff:ffff:ffff:ffff:ffff:ffff,24017c80000000000000000000000000,24017c80ffffffffffffffffffffffff,32,中国,安徽,合肥,,,340100,31.820567,117.227267,city,,2401:7c80::/32
2401:7cc0::,2401:7cc0:ffff:ffff:ffff:ffff:ffff:ffff,24017cc0000000000000000000000000,24017cc0ffffffffffffffffffffffff,32,中国,,,,,,,,country,,2401:7cc0::/32
2401:7ce0::,2401:7ce0:ffff:ffff:ffff:ffff:ffff:ffff,24017ce0000000000000000000000000,24017ce0ffffffffffffffffffffffff,32,中国,,,,,,,,country,,2401:7ce0::/32
2401:7d20::,2401:7d20:ffff:ffff:ffff:ffff:ffff:ffff,24017d20000000000000000000000000,24017d20ffffffffffffffffffffffff,32,中国香港,香港,,,香港,,,,country,,2401:7d20::/32
2401:7d40::,2401:7d40:ffff:ffff:ffff:ffff:ffff:ffff,24017d40000000000000000000000000,24017d40ffffffffffffffffffffffff,32,中国,湖南,长沙,,,430100,28.228304,112.938882,city,,2401:7d40::/32
2401:7d80::,2401:7d80:ffff:ffff:ffff:ffff:ffff:ffff,24017d80000000000000000000000000,24017d80ffffffffffffffffffffffff,32,中国,四川,成都,,,510100,30.572961,104.066301,city,,2401:7d80::/32
2401:7e00::,2401:7e00:ffff:ffff:ffff:ffff:ffff:ffff,24017e00000000000000000000000000,24017e00ffffffffffffffffffffffff,32,中国,重庆,,,,500000,29.56268,106.551787,province,,2401:7e00::/32
2401:7f80::,2401:7f80:ffff:ffff:ffff:ffff:ffff:ffff,24017f80000000000000000000000000,24017f80ffffffffffffffffffffffff,32,中国,福建,厦门,,,350200,24.479627,118.08891,city,,2401:7f80::/32
2401:8000::,2401:803f:ffff:ffff:ffff:ffff:ffff:ffff,24018000000000000000000000000000,2401803fffffffffffffffffffffffff,26,中国台湾,台湾,,,台湾,,,,country,,2401:8000::/26
2401:81a0::,2401:81a0:ffff:ffff:ffff:ffff:ffff:ffff,240181a0000000000000000000000000,240181a0ffffffffffffffffffffffff,32,中国台湾,台湾,,,台湾,,,,country,,2401:81a0::/32
2401:8200::,2401:8200:ffff:ffff:ffff:ffff:ffff:ffff,24018200000000000000000000000000,24018200ffffffffffffffffffffffff,32,中国,北京,,,,110000,39.904179,116.407387,province,,2401:8200::/32
2401:82c0::,2401:82c0:ffff:ffff:ffff:ffff:ffff:ffff,240182c0000000000000000000000000,240182c0ffffffffffffffffffffffff,32,中国,,,,,,,,country,,2401:82c0::/32
2401:8380::,2401:8380:ffff:ffff:ffff:ffff:ffff:ffff,24018380000000000000000000000000,24018380ffffffffffffffffffffffff,32,中国,北京,,,,110000,39.904179,116.407387,province,,2401:8380::/32
2401:83a0::,2401:83a0:ffff:ffff:ffff:ffff:ffff:ffff,240183a0000000000000000000000000,240183a0ffffffffffffffffffffffff,32,中国台湾,台湾,,,台湾,,,,country,,2401:83a0::/32
2401:83e0::,2401:83e0:ffff:ffff:ffff:ffff:ffff:ffff,240183e0000000000000000000000000,240183e0ffffffffffffffffffffffff,32,中国台湾,台湾,,,台湾,,,,country,,2401:83e0::/32
2401:8420::,2401:8420:ffff:ffff:ffff:ffff:ffff:ffff,24018420000000000000000000000000,24018420ffffffffffffffffffffffff,32,中国台湾,台湾,,,台湾,,,,country,,2401:8420::/32
2401:8500::,2401:8500:ffff:ffff:ffff:ffff:ffff:ffff,24018500000000000000000000000000,24018500ffffffffffffffffffffffff,32,中国香港,香港,,,香港,,,,country,,2401:8500::/32
2401:8540::,2401:8540:ffff:ffff:ffff:ffff:ffff:ffff,24018540000000000000000000000000,24018540ffffffffffffffffffffffff,32,中国,,,,,,,,country,,2401:8540::/32
2401:85c0::,2401:85c0:ffff:ffff:ffff:ffff:ffff:ffff,240185c0000000000000000000000000,240185c0ffffffffffffffffffffffff,32,中国台湾,台湾,,,台湾,,,,country,,2401:85c0::/32
2401:8600::,2401:8600:ffff:ffff:ffff:ffff:ffff:ffff,24018600000000000000000000000000,24018600ffffffffffffffffffffffff,32,中国,上海,,,,310000,31.230525,121.473667,province,,2401:8600::/32
2401:8680::,2401:8680:ffff:ffff:ffff:ffff:ffff:ffff,24018680000000000000000000000000,24018680ffffffffffffffffffffffff,32,中国,北京,,,,110000,39.904179,116.407387,province,,2401:8680::/32
2401:86a0::,2401:86a0:ffff:ffff:ffff:ffff:ffff:ffff,240186a0000000000000000000000000,240186a0ffffffffffffffffffffffff,32,中国香港,香港,,,香港,,,,country,,2401:86a0::/32
2401:8720::,2401:8720:ffff:ffff:ffff:ffff:ffff:ffff,24018720000000000000000000000000,24018720ffffffffffffffffffffffff,32,中国,,,,,,,,country,,2401:8720::/32
2401:87c0::,2401:87c0:ffff:ffff:ffff:ffff:ffff:ffff,240187c0000000000000000000000000,240187c0ffffffffffffffffffffffff,32,中国香港,香港,,,香港,,,,country,,2401:87c0::/32
2401:87e0::,2401:87e0:ffff:ffff:ffff:ffff:ffff:ffff,240187e0000000000000000000000000,240187e0ffffffffffffffffffffffff,32,中国,,,,,,,,country,,2401:87e0::/32
2401:8820::,2401:8821:ffff:ffff:ffff:ffff:ffff:ffff,24018820000000000000000000000000,24018821ffffffffffffffffffffffff,31,中国,,,,,,,,country,,2401:8820::/31
2401:8840::,2401:8840:ffff:ffff:ffff:ffff:ffff:ffff,24018840000000000000000000000000,24018840ffffffffffffffffffffffff,32,中国,,,,,,,,country,,2401:8840::/32
2401:8880::,2401:8880:ffff:ffff:ffff:ffff:ffff:ffff,24018880000000000000000000000000,24018880ffffffffffffffffffffffff,32,中国香港,香港,,,香港,,,,country,,2401:8880::/32
2401:88a0::,2401:88a0:ffff:ffff:ffff:ffff:ffff:ffff,240188a0000000000000000000000000,240188a0ffffffffffffffffffffffff,32,中国台湾,台湾,,,台湾,,,,country,,2401:88a0::/32
2401:89a0::,2401:89a0:ffff:ffff:ffff:ffff:ffff:ffff,240189a0000000000000000000000000,240189a0ffffffffffffffffffffffff,32,中国香港,香港,,,香港,,,,country,,2401:89a0::/32
2401:89c0::,2401:89c0:ffff:ffff:ffff:ffff:ffff:ffff,240189c0000000000000000000000000,240189c0ffffffffffffffffffffffff,32,中国香港,香港,,,香港,,,,country,,2401:89c0::/32
2401:8a00::,2401:8a00:ffff:ffff:ffff:ffff:ffff:ffff,24018a00000000000000000000000000,24018a00ffffffffffffffffffffffff,32,中国香港,香港,,,香港,,,,country,,2401:8a00::/32
2401:8b80::,2401:8b80:ffff:ffff:ffff:ffff:ffff:ffff,24018b80000000000000000000000000,24018b80ffffffffffffffffffffffff,32,中国香港,香港,,,香港,,,,country,,2401:8b80::/32
2401:8be0::,2401:8be0:ffff:ffff:ffff:ffff:ffff:ffff,24018be0000000000000000000000000,24018be0ffffffffffffffffffffffff,32,中国,,,,,,,,country,,2401:8be0::/32
2401:8d00::,2401:8d00:ffff:ffff:ffff:ffff:ffff:ffff,24018d00000000000000000000000000,24018d00ffffffffffffffffffffffff,32,中国,北京,,,,110000,39.904179,116.407387,province,,2401:8d00::/32
2401:8d40::,2401:8d40:ffff:ffff:ffff:ffff:ffff:ffff,24018d40000000000000000000000000,24018d40ffffffffffffffffffffffff,32,中国香港,香港,,,香港,,,,country,,2401:8d40::/32
2401:8da0::,2401:8da0:ffff:ffff:ffff:ffff:ffff:ffff,24018da0000000000000000000000000,24018da0ffffffffffffffffffffffff,32,中国,,,,,,,,country,,2401:8da0::/32
2401:8f40::,2401:8f40:ffff:ffff:ffff:ffff:ffff:ffff,24018f40000000000000000000000000,24018f40ffffffffffffffffffffffff,32,中国,,,,,,,,country,,2401:8f40::/32
2401:8fc0::,2401:8fc0:ffff:ffff:ffff:ffff:ffff:ffff,24018fc0000000000000000000000000,24018fc0ffffffffffffffffffffffff,32,中国,,,,,,,,country,,2401:8fc0::/32
2401:90a0::,2401:90a0:ffff:ffff:ffff:ffff:ffff:ffff,240190a0000000000000000000000000,240190a0ffffffffffffffffffffffff,32,中国,,,,,,,,country,,2401:90a0::/32
2401:9100::,2401:9100:ffff:ffff:ffff:ffff:ffff:ffff,24019100000000000000000000000000,24019100ffffffffffffffffffffffff,32,中国澳门,澳门,,,澳门,,,,country,,2401:9100::/32
2401:9140::,2401:9140:ffff:ffff:ffff:ffff:ffff:ffff,24019140000000000000000000000000,24019140ffffffffffffffffffffffff,32,中国香港,香港,,,香港,,,,country,,2401:9140::/32
2401:9260::,2401:9260:ffff:ffff:ffff:ffff:ffff:ffff,24019260000000000000000000000000,24019260ffffffffffffffffffffffff,32,中国,,,,,,,,country,,2401:9260::/32
2401:92a0::,2401:92a0:ffff:ffff:ffff:ffff:ffff:ffff,240192a0000000000000000000000000,240192a0ffffffffffffffffffffffff,32,中国,,,,,,,,country,,2401:92a0::/32
2401:92e0::,2401:92e0:ffff:ffff:ffff:ffff:ffff:ffff,240192e0000000000000000000000000,240192e0ffffffffffffffffffffffff,32,中国,,,,,,,,country,,2401:92e0::/32
2401:9340::,2401:9340:ffff:ffff:ffff:ffff:ffff:ffff,24019340000000000000000000000000,24019340ffffffffffffffffffffffff,32,中国,,,,,,,,country,,2401:9340::/32
2401:95a0::,2401:95a0:ffff:ffff:ffff:ffff:ffff:ffff,240195a0000000000000000000000000,240195a0ffffffffffffffffffffffff,32,中国香港,香港,,,香港,,,,country,,2401:95a0::/32
2401:95c0::,2401:95c0:ffff:ffff:ffff:ffff:ffff:ffff,240195c0000000000000000000000000,240195c0ffffffffffffffffffffffff,32,中国台湾,台湾,,,台湾,,,,country,,2401:95c0::/32
2401:95e0::,2401:95e0:ffff:ffff:ffff:ffff:ffff:ffff,240195e0000000000000000000000000,240195e0ffffffffffffffffffffffff,32,中国,,,,,,,,country,,2401:95e0::/32
2401:9600::,2401:9600:ffff:ffff:ffff:ffff:ffff:ffff,24019600000000000000000000000000,24019600ffffffffffffffffffffffff,32,中国,广东,深圳,,,440300,22.543527,114.057939,city,,2401:9600::/32
2401:96c0::,2401:96c0:ffff:ffff:ffff:ffff:ffff:ffff,240196c0000000000000000000000000,240196c0ffffffffffffffffffffffff,32,中国,,,,,,,,country,,2401:96c0::/32
2401:96e0::,2401:96e0:ffff:ffff:ffff:ffff:ffff:ffff,240196e0000000000000000000000000,240196e0ffffffffffffffffffffffff,32,中国,,,,,,,,country,,2401:96e0::/32
2401:9720::,2401:9720:ffff:ffff:ffff:ffff:ffff:ffff,24019720000000000000000000000000,24019720ffffffffffffffffffffffff,32,中国,,,,,,,,country,,2401:9720::/32
2401:9740::,2401:9740:ffff:ffff:ffff:ffff:ffff:ffff,24019740000000000000000000000000,24019740ffffffffffffffffffffffff,32,中国,,,,,,,,country,,2401:9740::/32
2401:97a0::,2401:97a0:ffff:ffff:ffff:ffff:ffff:ffff,240197a0000000000000000000000000,240197a0ffffffffffffffffffffffff,32,中国,,,,,,,,country,,2401:97a0::/32
2401:97e0::,2401:97e0:ffff:ffff:ffff:ffff:ffff:ffff,240197e0000000000000000000000000,240197e0ffffffffffffffffffffffff,32,中国台湾,台湾,,,台湾,,,,country,,2401:97e0::/32
2401:9820::,2401:9820:ffff:ffff:ffff:ffff:ffff:ffff,24019820000000000000000000000000,24019820ffffffffffffffffffffffff,32,中国香港,香港,,,香港,,,,country,,2401:9820::/32
2401:9880::,2401:9880:ffff:ffff:ffff:ffff:ffff:ffff,24019880000000000000000000000000,24019880ffffffffffffffffffffffff,32,中国香港,香港,,,香港,,,,country,,2401:9880::/32
2401:98c0::,2401:98c0:ffff:ffff:ffff:ffff:ffff:ffff,240198c0000000000000000000000000,240198c0ffffffffffffffffffffffff,32,中国,,,,,,,,country,,2401:98c0::/32
2401:99c0::,2401:99c0:ffff:ffff:ffff:ffff:ffff:ffff,240199c0000000000000000000000000,240199c0ffffffffffffffffffffffff,32,中国香港,香港,,,香港,,,,country,,2401:99c0::/32
2401:9a00::,2401:9a00:ffff:ffff:ffff:ffff:ffff:ffff,24019a00000000000000000000000000,24019a00ffffffffffffffffffffffff,32,中国,广东,广州,,,440100,23.130061,113.264499,city,,2401:9a00::/32
2401:9ac0::,2401:9ac0:ffff:ffff:ffff:ffff:ffff:ffff,24019ac0000000000000000000000000,24019ac0ffffffffffffffffffffffff,32,中国,,,,,,,,country,,2401:9ac0::/32
2401:9b20::,2401:9b21:ffff:ffff:ffff:ffff:ffff:ffff,24019b20000000000000000000000000,24019b21ffffffffffffffffffffffff,31,中国,,,,,,,,country,,2401:9b20::/31
2401:9b40::,2401:9b40:ffff:ffff:ffff:ffff:ffff:ffff,24019b40000000000000000000000000,24019b40ffffffffffffffffffffffff,32,中国,,,,,,,,country,,2401:9b40::/32
2401:9b60::,2401:9b60:ffff:ffff:ffff:ffff:ffff:ffff,24019b60000000000000000000000000,24019b60ffffffffffffffffffffffff,32,中国,,,,,,,,country,,2401:9b60::/32
2401:9bc0::,2401:9bc0:ffff:ffff:ffff:ffff:ffff:ffff,24019bc0000000000000000000000000,24019bc0ffffffffffffffffffffffff,32,中国,,,,,,,,country,,2401:9bc0::/32
2401:9c80::,2401:9c80:ffff:ffff:ffff:ffff:ffff:ffff,24019c80000000000000000000000000,24019c80ffffffffffffffffffffffff,32,中国香港,香港,,,香港,,,,country,,2401:9c80::/32
2401:9ca0::,2401:9ca0:ffff:ffff:ffff:ffff:ffff:ffff,24019ca0000000000000000000000000,24019ca0ffffffffffffffffffffffff,32,中国,,,,,,,,country,,2401:9ca0::/32
2401:9d20::,2401:9d20:ffff:ffff:ffff:ffff:ffff:ffff,24019d20000000000000000000000000,24019d20ffffffffffffffffffffffff,32,中国,,,,,,,,country,,2401:9d20::/32
2401:9d80::,2401:9d80:ffff:ffff:ffff:ffff:ffff:ffff,24019d80000000000000000000000000,24019d80ffffffffffffffffffffffff,32,中国香港,香港,,,香港,,,,country,,2401:9d80::/32
2401:9dc0::,2401:9dc0:ffff:ffff:ffff:ffff:ffff:ffff,24019dc0000000000000000000000000,24019dc0ffffffffffffffffffffffff,32,中国,,,,,,,,country,,2401:9dc0::/32
2401:9e20::,2401:9e20:ffff:ffff:ffff:ffff:ffff:ffff,24019e20000000000000000000000000,24019e20ffffffffffffffffffffffff,32,中国,,,,,,,,country,,2401:9e20::/32
2401:9e40::,2401:9e40:ffff:ffff:ffff:ffff:ffff:ffff,24019e40000000000000000000000000,24019e40ffffffffffffffffffffffff,32,中国,,,,,,,,country,,2401:9e40::/32
2401:9e60::,2401:9e60:ffff:ffff:ffff:ffff:ffff:ffff,24019e60000000000000000000000000,24019e60ffffffffffffffffffffffff,32,中国台湾,台湾,,,台湾,,,,country,,2401:9e60::/32
2401:9f00::,2401:9f00:ffff:ffff:ffff:ffff:ffff:ffff,24019f00000000000000000000000000,24019f00ffffffffffffffffffffffff,32,中国香港,香港,,,香港,,,,country,,2401:9f00::/32
2401:9f80::,2401:9f80:ffff:ffff:ffff:ffff:ffff:ffff,24019f80000000000000000000000000,24019f80ffffffffffffffffffffffff,32,中国,湖北,武汉,,,420100,30.593354,114.304569,city,,2401:9f80::/32
2401:9fa0::,2401:9fa0:ffff:ffff:ffff:ffff:ffff:ffff,24019fa0000000000000000000000000,24019fa0ffffffffffffffffffffffff,32,中国,,,,,,,,country,,2401:9fa0::/32
2401:a040::,2401:a040:ffff:ffff:ffff:ffff:ffff:ffff,2401a040000000000000000000000000,2401a040ffffffffffffffffffffffff,32,中国台湾,台湾,,,台湾,,,,country,,2401:a040::/32
2401:a060::,2401:a060:ffff:ffff:ffff:ffff:ffff:ffff,2401a060000000000000000000000000,2401a060ffffffffffffffffffffffff,32,中国香港,香港,,,香港,,,,country,,2401:a060::/32
2401:a080::,2401:a080:ffff:ffff:ffff:ffff:ffff:ffff,2401a080000000000000000000000000,2401a080ffffffffffffffffffffffff,32,中国香港,香港,,,香港,,,,country,,2401:a080::/32
2401:a140::,2401:a140:ffff:ffff:ffff:ffff:ffff:ffff,2401a140000000000000000000000000,2401a140ffffffffffffffffffffffff,32,中国,,,,,,,,country,,2401:a140::/32
2401:a180::,2401:a180:ffff:ffff:ffff:ffff:ffff:ffff,2401a180000000000000000000000000,2401a180ffffffffffffffffffffffff,32,中国,山东,烟台,龙口,,370681,37.645281,120.47614,district,,2401:a180::/32
2401:a2a0::,2401:a2a0:ffff:ffff:ffff:ffff:ffff:ffff,2401a2a0000000000000000000000000,2401a2a0ffffffffffffffffffffffff,32,中国香港,香港,,,香港,,,,country,,2401:a2a0::/32
2401:a2e0::,2401:a2e0:ffff:ffff:ffff:ffff:ffff:ffff,2401a2e0000000000000000000000000,2401a2e0ffffffffffffffffffffffff,32,中国,,,,,,,,country,,2401:a2e0::/32
2401:a340::,2401:a340:ffff:ffff:ffff:ffff:ffff:ffff,2401a340000000000000000000000000,2401a340ffffffffffffffffffffffff,32,中国,,,,,,,,country,,2401:a340::/32
2401:a3a0::,2401:a3a0:ffff:ffff:ffff:ffff:ffff:ffff,2401a3a0000000000000000000000000,2401a3a0ffffffffffffffffffffffff,32,中国,,,,,,,,country,,2401:a3a0::/32
2401:a3c0::,2401:a3c0:ffff:ffff:ffff:ffff:ffff:ffff,2401a3c0000000000000000000000000,2401a3c0ffffffffffffffffffffffff,32,中国,,,,,,,,country,,2401:a3c0::/32
2401:a420::,2401:a420:ffff:ffff:ffff:ffff:ffff:ffff,2401a420000000000000000000000000,2401a420ffffffffffffffffffffffff,32,中国香港,香港,,,香港,,,,country,,2401:a420::/32
2401:a4c0::,2401:a4c0:ffff:ffff:ffff:ffff:ffff:ffff,2401a4c0000000000000000000000000,2401a4c0ffffffffffffffffffffffff,32,中国,,,,,,,,country,,2401:a4c0::/32
2401:a4e0::,2401:a4e0:ffff:ffff:ffff:ffff:ffff:ffff,2401a4e0000000000000000000000000,2401a4e0ffffffffffffffffffffffff,32,中国,,,,,,,,country,,2401:a4e0::/32
2401:a540::,2401:a540:ffff:ffff:ffff:ffff:ffff:ffff,2401a540000000000000000000000000,2401a540ffffffffffffffffffffffff,32,中国,,,,,,,,country,,2401:a540::/32
2401:a5c0::,2401:a5c0:ffff:ffff:ffff:ffff:ffff:ffff,2401a5c0000000000000000000000000,2401a5c0ffffffffffffffffffffffff,32,中国,,,,,,,,country,,2401:a5c0::/32
2401:a620::,2401:a620:ffff:ffff:ffff:ffff:ffff:ffff,2401a620000000000000000000000000,2401a620ffffffffffffffffffffffff,32,中国,,,,,,,,country,,2401:a620::/32
2401:a640::,2401:a640:ffff:ffff:ffff:ffff:ffff:ffff,2401a640000000000000000000000000,2401a640ffffffffffffffffffffffff,32,中国,,,,,,,,country,,2401:a640::/32
2401:a680::,2401:a680:ffff:ffff:ffff:ffff:ffff:ffff,2401a680000000000000000000000000,2401a680ffffffffffffffffffffffff,32,中国香港,香港,,,香港,,,,country,,2401:a680::/32
2401:a6c0::,2401:a6c0:ffff:ffff:ffff:ffff:ffff:ffff,2401a6c0000000000000000000000000,2401a6c0ffffffffffffffffffffffff,32,中国香港,香港,,,香港,,,,country,,2401:a6c0::/32
2401:a6e0::,2401:a6e0:ffff:ffff:ffff:ffff:ffff:ffff,2401a6e0000000000000000000000000,2401a6e0ffffffffffffffffffffffff,32,中国,,,,,,,,country,,2401:a6e0::/32
2401:a720::,2401:a720:ffff:ffff:ffff:ffff:ffff:ffff,2401a720000000000000000000000000,2401a720ffffffffffffffffffffffff,32,中国,,,,,,,,country,,2401:a720::/32
2401:a8e0::,2401:a8e0:ffff:ffff:ffff:ffff:ffff:ffff,2401a8e0000000000000000000000000,2401a8e0ffffffffffffffffffffffff,32,中国香港,香港,,,香港,,,,country,,2401:a8e0::/32
2401:a940::,2401:a940:ffff:ffff:ffff:ffff:ffff:ffff,2401a940000000000000000000000000,2401a940ffffffffffffffffffffffff,32,中国,,,,,,,,country,,2401:a940::/32
2401:a980::,2401:a980:ffff:ffff:ffff:ffff:ffff:ffff,2401a980000000000000000000000000,2401a980ffffffffffffffffffffffff,32,中国,北京,,,,110000,39.904179,116.407387,province,,2401:a980::/32
2401:a9a0::,2401:a9a0:ffff:ffff:ffff:ffff:ffff:ffff,2401a9a0000000000000000000000000,2401a9a0ffffffffffffffffffffffff,32,中国,,,,,,,,country,,2401:a9a0::/32
2401:aa00::,2401:aa00:ffff:ffff:ffff:ffff:ffff:ffff,2401aa00000000000000000000000000,2401aa00ffffffffffffffffffffffff,32,中国,北京,,,,110000,39.904179,116.407387,province,,2401:aa00::/32
2401:aa20::,2401:aa20:ffff:ffff:ffff:ffff:ffff:ffff,2401aa20000000000000000000000000,2401aa20ffffffffffffffffffffffff,32,中国,,,,,,,,country,,2401:aa20::/32
2401:aa40::,2401:aa40:ffff:ffff:ffff:ffff:ffff:ffff,2401aa40000000000000000000000000,2401aa40ffffffffffffffffffffffff,32,中国,,,,,,,,country,,2401:aa40::/32
2401:ab00::,2401:ab00:ffff:ffff:ffff:ffff:ffff:ffff,2401ab00000000000000000000000000,2401ab00ffffffffffffffffffffffff,32,中国台湾,台湾,,,台湾,,,,country,,2401:ab00::/32
2401:ab60::,2401:ab60:ffff:ffff:ffff:ffff:ffff:ffff,2401ab60000000000000000000000000,2401ab60ffffffffffffffffffffffff,32,中国,,,,,,,,country,,2401:ab60::/32
2401:ab80::,2401:ab80:ffff:ffff:ffff:ffff:ffff:ffff,2401ab80000000000000000000000000,2401ab80ffffffffffffffffffffffff,32,中国香港,香港,,,香港,,,,country,,2401:ab80::/32
2401:aba0::,2401:aba0:ffff:ffff:ffff:ffff:ffff:ffff,2401aba0000000000000000000000000,2401aba0ffffffffffffffffffffffff,32,中国,,,,,,,,country,,2401:aba0::/32
2401:acc0::,2401:acc0:ffff:ffff:ffff:ffff:ffff:ffff,2401acc0000000000000000000000000,2401acc0ffffffffffffffffffffffff,32,中国,,,,,,,,country,,2401:acc0::/32
2401:ad40::,2401:ad40:ffff:ffff:ffff:ffff:ffff:ffff,2401ad40000000000000000000000000,2401ad40ffffffffffffffffffffffff,32,中国,,,,,,,,country,,2401:ad40::/32
2401:ada0::,2401:ada0:ffff:ffff:ffff:ffff:ffff:ffff,2401ada0000000000000000000000000,2401ada0ffffffffffffffffffffffff,32,中国香港,香港,,,香港,,,,country,,2401:ada0::/32
2401:adc0::,2401:adc0:ffff:ffff:ffff:ffff:ffff:ffff,2401adc0000000000000000000000000,2401adc0ffffffffffffffffffffffff,32,中国,,,,,,,,country,,2401:adc0::/32
2401:af20::,2401:af20:ffff:ffff:ffff:ffff:ffff:ffff,2401af20000000000000000000000000,2401af20ffffffffffffffffffffffff,32,中国台湾,台湾,,,台湾,,,,country,,2401:af20::/32
2401:afa0::,2401:afa0:ffff:ffff:ffff:ffff:ffff:ffff,2401afa0000000000000000000000000,2401afa0ffffffffffffffffffffffff,32,中国,,,,,,,,country,,2401:afa0::/32
2401:b040::,2401:b040:ffff:ffff:ffff:ffff:ffff:ffff,2401b040000000000000000000000000,2401b040ffffffffffffffffffffffff,32,中国,,,,,,,,country,,2401:b040::/32
2401:b0e0::,2401:b0e0:ffff:ffff:ffff:ffff:ffff:ffff,2401b0e0000000000000000000000000,2401b0e0ffffffffffffffffffffffff,32,中国香港,香港,,,香港,,,,country,,2401:b0e0::/32
2401:b180::,2401:b180:ffff:ffff:ffff:ffff:ffff:ffff,2401b180000000000000000000000000,2401b180ffffffffffffffffffffffff,32,中国,广东,深圳,,,440300,22.543527,114.057939,city,,2401:b180::/32
2401:b220::,2401:b220:ffff:ffff:ffff:ffff:ffff:ffff,2401b220000000000000000000000000,2401b220ffffffffffffffffffffffff,32,中国,,,,,,,,country,,2401:b220::/32
2401:b340::,2401:b340:ffff:ffff:ffff:ffff:ffff:ffff,2401b340000000000000000000000000,2401b340ffffffffffffffffffffffff,32,中国,,,,,,,,country,,2401:b340::/32
2401:b360::,2401:b360:ffff:ffff:ffff:ffff:ffff:ffff,2401b360000000000000000000000000,2401b360ffffffffffffffffffffffff,32,中国,,,,,,,,country,,2401:b360::/32
2401:b400::,2401:b400:ffff:ffff:ffff:ffff:ffff:ffff,2401b400000000000000000000000000,2401b400ffffffffffffffffffffffff,32,中国,北京,,,,110000,39.904179,116.407387,province,,2401:b400::/32
2401:b440::,2401:b440:ffff:ffff:ffff:ffff:ffff:ffff,2401b440000000000000000000000000,2401b440ffffffffffffffffffffffff,32,中国香港,香港,,,香港,,,,country,,2401:b440::/32
2401:b480::,2401:b480:ffff:ffff:ffff:ffff:ffff:ffff,2401b480000000000000000000000000,2401b480ffffffffffffffffffffffff,32,中国,山东,烟台,龙口,,370681,37.645281,120.47614,district,,2401:b480::/32
2401:b4a0::,2401:b4a0:ffff:ffff:ffff:ffff:ffff:ffff,2401b4a0000000000000000000000000,2401b4a0ffffffffffffffffffffffff,32,中国台湾,台湾,,,台湾,,,,country,,2401:b4a0::/32
2401:b4c0::,2401:b4c0:ffff:ffff:ffff:ffff:ffff:ffff,2401b4c0000000000000000000000000,2401b4c0ffffffffffffffffffffffff,32,中国,,,,,,,,country,,2401:b4c0::/32
2401:b4e0::,2401:b4e0:ffff:ffff:ffff:ffff:ffff:ffff,2401b4e0000000000000000000000000,2401b4e0ffffffffffffffffffffffff,32,中国,,,,,,,,country,,2401:b4e0::/32
2401:b540::,2401:b540:ffff:ffff:ffff:ffff:ffff:ffff,2401b540000000000000000000000000,2401b540ffffffffffffffffffffffff,32,中国,,,,,,,,country,,2401:b540::/32
2401:b580::,2401:b580:ffff:ffff:ffff:ffff:ffff:ffff,2401b580000000000000000000000000,2401b580ffffffffffffffffffffffff,32,中国,贵州,贵阳,,,520100,26.646694,106.628201,city,,2401:b580::/32
2401:b5a0::,2401:b5a0:ffff:ffff:ffff:ffff:ffff:ffff,2401b5a0000000000000000000000000,2401b5a0ffffffffffffffffffffffff,32,中国,,,,,,,,country,,2401:b5a0::/32
2401:b600::,2401:b600:ffff:ffff:ffff:ffff:ffff:ffff,2401b600000000000000000000000000,2401b600ffffffffffffffffffffffff,32,中国,上海,,,,310000,31.230525,121.473667,province,,2401:b600::/32
2401:b680::,2401:b680:ffff:ffff:ffff:ffff:ffff:ffff,2401b680000000000000000000000000,2401b680ffffffffffffffffffffffff,32,中国,北京,,,,110000,39.904179,116.407387,province,,2401:b680::/32
2401:b6c0::,2401:b6c0:ffff:ffff:ffff:ffff:ffff:ffff,2401b6c0000000000000000000000000,2401b6c0ffffffffffffffffffffffff,32,中国,,,,,,,,country,,2401:b6c0::/32
2401:b6e0::,2401:b6e0:ffff:ffff:ffff:ffff:ffff:ffff,2401b6e0000000000000000000000000,2401b6e0ffffffffffffffffffffffff,32,中国,,,,,,,,country,,2401:b6e0::/32
2401:b7c0::,2401:b7c0:ffff:ffff:ffff:ffff:ffff:ffff,2401b7c0000000000000000000000000,2401b7c0ffffffffffffffffffffffff,32,中国,,,,,,,,country,,2401:b7c0::/32
2401:b940::,2401:b940:ffff:ffff:ffff:ffff:ffff:ffff,2401b940000000000000000000000000,2401b940ffffffffffffffffffffffff,32,中国,,,,,,,,country,,2401:b940::/32
2401:b960::,2401:b960:ffff:ffff:ffff:ffff:ffff:ffff,2401b960000000000000000000000000,2401b960ffffffffffffffffffffffff,32,中国香港,香港,,,香港,,,,country,,2401:b960::/32
2401:b9a0::,2401:b9a0:ffff:ffff:ffff:ffff:ffff:ffff,2401b9a0000000000000000000000000,2401b9a0ffffffffffffffffffffffff,32,中国台湾,台湾,,,台湾,,,,country,,2401:b9a0::/32
2401:ba00::,2401:ba00:ffff:ffff:ffff:ffff:ffff:ffff,2401ba00000000000000000000000000,2401ba00ffffffffffffffffffffffff,32,中国,北京,,,,110000,39.904179,116.407387,province,,2401:ba00::/32
2401:ba40::,2401:ba40:ffff:ffff:ffff:ffff:ffff:ffff,2401ba40000000000000000000000000,2401ba40ffffffffffffffffffffffff,32,中国,,,,,,,,country,,2401:ba40::/32
2401:ba60::,2401:ba60:ffff:ffff:ffff:ffff:ffff:ffff,2401ba60000000000000000000000000,2401ba60ffffffffffffffffffffffff,32,中国台湾,台湾,,,台湾,,,,country,,2401:ba60::/32
2401:bb20::,2401:bb20:ffff:ffff:ffff:ffff:ffff:ffff,2401bb20000000000000000000000000,2401bb20ffffffffffffffffffffffff,32,中国,,,,,,,,country,,2401:bb20::/32
2401:bb80::,2401:bb80:ffff:ffff:ffff:ffff:ffff:ffff,2401bb80000000000000000000000000,2401bb80ffffffffffffffffffffffff,32,中国,广东,深圳,,,440300,22.543527,114.057939,city,,2401:bb80::/32
2401:bbc0::,2401:bbc0:ffff:ffff:ffff:ffff:ffff:ffff,2401bbc0000000000000000000000000,2401bbc0ffffffffffffffffffffffff,32,中国香港,香港,,,香港,,,,country,,2401:bbc0::/32
2401:bbe0::,2401:bbe0:ffff:ffff:ffff:ffff:ffff:ffff,2401bbe0000000000000000000000000,2401bbe0ffffffffffffffffffffffff,32,中国香港,香港,,,香港,,,,country,,2401:bbe0::/32
2401:bc60::,2401:bc61:ffff:ffff:ffff:ffff:ffff:ffff,2401bc60000000000000000000000000,2401bc61ffffffffffffffffffffffff,31,中国,,,,,,,,country,,2401:bc60::/31
2401:bd60::,2401:bd60:ffff:ffff:ffff:ffff:ffff:ffff,2401bd60000000000000000000000000,2401bd60ffffffffffffffffffffffff,32,中国,,,,,,,,country,,2401:bd60::/32
2401:bda0::,2401:bda0:ffff:ffff:ffff:ffff:ffff:ffff,2401bda0000000000000000000000000,2401bda0ffffffffffffffffffffffff,32,中国,,,,,,,,country,,2401:bda0::/32
2401:be00::,2401:be00:ffff:ffff:ffff:ffff:ffff:ffff,2401be00000000000000000000000000,2401be00ffffffffffffffffffffffff,32,中国,北京,,,,110000,39.904179,116.407387,province,,2401:be00::/32
2401:bec0::,2401:bec0:ffff:ffff:ffff:ffff:ffff:ffff,2401bec0000000000000000000000000,2401bec0ffffffffffffffffffffffff,32,中国香港,香港,,,香港,,,,country,,2401:bec0::/32
2401:bf20::,2401:bf20:ffff:ffff:ffff:ffff:ffff:ffff,2401bf20000000000000000000000000,2401bf20ffffffffffffffffffffffff,32,中国,,,,,,,,country,,2401:bf20::/32
2401:bf60::,2401:bf60:ffff:ffff:ffff:ffff:ffff:ffff,2401bf60000000000000000000000000,2401bf60ffffffffffffffffffffffff,32,中国台湾,台湾,,,台湾,,,,country,,2401:bf60::/32
2401:c020::,2401:c020:ffff:ffff:ffff:ffff:ffff:ffff,2401c020000000000000000000000000,2401c020ffffffffffffffffffffffff,32,中国,,,,,,,,country,,2401:c020::/32
2401:c0c0::,2401:c0c0:ffff:ffff:ffff:ffff:ffff:ffff,2401c0c0000000000000000000000000,2401c0c0ffffffffffffffffffffffff,32,中国香港,香港,,,香港,,,,country,,2401:c0c0::/32
2401:c200::,2401:c200:ffff:ffff:ffff:ffff:ffff:ffff,2401c200000000000000000000000000,2401c200ffffffffffffffffffffffff,32,中国,北京,,,,110000,39.904179,116.407387,province,,2401:c200::/32
2401:c480::,2401:c480:ffff:ffff:ffff:ffff:ffff:ffff,2401c480000000000000000000000000,2401c480ffffffffffffffffffffffff,32,中国香港,香港,,,香港,,,,country,,2401:c480::/32
2401:c540::,2401:c540:ffff:ffff:ffff:ffff:ffff:ffff,2401c540000000000000000000000000,2401c540ffffffffffffffffffffffff,32,中国,,,,,,,,country,,2401:c540::/32
2401:c600::,2401:c600:ffff:ffff:ffff:ffff:ffff:ffff,2401c600000000000000000000000000,2401c600ffffffffffffffffffffffff,32,中国,北京,,,,110000,39.904179,116.407387,province,,2401:c600::/32
2401:c620::,2401:c620:ffff:ffff:ffff:ffff:ffff:ffff,2401c620000000000000000000000000,2401c620ffffffffffffffffffffffff,32,中国台湾,台湾,,,台湾,,,,country,,2401:c620::/32
2401:c640::,2401:c640:ffff:ffff:ffff:ffff:ffff:ffff,2401c640000000000000000000000000,2401c640ffffffffffffffffffffffff,32,中国,,,,,,,,country,,2401:c640::/32
2401:c6c0::,2401:c6c0:ffff:ffff:ffff:ffff:ffff:ffff,2401c6c0000000000000000000000000,2401c6c0ffffffffffffffffffffffff,32,中国,,,,,,,,country,,2401:c6c0::/32
2401:c700::,2401:c700:ffff:ffff:ffff:ffff:ffff:ffff,2401c700000000000000000000000000,2401c700ffffffffffffffffffffffff,32,中国香港,香港,,,香港,,,,country,,2401:c700::/32
2401:c840::,2401:c840:ffff:ffff:ffff:ffff:ffff:ffff,2401c840000000000000000000000000,2401c840ffffffffffffffffffffffff,32,中国,,,,,,,,country,,2401:c840::/32
2401:c8c0::,2401:c8c0:ffff:ffff:ffff:ffff:ffff:ffff,2401c8c0000000000000000000000000,2401c8c0ffffffffffffffffffffffff,32,中国,,,,,,,,country,,2401:c8c0::/32
2401:ca00::,2401:ca00:ffff:ffff:ffff:ffff:ffff:ffff,2401ca00000000000000000000000000,2401ca00ffffffffffffffffffffffff,32,中国,天津,,,,120000,39.085318,117.201509,province,,2401:ca00::/32
2401:ca20::,2401:ca20:ffff:ffff:ffff:ffff:ffff:ffff,2401ca20000000000000000000000000,2401ca20ffffffffffffffffffffffff,32,中国,,,,,,,,country,,2401:ca20::/32
2401:caa0::,2401:caa0:ffff:ffff:ffff:ffff:ffff:ffff,2401caa0000000000000000000000000,2401caa0ffffffffffffffffffffffff,32,中国台湾,台湾,,,台湾,,,,country,,2401:caa0::/32
2401:cae0::,2401:cae0:ffff:ffff:ffff:ffff:ffff:ffff,2401cae0000000000000000000000000,2401cae0ffffffffffffffffffffffff,32,中国台湾,台湾,,,台湾,,,,country,,2401:cae0::/32
2401:cb80::,2401:cb80:ffff:ffff:ffff:ffff:ffff:ffff,2401cb80000000000000000000000000,2401cb80ffffffffffffffffffffffff,32,中国,广西,南宁,,,450100,22.8177,108.366407,city,,2401:cb80::/32
2401:cbe0::,2401:cbe0:ffff:ffff:ffff:ffff:ffff:ffff,2401cbe0000000000000000000000000,2401cbe0ffffffffffffffffffffffff,32,中国,,,,,,,,country,,2401:cbe0::/32
2401:cc00::,2401:cc00:ffff:ffff:ffff:ffff:ffff:ffff,2401cc00000000000000000000000000,2401cc00ffffffffffffffffffffffff,32,中国,山东,济南,,教育网,370100,36.652069,117.120128,city,,2401:cc00::/32
2401:cc60::,2401:cc60:ffff:ffff:ffff:ffff:ffff:ffff,2401cc60000000000000000000000000,2401cc60ffffffffffffffffffffffff,32,中国,,,,,,,,country,,2401:cc60::/32
2401:cc80::,2401:cc80:ffff:ffff:ffff:ffff:ffff:ffff,2401cc80000000000000000000000000,2401cc80ffffffffffffffffffffffff,32,中国香港,香港,,,香港,,,,country,,2401:cc80::/32
2401:cd60::,2401:cd60:ffff:ffff:ffff:ffff:ffff:ffff,2401cd60000000000000000000000000,2401cd60ffffffffffffffffffffffff,32,中国台湾,台湾,,,台湾,,,,country,,2401:cd60::/32
2401:cdc0::,2401:cdc0:ffff:ffff:ffff:ffff:ffff:ffff,2401cdc0000000000000000000000000,2401cdc0ffffffffffffffffffffffff,32,中国香港,香港,,,香港,,,,country,,2401:cdc0::/32
2401:ce00::,2401:ce00:ffff:ffff:ffff:ffff:ffff:ffff,2401ce00000000000000000000000000,2401ce00ffffffffffffffffffffffff,32,中国,浙江,杭州,,,330100,30.246566,120.209903,city,,2401:ce00::/32
2401:ce20::,2401:ce20:ffff:ffff:ffff:ffff:ffff:ffff,2401ce20000000000000000000000000,2401ce20ffffffffffffffffffffffff,32,中国香港,香港,,,香港,,,,country,,2401:ce20::/32
2401:cec0::,2401:cec0:ffff:ffff:ffff:ffff:ffff:ffff,2401cec0000000000000000000000000,2401cec0ffffffffffffffffffffffff,32,中国香港,香港,,,香港,,,,country,,2401:cec0::/32
2401:cf40::,2401:cf40:ffff:ffff:ffff:ffff:ffff:ffff,2401cf40000000000000000000000000,2401cf40ffffffffffffffffffffffff,32,中国,,,,,,,,country,,2401:cf40::/32
2401:cfc0::,2401:cfc0:ffff:ffff:ffff:ffff:ffff:ffff,2401cfc0000000000000000000000000,2401cfc0ffffffffffffffffffffffff,32,中国,,,,,,,,country,,2401:cfc0::/32
2401:cfe0::,2401:cfe0:ffff:ffff:ffff:ffff:ffff:ffff,2401cfe0000000000000000000000000,2401cfe0ffffffffffffffffffffffff,32,中国,,,,,,,,country,,2401:cfe0::/32
2401:d060::,2401:d060:ffff:ffff:ffff:ffff:ffff:ffff,2401d060000000000000000000000000,2401d060ffffffffffffffffffffffff,32,中国,,,,,,,,country,,2401:d060::/32
2401:d0c0::,2401:d0c0:ffff:ffff:ffff:ffff:ffff:ffff,2401d0c0000000000000000000000000,2401d0c0ffffffffffffffffffffffff,32,中国,,,,,,,,country,,2401:d0c0::/32
2401:d0e0::,2401:d0e0:ffff:ffff:ffff:ffff:ffff:ffff,2401d0e0000000000000000000000000,2401d0e0ffffffffffffffffffffffff,32,中国,,,,,,,,country,,2401:d0e0::/32
2401:d140::,2401:d140:ffff:ffff:ffff:ffff:ffff:ffff,2401d140000000000000000000000000,2401d140ffffffffffffffffffffffff,32,中国,,,,,,,,country,,2401:d140::/32
2401:d180::,2401:d180:ffff:ffff:ffff:ffff:ffff:ffff,2401d180000000000000000000000000,2401d180ffffffffffffffffffffffff,32,中国,北京,,,,110000,39.904179,116.407387,province,,2401:d180::/32
2401:d280::,2401:d280:ffff:ffff:ffff:ffff:ffff:ffff,2401d280000000000000000000000000,2401d280ffffffffffffffffffffffff,32,中国香港,香港,,,香港,,,,country,,2401:d280::/32
2401:d2c0::,2401:d2c0:ffff:ffff:ffff:ffff:ffff:ffff,2401d2c0000000000000000000000000,2401d2c0ffffffffffffffffffffffff,32,中国,,,,,,,,country,,2401:d2c0::/32
2401:d340::,2401:d340:ffff:ffff:ffff:ffff:ffff:ffff,2401d340000000000000000000000000,2401d340ffffffffffffffffffffffff,32,中国,,,,,,,,country,,2401:d340::/32
2401:d3c0::,2401:d3c0:ffff:ffff:ffff:ffff:ffff:ffff,2401d3c0000000000000000000000000,2401d3c0ffffffffffffffffffffffff,32,中国香港,香港,,,香港,,,,country,,2401:d3c0::/32
2401:d420::,2401:d420:ffff:ffff:ffff:ffff:ffff:ffff,2401d420000000000000000000000000,2401d420ffffffffffffffffffffffff,32,中国,,,,,,,,country,,2401:d420::/32
2401:d620::,2401:d620:ffff:ffff:ffff:ffff:ffff:ffff,2401d620000000000000000000000000,2401d620ffffffffffffffffffffffff,32,中国台湾,台湾,,,台湾,,,,country,,2401:d620::/32
2401:d640::,2401:d640:ffff:ffff:ffff:ffff:ffff:ffff,2401d640000000000000000000000000,2401d640ffffffffffffffffffffffff,32,中国香港,香港,,,香港,,,,country,,2401:d640::/32
2401:d780::,2401:d780:ffff:ffff:ffff:ffff:ffff:ffff,2401d780000000000000000000000000,2401d780ffffffffffffffffffffffff,32,中国,黑龙江,哈尔滨,,,230100,45.802981,126.53505,city,,2401:d780::/32
2401:d7e0::,2401:d7e0:ffff:ffff:ffff:ffff:ffff:ffff,2401d7e0000000000000000000000000,2401d7e0ffffffffffffffffffffffff,32,中国,,,,,,,,country,,2401:d7e0::/32
2401:d840::,2401:d840:ffff:ffff:ffff:ffff:ffff:ffff,2401d840000000000000000000000000,2401d840ffffffffffffffffffffffff,32,中国香港,香港,,,香港,,,,country,,2401:d840::/32
2401:d8c0::,2401:d8c0:ffff:ffff:ffff:ffff:ffff:ffff,2401d8c0000000000000000000000000,2401d8c0ffffffffffffffffffffffff,32,中国香港,香港,,,香港,,,,country,,2401:d8c0::/32
2401:d8e0::,2401:d8e0:ffff:ffff:ffff:ffff:ffff:ffff,2401d8e0000000000000000000000000,2401d8e0ffffffffffffffffffffffff,32,中国,,,,,,,,country,,2401:d8e0::/32
2401:d920::,2401:d92f:ffff:ffff:ffff:ffff:ffff:ffff,2401d920000000000000000000000000,2401d92fffffffffffffffffffffffff,28,中国,,,,,,,,country,,2401:d920::/28
2401:d980::,2401:d980:ffff:ffff:ffff:ffff:ffff:ffff,2401d980000000000000000000000000,2401d980ffffffffffffffffffffffff,32,中国香港,香港,,,香港,,,,country,,2401:d980::/32
2401:d9c0::,2401:d9c0:ffff:ffff:ffff:ffff:ffff:ffff,2401d9c0000000000000000000000000,2401d9c0ffffffffffffffffffffffff,32,中国香港,香港,,,香港,,,,country,,2401:d9c0::/32
2401:da00::,2401:da00:ffff:ffff:ffff:ffff:ffff:ffff,2401da00000000000000000000000000,2401da00ffffffffffffffffffffffff,32,中国,北京,,,,110000,39.904179,116.407387,province,,2401:da00::/32
2401:da40::,2401:da40:ffff:ffff:ffff:ffff:ffff:ffff,2401da40000000000000000000000000,2401da40ffffffffffffffffffffffff,32,中国香港,香港,,,香港,,,,country,,2401:da40::/32
2401:da80::,2401:da80:ffff:ffff:ffff:ffff:ffff:ffff,2401da80000000000000000000000000,2401da80ffffffffffffffffffffffff,32,中国香港,香港,,,香港,,,,country,,2401:da80::/32
2401:dae0::,2401:dae0:ffff:ffff:ffff:ffff:ffff:ffff,2401dae0000000000000000000000000,2401dae0ffffffffffffffffffffffff,32,中国台湾,台湾,,,台湾,,,,country,,2401:dae0::/32
2401:dba0::,2401:dba0:ffff:ffff:ffff:ffff:ffff:ffff,2401dba0000000000000000000000000,2401dba0ffffffffffffffffffffffff,32,中国香港,香港,,,香港,,,,country,,2401:dba0::/32
2401:dbe0::,2401:dbe0:ffff:ffff:ffff:ffff:ffff:ffff,2401dbe0000000000000000000000000,2401dbe0ffffffffffffffffffffffff,32,中国,,,,,,,,country,,2401:dbe0::/32
2401:dc60::,2401:dc60:ffff:ffff:ffff:ffff:ffff:ffff,2401dc60000000000000000000000000,2401dc60ffffffffffffffffffffffff,32,中国香港,香港,,,香港,,,,country,,2401:dc60::/32
2401:dd20::,2401:dd20:ffff:ffff:ffff:ffff:ffff:ffff,2401dd20000000000000000000000000,2401dd20ffffffffffffffffffffffff,32,中国,,,,,,,,country,,2401:dd20::/32
2401:dd60::,2401:dd60:ffff:ffff:ffff:ffff:ffff:ffff,2401dd60000000000000000000000000,2401dd60ffffffffffffffffffffffff,32,中国,,,,,,,,country,,2401:dd60::/32
2401:dda0::,2401:dda0:ffff:ffff:ffff:ffff:ffff:ffff,2401dda0000000000000000000000000,2401dda0ffffffffffffffffffffffff,32,中国香港,香港,,,香港,,,,country,,2401:dda0::/32
2401:ddc0::,2401:ddc0:ffff:ffff:ffff:ffff:ffff:ffff,2401ddc0000000000000000000000000,2401ddc0ffffffffffffffffffffffff,32,中国香港,香港,,,香港,,,,country,,2401:ddc0::/32
2401:de00::,2401:de00:ffff:ffff:ffff:ffff:ffff:ffff,2401de00000000000000000000000000,2401de00ffffffffffffffffffffffff,32,中国,北京,,,,110000,39.904179,116.407387,province,,2401:de00::/32
2401:de20::,2401:de20:ffff:ffff:ffff:ffff:ffff:ffff,2401de20000000000000000000000000,2401de20ffffffffffffffffffffffff,32,中国香港,香港,,,香港,,,,country,,2401:de20::/32
2401:de40::,2401:de40:ffff:ffff:ffff:ffff:ffff:ffff,2401de40000000000000000000000000,2401de40ffffffffffffffffffffffff,32,中国香港,香港,,,香港,,,,country,,2401:de40::/32
2401:dfe0::,2401:dfe0:ffff:ffff:ffff:ffff:ffff:ffff,2401dfe0000000000000000000000000,2401dfe0ffffffffffffffffffffffff,32,中国,,,,,,,,country,,2401:dfe0::/32
2401:e020::,2401:e020:ffff:ffff:ffff:ffff:ffff:ffff,2401e020000000000000000000000000,2401e020ffffffffffffffffffffffff,32,中国,,,,,,,,country,,2401:e020::/32
2401:e080::,2401:e080:ffff:ffff:ffff:ffff:ffff:ffff,2401e080000000000000000000000000,2401e080ffffffffffffffffffffffff,32,中国,内蒙古,鄂尔多斯,,,150600,39.608744,109.782473,city,,2401:e080::/32
2401:e0c0::,2401:e0c0:ffff:ffff:ffff:ffff:ffff:ffff,2401e0c0000000000000000000000000,2401e0c0ffffffffffffffffffffffff,32,中国,,,,,,,,country,,2401:e0c0::/32
2401:e140::,2401:e140:ffff:ffff:ffff:ffff:ffff:ffff,2401e140000000000000000000000000,2401e140ffffffffffffffffffffffff,32,中国,,,,,,,,country,,2401:e140::/32
2401:e180::,2401:e180:ffff:ffff:ffff:ffff:ffff:ffff,2401e180000000000000000000000000,2401e180ffffffffffffffffffffffff,32,中国台湾,台湾,,,台湾,,,,country,,2401:e180::/32
2401:e240::,2401:e240:ffff:ffff:ffff:ffff:ffff:ffff,2401e240000000000000000000000000,2401e240ffffffffffffffffffffffff,32,中国,,,,,,,,country,,2401:e240::/32
2401:e2c0::,2401:e2c0:ffff:ffff:ffff:ffff:ffff:ffff,2401e2c0000000000000000000000000,2401e2c0ffffffffffffffffffffffff,32,中国,,,,,,,,country,,2401:e2c0::/32
2401:e340::,2401:e340:ffff:ffff:ffff:ffff:ffff:ffff,2401e340000000000000000000000000,2401e340ffffffffffffffffffffffff,32,中国,,,,,,,,country,,2401:e340::/32
2401:e360::,2401:e360:ffff:ffff:ffff:ffff:ffff:ffff,2401e360000000000000000000000000,2401e360ffffffffffffffffffffffff,32,中国,,,,,,,,country,,2401:e360::/32
2401:e380::,2401:e380:ffff:ffff:ffff:ffff:ffff:ffff,2401e380000000000000000000000000,2401e380ffffffffffffffffffffffff,32,中国香港,香港,,,香港,,,,country,,2401:e380::/32
2401:e3e0::,2401:e3e0:ffff:ffff:ffff:ffff:ffff:ffff,2401e3e0000000000000000000000000,2401e3e0ffffffffffffffffffffffff,32,中国台湾,台湾,,,台湾,,,,country,,2401:e3e0::/32
2401:e620::,2401:e620:ffff:ffff:ffff:ffff:ffff:ffff,2401e620000000000000000000000000,2401e620ffffffffffffffffffffffff,32,中国,,,,,,,,country,,2401:e620::/32
2401:e760::,2401:e760:ffff:ffff:ffff:ffff:ffff:ffff,2401e760000000000000000000000000,2401e760ffffffffffffffffffffffff,32,中国台湾,台湾,,,台湾,,,,country,,2401:e760::/32
2401:e7a0::,2401:e7a0:ffff:ffff:ffff:ffff:ffff:ffff,2401e7a0000000000000000000000000,2401e7a0ffffffffffffffffffffffff,32,中国台湾,台湾,,,台湾,,,,country,,2401:e7a0::/32
2401:e820::,2401:e820:ffff:ffff:ffff:ffff:ffff:ffff,2401e820000000000000000000000000,2401e820ffffffffffffffffffffffff,32,中国香港,香港,,,香港,,,,country,,2401:e820::/32
2401:e840::,2401:e840:ffff:ffff:ffff:ffff:ffff:ffff,2401e840000000000000000000000000,2401e840ffffffffffffffffffffffff,32,中国,,,,,,,,country,,2401:e840::/32
2401:e8a0::,2401:e8a0:ffff:ffff:ffff:ffff:ffff:ffff,2401e8a0000000000000000000000000,2401e8a0ffffffffffffffffffffffff,32,中国台湾,台湾,,,台湾,,,,country,,2401:e8a0::/32
2401:e8c0::,2401:e8c0:ffff:ffff:ffff:ffff:ffff:ffff,2401e8c0000000000000000000000000,2401e8c0ffffffffffffffffffffffff,32,中国,,,,,,,,country,,2401:e8c0::/32
2401:e940::,2401:e940:ffff:ffff:ffff:ffff:ffff:ffff,2401e940000000000000000000000000,2401e940ffffffffffffffffffffffff,32,中国,,,,,,,,country,,2401:e940::/32
2401:e9c0::,2401:e9c0:ffff:ffff:ffff:ffff:ffff:ffff,2401e9c0000000000000000000000000,2401e9c0ffffffffffffffffffffffff,32,中国,,,,,,,,country,,2401:e9c0::/32
2401:e9e0::,2401:e9e0:ffff:ffff:ffff:ffff:ffff:ffff,2401e9e0000000000000000000000000,2401e9e0ffffffffffffffffffffffff,32,中国香港,香港,,,香港,,,,country,,2401:e9e0::/32
2401:ec00::,2401:ec00:ffff:ffff:ffff:ffff:ffff:ffff,2401ec00000000000000000000000000,2401ec00ffffffffffffffffffffffff,32,中国,北京,,,教育网,110000,39.904179,116.407387,province,,2401:ec00::/32
2401:ec40::,2401:ec40:ffff:ffff:ffff:ffff:ffff:ffff,2401ec40000000000000000000000000,2401ec40ffffffffffffffffffffffff,32,中国,,,,,,,,country,,2401:ec40::/32
2401:ec60::,2401:ec60:ffff:ffff:ffff:ffff:ffff:ffff,2401ec60000000000000000000000000,2401ec60ffffffffffffffffffffffff,32,中国香港,香港,,,香港,,,,country,,2401:ec60::/32
2401:ecc0::,2401:ecc0:ffff:ffff:ffff:ffff:ffff:ffff,2401ecc0000000000000000000000000,2401ecc0ffffffffffffffffffffffff,32,中国香港,香港,,,香港,,,,country,,2401:ecc0::/32
2401:edc0::,2401:edc0:ffff:ffff:ffff:ffff:ffff:ffff,2401edc0000000000000000000000000,2401edc0ffffffffffffffffffffffff,32,中国香港,香港,,,香港,,,,country,,2401:edc0::/32
2401:eea0::,2401:eea0:ffff:ffff:ffff:ffff:ffff:ffff,2401eea0000000000000000000000000,2401eea0ffffffffffffffffffffffff,32,中国台湾,台湾,,,台湾,,,,country,,2401:eea0::/32
2401:ef80::,2401:ef80:ffff:ffff:ffff:ffff:ffff:ffff,2401ef80000000000000000000000000,2401ef80ffffffffffffffffffffffff,32,中国香港,香港,,,香港,,,,country,,2401:ef80::/32
2401:f060::,2401:f060:ffff:ffff:ffff:ffff:ffff:ffff,2401f060000000000000000000000000,2401f060ffffffffffffffffffffffff,32,中国香港,香港,,,香港,,,,country,,2401:f060::/32
2401:f0a0::,2401:f0a0:ffff:ffff:ffff:ffff:ffff:ffff,2401f0a0000000000000000000000000,2401f0a0ffffffffffffffffffffffff,32,中国,,,,,,,,country,,2401:f0a0::/32
2401:f0e0::,2401:f0e0:ffff:ffff:ffff:ffff:ffff:ffff,2401f0e0000000000000000000000000,2401f0e0ffffffffffffffffffffffff,32,中国,,,,,,,,country,,2401:f0e0::/32
2401:f120::,2401:f120:ffff:ffff:ffff:ffff:ffff:ffff,2401f120000000000000000000000000,2401f120ffffffffffffffffffffffff,32,中国台湾,台湾,,,台湾,,,,country,,2401:f120::/32
2401:f220::,2401:f220:ffff:ffff:ffff:ffff:ffff:ffff,2401f220000000000000000000000000,2401f220ffffffffffffffffffffffff,32,中国,,,,,,,,country,,2401:f220::/32
2401:f300::,2401:f300:ffff:ffff:ffff:ffff:ffff:ffff,2401f300000000000000000000000000,2401f300ffffffffffffffffffffffff,32,中国,浙江,杭州,,,330100,30.246566,120.209903,city,,2401:f300::/32
2401:f320::,2401:f320:ffff:ffff:ffff:ffff:ffff:ffff,2401f320000000000000000000000000,2401f320ffffffffffffffffffffffff,32,中国,,,,,,,,country,,2401:f320::/32
2401:f3e0::,2401:f3e0:ffff:ffff:ffff:ffff:ffff:ffff,2401f3e0000000000000000000000000,2401f3e0ffffffffffffffffffffffff,32,中国,,,,,,,,country,,2401:f3e0::/32
2401:f400::,2401:f400:ffff:ffff:ffff:ffff:ffff:ffff,2401f400000000000000000000000000,2401f400ffffffffffffffffffffffff,32,中国香港,香港,,,香港,,,,country,,2401:f400::/32
2401:f460::,2401:f460:ffff:ffff:ffff:ffff:ffff:ffff,2401f460000000000000000000000000,2401f460ffffffffffffffffffffffff,32,中国香港,香港,,,香港,,,,country,,2401:f460::/32
2401:f540::,2401:f540:ffff:ffff:ffff:ffff:ffff:ffff,2401f540000000000000000000000000,2401f540ffffffffffffffffffffffff,32,中国台湾,台湾,,,台湾,,,,country,,2401:f540::/32
2401:f6a0::,2401:f6a0:ffff:ffff:ffff:ffff:ffff:ffff,2401f6a0000000000000000000000000,2401f6a0ffffffffffffffffffffffff,32,中国香港,香港,,,香港,,,,country,,2401:f6a0::/32
2401:f6c0::,2401:f6c0:ffff:ffff:ffff:ffff:ffff:ffff,2401f6c0000000000000000000000000,2401f6c0ffffffffffffffffffffffff,32,中国香港,香港,,,香港,,,,country,,2401:f6c0::/32
2401:f7c0::,2401:f7c0:ffff:ffff:ffff:ffff:ffff:ffff,2401f7c0000000000000000000000000,2401f7c0ffffffffffffffffffffffff,32,中国,,,,,,,,country,,2401:f7c0::/32
2401:f860::,2401:f860:ffff:ffff:ffff:ffff:ffff:ffff,2401f860000000000000000000000000,2401f860ffffffffffffffffffffffff,32,中国,,,,,,,,country,,2401:f860::/32
2401:f940::,2401:f940:ffff:ffff:ffff:ffff:ffff:ffff,2401f940000000000000000000000000,2401f940ffffffffffffffffffffffff,32,中国香港,香港,,,香港,,,,country,,2401:f940::/32
2401:fa20::,2401:fa20:ffff:ffff:ffff:ffff:ffff:ffff,2401fa20000000000000000000000000,2401fa20ffffffffffffffffffffffff,32,中国台湾,台湾,,,台湾,,,,country,,2401:fa20::/32
2401:fa80::,2401:fa80:ffff:ffff:ffff:ffff:ffff:ffff,2401fa80000000000000000000000000,2401fa80ffffffffffffffffffffffff,32,中国,上海,,,,310000,31.230525,121.473667,province,,2401:fa80::/32
2401:fae0::,2401:fae0:ffff:ffff:ffff:ffff:ffff:ffff,2401fae0000000000000000000000000,2401fae0ffffffffffffffffffffffff,32,中国台湾,台湾,,,台湾,,,,country,,2401:fae0::/32
2401:fb80::,2401:fb80:ffff:ffff:ffff:ffff:ffff:ffff,2401fb80000000000000000000000000,2401fb80ffffffffffffffffffffffff,32,中国,上海,,,,310000,31.230525,121.473667,province,,2401:fb80::/32
2401:fc20::,2401:fc20:ffff:ffff:ffff:ffff:ffff:ffff,2401fc20000000000000000000000000,2401fc20ffffffffffffffffffffffff,32,中国香港,香港,,,香港,,,,country,,2401:fc20::/32
2401:fc60::,2401:fc60:ffff:ffff:ffff:ffff:ffff:ffff,2401fc60000000000000000000000000,2401fc60ffffffffffffffffffffffff,32,中国,,,,,,,,country,,2401:fc60::/32
2401:fc80::,2401:fc80:ffff:ffff:ffff:ffff:ffff:ffff,2401fc80000000000000000000000000,2401fc80ffffffffffffffffffffffff,32,中国,河北,秦皇岛,,,130300,39.888243,119.52022,city,,2401:fc80::/32
2401:fd20::,2401:fd20:ffff:ffff:ffff:ffff:ffff:ffff,2401fd20000000000000000000000000,2401fd20ffffffffffffffffffffffff,32,中国香港,香港,,,香港,,,,country,,2401:fd20::/32
2401:fd21::,2401:fd21:ffff:ffff:ffff:ffff:ffff:ffff,2401fd21000000000000000000000000,2401fd21ffffffffffffffffffffffff,32,中国香港,香港,,,香港,,,,country,,2401:fd21::/32
2401:fd22::,2401:fd23:ffff:ffff:ffff:ffff:ffff:ffff,2401fd22000000000000000000000000,2401fd23ffffffffffffffffffffffff,31,中国香港,香港,,,香港,,,,country,,2401:fd22::/31
2401:fe60::,2401:fe60:ffff:ffff:ffff:ffff:ffff:ffff,2401fe60000000000000000000000000,2401fe60ffffffffffffffffffffffff,32,中国香港,香港,,,香港,,,,country,,2401:fe60::/32
2401:ffc0::,2401:ffc0:ffff:ffff:ffff:ffff:ffff:ffff,2401ffc0000000000000000000000000,2401ffc0ffffffffffffffffffffffff,32,中国,,,,,,,,country,,2401:ffc0::/32
2402:440::,2402:440:ffff:ffff:ffff:ffff:ffff:ffff,24020440000000000000000000000000,24020440ffffffffffffffffffffffff,32,中国,,,,,,,,country,,2402:440::/32
2402:4a0::,2402:4a0:ffff:ffff:ffff:ffff:ffff:ffff,240204a0000000000000000000000000,240204a0ffffffffffffffffffffffff,32,中国台湾,台湾,,,台湾,,,,country,,2402:4a0::/32
2402:5c0::,2402:5c0:ffff:ffff:ffff:ffff:ffff:ffff,240205c0000000000000000000000000,240205c0ffffffffffffffffffffffff,32,中国,,,,,,,,country,,2402:5c0::/32
2402:620::,2402:620:ffff:ffff:ffff:ffff:ffff:ffff,24020620000000000000000000000000,24020620ffffffffffffffffffffffff,32,中国香港,香港,,,香港,,,,country,,2402:620::/32
2402:720::,2402:720:ffff:ffff:ffff:ffff:ffff:ffff,24020720000000000000000000000000,24020720ffffffffffffffffffffffff,32,中国香港,香港,,,香港,,,,country,,2402:720::/32
2402:840::,2402:840:ffff:ffff:ffff:ffff:ffff:ffff,24020840000000000000000000000000,24020840ffffffffffffffffffffffff,32,中国,北京,,,,110000,39.904179,116.407387,province,,2402:840::/32
2402:860::,2402:860:ffff:ffff:ffff:ffff:ffff:ffff,24020860000000000000000000000000,24020860ffffffffffffffffffffffff,32,中国香港,香港,,,香港,,,,country,,2402:860::/32
2402:a60::,2402:a60:ffff:ffff:ffff:ffff:ffff:ffff,24020a60000000000000000000000000,24020a60ffffffffffffffffffffffff,32,中国,,,,,,,,country,,2402:a60::/32
2402:ae0::,2402:ae0:ffff:ffff:ffff:ffff:ffff:ffff,24020ae0000000000000000000000000,24020ae0ffffffffffffffffffffffff,32,中国台湾,台湾,,,台湾,,,,country,,2402:ae0::/32
2402:b20::,2402:b20:ffff:ffff:ffff:ffff:ffff:ffff,24020b20000000000000000000000000,24020b20ffffffffffffffffffffffff,32,中国台湾,台湾,,,台湾,,,,country,,2402:b20::/32
2402:c20::,2402:c20:ffff:ffff:ffff:ffff:ffff:ffff,24020c20000000000000000000000000,24020c20ffffffffffffffffffffffff,32,中国,,,,,,,,country,,2402:c20::/32
2402:c60::,2402:c60:ffff:ffff:ffff:ffff:ffff:ffff,24020c60000000000000000000000000,24020c60ffffffffffffffffffffffff,32,中国,,,,,,,,country,,2402:c60::/32
2402:c80::,2402:c80:ffff:ffff:ffff:ffff:ffff:ffff,24020c80000000000000000000000000,24020c80ffffffffffffffffffffffff,32,中国香港,香港,,,香港,,,,country,,2402:c80::/32
2402:ca0::,2402:ca0:ffff:ffff:ffff:ffff:ffff:ffff,24020ca0000000000000000000000000,24020ca0ffffffffffffffffffffffff,32,中国台湾,台湾,,,台湾,,,,country,,2402:ca0::/32
2402:e00::,2402:e00:ffff:ffff:ffff:ffff:ffff:ffff,24020e00000000000000000000000000,24020e00ffffffffffffffffffffffff,32,中国,上海,,,,310000,31.230525,121.473667,province,,2402:e00::/32
2402:e60::,2402:e60:ffff:ffff:ffff:ffff:ffff:ffff,24020e60000000000000000000000000,24020e60ffffffffffffffffffffffff,32,中国香港,香港,,,香港,,,,country,,2402:e60::/32
2402:fc0::,2402:fc0:ffff:ffff:ffff:ffff:ffff:ffff,24020fc0000000000000000000000000,24020fc0ffffffffffffffffffffffff,32,中国,,,,,,,,country,,2402:fc0::/32
2402:1000::,2402:1000:ffff:ffff:ffff:ffff:ffff:ffff,24021000000000000000000000000000,24021000ffffffffffffffffffffffff,32,中国,北京,,,,110000,39.904179,116.407387,province,,2402:1000::/32
2402:1160::,2402:1160:ffff:ffff:ffff:ffff:ffff:ffff,24021160000000000000000000000000,24021160ffffffffffffffffffffffff,32,中国,,,,,,,,country,,2402:1160::/32
2402:11c0::,2402:11c0:ffff:ffff:ffff:ffff:ffff:ffff,240211c0000000000000000000000000,240211c0ffffffffffffffffffffffff,32,中国香港,香港,,,香港,,,,country,,2402:11c0::/32
2402:1240::,2402:1240:ffff:ffff:ffff:ffff:ffff:ffff,24021240000000000000000000000000,24021240ffffffffffffffffffffffff,32,中国香港,香港,,,香港,,,,country,,2402:1240::/32
2402:1260::,2402:1260:ffff:ffff:ffff:ffff:ffff:ffff,24021260000000000000000000000000,24021260ffffffffffffffffffffffff,32,中国香港,香港,,,香港,,,,country,,2402:1260::/32
2402:1360::,2402:1360:ffff:ffff:ffff:ffff:ffff:ffff,24021360000000000000000000000000,24021360ffffffffffffffffffffffff,32,中国台湾,台湾,,,台湾,,,,country,,2402:1360::/32
2402:13a0::,2402:13a0:ffff:ffff:ffff:ffff:ffff:ffff,240213a0000000000000000000000000,240213a0ffffffffffffffffffffffff,32,中国台湾,台湾,,,台湾,,,,country,,2402:13a0::/32
2402:1440::,2402:1440:ffff:ffff:ffff:ffff:ffff:ffff,24021440000000000000000000000000,24021440ffffffffffffffffffffffff,32,中国,上海,,,,310000,31.230525,121.473667,province,,2402:1440::/32
2402:1460::,2402:1460:ffff:ffff:ffff:ffff:ffff:ffff,24021460000000000000000000000000,24021460ffffffffffffffffffffffff,32,中国,,,,,,,,country,,2402:1460::/32
2402:14c0::,2402:14c0:ffff:ffff:ffff:ffff:ffff:ffff,240214c0000000000000000000000000,240214c0ffffffffffffffffffffffff,32,中国,,,,,,,,country,,2402:14c0::/32
2402:1520::,2402:1520:ffff:ffff:ffff:ffff:ffff:ffff,24021520000000000000000000000000,24021520ffffffffffffffffffffffff,32,中国,,,,,,,,country,,2402:1520::/32
2402:1540::,2402:1540:ffff:ffff:ffff:ffff:ffff:ffff,24021540000000000000000000000000,24021540ffffffffffffffffffffffff,32,中国香港,香港,,,香港,,,,country,,2402:1540::/32
2402:15c0::,2402:15c0:ffff:ffff:ffff:ffff:ffff:ffff,240215c0000000000000000000000000,240215c0ffffffffffffffffffffffff,32,中国香港,香港,,,香港,,,,country,,2402:15c0::/32
2402:1600::,2402:1600:ffff:ffff:ffff:ffff:ffff:ffff,24021600000000000000000000000000,24021600ffffffffffffffffffffffff,32,中国,北京,,,,110000,39.904179,116.407387,province,,2402:1600::/32
2402:16c0::,2402:16c0:ffff:ffff:ffff:ffff:ffff:ffff,240216c0000000000000000000000000,240216c0ffffffffffffffffffffffff,32,中国香港,香港,,,香港,,,,country,,2402:16c0::/32
2402:16e0::,2402:16e0:ffff:ffff:ffff:ffff:ffff:ffff,240216e0000000000000000000000000,240216e0ffffffffffffffffffffffff,32,中国,,,,,,,,country,,2402:16e0::/32
2402:1740::,2402:1740:ffff:ffff:ffff:ffff:ffff:ffff,24021740000000000000000000000000,24021740ffffffffffffffffffffffff,32,中国,,,,,,,,country,,2402:1740::/32
2402:1881::,2402:1881:ffff:ffff:ffff:ffff:ffff:ffff,24021881000000000000000000000000,24021881ffffffffffffffffffffffff,32,中国香港,香港,,,香港,,,,country,,2402:1881::/32
2402:1882::,2402:1883:ffff:ffff:ffff:ffff:ffff:ffff,24021882000000000000000000000000,24021883ffffffffffffffffffffffff,31,中国香港,香港,,,香港,,,,country,,2402:1882::/31
2402:18a0::,2402:18a0:ffff:ffff:ffff:ffff:ffff:ffff,240218a0000000000000000000000000,240218a0ffffffffffffffffffffffff,32,中国,,,,,,,,country,,2402:18a0::/32
2402:1920::,2402:1920:ffff:ffff:ffff:ffff:ffff:ffff,24021920000000000000000000000000,24021920ffffffffffffffffffffffff,32,中国香港,香港,,,香港,,,,country,,2402:1920::/32
2402:19c0::,2402:19c0:ffff:ffff:ffff:ffff:ffff:ffff,240219c0000000000000000000000000,240219c0ffffffffffffffffffffffff,32,中国,,,,,,,,country,,2402:19c0::/32
2402:1ac0::,2402:1ac0:ffff:ffff:ffff:ffff:ffff:ffff,24021ac0000000000000000000000000,24021ac0ffffffffffffffffffffffff,32,中国香港,香港,,,香港,,,,country,,2402:1ac0::/32
2402:1be0::,2402:1be0:ffff:ffff:ffff:ffff:ffff:ffff,24021be0000000000000000000000000,24021be0ffffffffffffffffffffffff,32,中国,,,,,,,,country,,2402:1be0::/32
2402:1c20::,2402:1c20:ffff:ffff:ffff:ffff:ffff:ffff,24021c20000000000000000000000000,24021c20ffffffffffffffffffffffff,32,中国,,,,,,,,country,,2402:1c20::/32
2402:1da0::,2402:1da0:ffff:ffff:ffff:ffff:ffff:ffff,24021da0000000000000000000000000,24021da0ffffffffffffffffffffffff,32,中国香港,香港,,,香港,,,,country,,2402:1da0::/32
2402:1ee0::,2402:1ee0:ffff:ffff:ffff:ffff:ffff:ffff,24021ee0000000000000000000000000,24021ee0ffffffffffffffffffffffff,32,中国香港,香港,,,香港,,,,country,,2402:1ee0::/32
2402:1f00::,2402:1f00:ffff:ffff:ffff:ffff:ffff:ffff,24021f00000000000000000000000000,24021f00ffffffffffffffffffffffff,32,中国香港,香港,,,香港,,,,country,,2402:1f00::/32
2402:1f80::,2402:1f80:ffff:ffff:ffff:ffff:ffff:ffff,24021f80000000000000000000000000,24021f80ffffffffffffffffffffffff,32,中国,北京,,,,110000,39.904179,116.407387,province,,2402:1f80::/32
2402:1fa0::,2402:1fa0:ffff:ffff:ffff:ffff:ffff:ffff,24021fa0000000000000000000000000,24021fa0ffffffffffffffffffffffff,32,中国香港,香港,,,香港,,,,country,,2402:1fa0::/32
2402:1fc0::,2402:1fc0:ffff:ffff:ffff:ffff:ffff:ffff,24021fc0000000000000000000000000,24021fc0ffffffffffffffffffffffff,32,中国香港,香港,,,香港,,,,country,,2402:1fc0::/32
2402:2000::,2402:2000:ffff:ffff:ffff:ffff:ffff:ffff,24022000000000000000000000000000,24022000ffffffffffffffffffffffff,32,中国,北京,,,教育网,110000,39.904179,116.407387,province,,2402:2000::/32
2402:2040::,2402:2040:ffff:ffff:ffff:ffff:ffff:ffff,24022040000000000000000000000000,24022040ffffffffffffffffffffffff,32,中国香港,香港,,,香港,,,,country,,2402:2040::/32
2402:2080::,2402:2080:ffff:ffff:ffff:ffff:ffff:ffff,24022080000000000000000000000000,24022080ffffffffffffffffffffffff,32,中国台湾,台湾,,,台湾,,,,country,,2402:2080::/32
2402:20e0::,2402:20e0:ffff:ffff:ffff:ffff:ffff:ffff,240220e0000000000000000000000000,240220e0ffffffffffffffffffffffff,32,中国,,,,,,,,country,,2402:20e0::/32
2402:2100::,2402:2100:ffff:ffff:ffff:ffff:ffff:ffff,24022100000000000000000000000000,24022100ffffffffffffffffffffffff,32,中国香港,香港,,,香港,,,,country,,2402:2100::/32
2402:2280::,2402:2280:ffff:ffff:ffff:ffff:ffff:ffff,24022280000000000000000000000000,24022280ffffffffffffffffffffffff,32,中国,北京,,,,110000,39.904179,116.407387,province,,2402:2280::/32
2402:22e0::,2402:22e0:ffff:ffff:ffff:ffff:ffff:ffff,240222e0000000000000000000000000,240222e0ffffffffffffffffffffffff,32,中国台湾,台湾,,,台湾,,,,country,,2402:22e0::/32
2402:2440::,2402:2440:ffff:ffff:ffff:ffff:ffff:ffff,24022440000000000000000000000000,24022440ffffffffffffffffffffffff,32,中国,,,,,,,,country,,2402:2440::/32
2402:24c0::,2402:24c0:ffff:ffff:ffff:ffff:ffff:ffff,240224c0000000000000000000000000,240224c0ffffffffffffffffffffffff,32,中国,,,,,,,,country,,2402:24c0::/32
2402:2520::,2402:2520:ffff:ffff:ffff:ffff:ffff:ffff,24022520000000000000000000000000,24022520ffffffffffffffffffffffff,32,中国香港,香港,,,香港,,,,country,,2402:2520::/32
2402:2540::,2402:2540:ffff:ffff:ffff:ffff:ffff:ffff,24022540000000000000000000000000,24022540ffffffffffffffffffffffff,32,中国,,,,,,,,country,,2402:2540::/32
2402:2580::,2402:2580:ffff:ffff:ffff:ffff:ffff:ffff,24022580000000000000000000000000,24022580ffffffffffffffffffffffff,32,中国台湾,台湾,,,台湾,,,,country,,2402:2580::/32
2402:2620::,2402:2620:ffff:ffff:ffff:ffff:ffff:ffff,24022620000000000000000000000000,24022620ffffffffffffffffffffffff,32,中国,,,,,,,,country,,2402:2620::/32
2402:2640::,2402:2640:ffff:ffff:ffff:ffff:ffff:ffff,24022640000000000000000000000000,24022640ffffffffffffffffffffffff,32,中国,,,,,,,,country,,2402:2640::/32
2402:26c0::,2402:26c0:ffff:ffff:ffff:ffff:ffff:ffff,240226c0000000000000000000000000,240226c0ffffffffffffffffffffffff,32,中国香港,香港,,,香港,,,,country,,2402:26c0::/32
2402:26e0::,2402:26e0:ffff:ffff:ffff:ffff:ffff:ffff,240226e0000000000000000000000000,240226e0ffffffffffffffffffffffff,32,中国台湾,台湾,,,台湾,,,,country,,2402:26e0::/32
2402:2760::,2402:2760:ffff:ffff:ffff:ffff:ffff:ffff,24022760000000000000000000000000,24022760ffffffffffffffffffffffff,32,中国,,,,,,,,country,,2402:2760::/32
2402:2860::,2402:2860:ffff:ffff:ffff:ffff:ffff:ffff,24022860000000000000000000000000,24022860ffffffffffffffffffffffff,32,中国台湾,台湾,,,台湾,,,,country,,2402:2860::/32
2402:28a0::,2402:28a0:ffff:ffff:ffff:ffff:ffff:ffff,240228a0000000000000000000000000,240228a0ffffffffffffffffffffffff,32,中国台湾,台湾,,,台湾,,,,country,,2402:28a0::/32
2402:28e0::,2402:28e0:ffff:ffff:ffff:ffff:ffff:ffff,240228e0000000000000000000000000,240228e0ffffffffffffffffffffffff,32,中国台湾,台湾,,,台湾,,,,country,,2402:28e0::/32
2402:2a00::,2402:2a00:ffff:ffff:ffff:ffff:ffff:ffff,24022a00000000000000000000000000,24022a00ffffffffffffffffffffffff,32,中国,山东,济南,,,370100,36.652069,117.120128,city,,2402:2a00::/32
2402:2a80::,2402:2a80:ffff:ffff:ffff:ffff:ffff:ffff,24022a80000000000000000000000000,24022a80ffffffffffffffffffffffff,32,中国香港,香港,,,香港,,,,country,,2402:2a80::/32
2402:2b40::,2402:2b40:ffff:ffff:ffff:ffff:ffff:ffff,24022b40000000000000000000000000,24022b40ffffffffffffffffffffffff,32,中国香港,香港,,,香港,,,,country,,2402:2b40::/32
2402:2b80::,2402:2b80:ffff:ffff:ffff:ffff:ffff:ffff,24022b80000000000000000000000000,24022b80ffffffffffffffffffffffff,32,中国,湖北,武汉,,,420100,30.593354,114.304569,city,,2402:2b80::/32
2402:2bc0::,2402:2bc0:ffff:ffff:ffff:ffff:ffff:ffff,24022bc0000000000000000000000000,24022bc0ffffffffffffffffffffffff,32,中国,,,,,,,,country,,2402:2bc0::/32
2402:2ca0::,2402:2ca0:ffff:ffff:ffff:ffff:ffff:ffff,24022ca0000000000000000000000000,24022ca0ffffffffffffffffffffffff,32,中国,,,,,,,,country,,2402:2ca0::/32
2402:2d00::,2402:2d00:ffff:ffff:ffff:ffff:ffff:ffff,24022d00000000000000000000000000,24022d00ffffffffffffffffffffffff,32,中国,天津,,,,120000,39.085318,117.201509,province,,2402:2d00::/32
2402:2d80::,2402:2d80:ffff:ffff:ffff:ffff:ffff:ffff,24022d80000000000000000000000000,24022d80ffffffffffffffffffffffff,32,中国,北京,,,,110000,39.904179,116.407387,province,,2402:2d80::/32
2402:2e20::,2402:2e20:ffff:ffff:ffff:ffff:ffff:ffff,24022e20000000000000000000000000,24022e20ffffffffffffffffffffffff,32,中国台湾,台湾,,,台湾,,,,country,,2402:2e20::/32
2402:2e60::,2402:2e60:ffff:ffff:ffff:ffff:ffff:ffff,24022e60000000000000000000000000,24022e60ffffffffffffffffffffffff,32,中国,,,,,,,,country,,2402:2e60::/32
2402:2e80::,2402:2e80:ffff:ffff:ffff:ffff:ffff:ffff,24022e80000000000000000000000000,24022e80ffffffffffffffffffffffff,32,中国,广东,深圳,,,440300,22.543527,114.057939,city,,2402:2e80::/32
2402:2f40::,2402:2f40:ffff:ffff:ffff:ffff:ffff:ffff,24022f40000000000000000000000000,24022f40ffffffffffffffffffffffff,32,中国,,,,,,,,country,,2402:2f40::/32
2402:3040::,2402:3040:ffff:ffff:ffff:ffff:ffff:ffff,24023040000000000000000000000000,24023040ffffffffffffffffffffffff,32,中国,,,,,,,,country,,2402:3040::/32
2402:30a0::,2402:30a0:ffff:ffff:ffff:ffff:ffff:ffff,240230a0000000000000000000000000,240230a0ffffffffffffffffffffffff,32,中国台湾,台湾,,,台湾,,,,country,,2402:30a0::/32
2402:30e0::,2402:30e0:ffff:ffff:ffff:ffff:ffff:ffff,240230e0000000000000000000000000,240230e0ffffffffffffffffffffffff,32,中国台湾,台湾,,,台湾,,,,country,,2402:30e0::/32
2402:3140::,2402:3140:ffff:ffff:ffff:ffff:ffff:ffff,24023140000000000000000000000000,24023140ffffffffffffffffffffffff,32,中国,,,,,,,,country,,2402:3140::/32
2402:3180::,2402:3180:ffff:ffff:ffff:ffff:ffff:ffff,24023180000000000000000000000000,24023180ffffffffffffffffffffffff,32,中国,浙江,杭州,,,330100,30.246566,120.209903,city,,2402:3180::/32
2402:31c0::,2402:31c0:ffff:ffff:ffff:ffff:ffff:ffff,240231c0000000000000000000000000,240231c0ffffffffffffffffffffffff,32,中国,,,,,,,,country,,2402:31c0::/32
2402:3240::,2402:3240:ffff:ffff:ffff:ffff:ffff:ffff,24023240000000000000000000000000,24023240ffffffffffffffffffffffff,32,中国,,,,,,,,country,,2402:3240::/32
2402:32a0::,2402:32a0:ffff:ffff:ffff:ffff:ffff:ffff,240232a0000000000000000000000000,240232a0ffffffffffffffffffffffff,32,中国台湾,台湾,,,台湾,,,,country,,2402:32a0::/32
2402:32e0::,2402:32e0:ffff:ffff:ffff:ffff:ffff:ffff,240232e0000000000000000000000000,240232e0ffffffffffffffffffffffff,32,中国,,,,,,,,country,,2402:32e0::/32
2402:3320::,2402:3320:ffff:ffff:ffff:ffff:ffff:ffff,24023320000000000000000000000000,24023320ffffffffffffffffffffffff,32,中国,,,,,,,,country,,2402:3320::/32
2402:33a0::,2402:33a0:ffff:ffff:ffff:ffff:ffff:ffff,240233a0000000000000000000000000,240233a0ffffffffffffffffffffffff,32,中国,,,,,,,,country,,2402:33a0::/32
2402:33c0::,2402:33c0:ffff:ffff:ffff:ffff:ffff:ffff,240233c0000000000000000000000000,240233c0ffffffffffffffffffffffff,32,中国,广东,深圳,,,440300,22.543527,114.057939,city,,2402:33c0::/32
2402:33e0::,2402:33e0:ffff:ffff:ffff:ffff:ffff:ffff,240233e0000000000000000000000000,240233e0ffffffffffffffffffffffff,32,中国,,,,,,,,country,,2402:33e0::/32
2402:34e0::,2402:34e0:ffff:ffff:ffff:ffff:ffff:ffff,240234e0000000000000000000000000,240234e0ffffffffffffffffffffffff,32,中国,,,,,,,,country,,2402:34e0::/32
2402:3560::,2402:3560:ffff:ffff:ffff:ffff:ffff:ffff,24023560000000000000000000000000,24023560ffffffffffffffffffffffff,32,中国台湾,台湾,,,台湾,,,,country,,2402:3560::/32
2402:36e0::,2402:36e0:ffff:ffff:ffff:ffff:ffff:ffff,240236e0000000000000000000000000,240236e0ffffffffffffffffffffffff,32,中国,,,,,,,,country,,2402:36e0::/32
2402:3960::,2402:3960:ffff:ffff:ffff:ffff:ffff:ffff,24023960000000000000000000000000,24023960ffffffffffffffffffffffff,32,中国香港,香港,,,香港,,,,country,,2402:3960::/32
2402:39c0::,2402:39c0:ffff:ffff:ffff:ffff:ffff:ffff,240239c0000000000000000000000000,240239c0ffffffffffffffffffffffff,32,中国,,,,,,,,country,,2402:39c0::/32
2402:3a40::,2402:3a40:ffff:ffff:ffff:ffff:ffff:ffff,24023a40000000000000000000000000,24023a40ffffffffffffffffffffffff,32,中国,,,,,,,,country,,2402:3a40::/32
2402:3ac0::,2402:3ac0:ffff:ffff:ffff:ffff:ffff:ffff,24023ac0000000000000000000000000,24023ac0ffffffffffffffffffffffff,32,中国,,,,,,,,country,,2402:3ac0::/32
2402:3b40::,2402:3b40:ffff:ffff:ffff:ffff:ffff:ffff,24023b40000000000000000000000000,24023b40ffffffffffffffffffffffff,32,中国香港,香港,,,香港,,,,country,,2402:3b40::/32
2402:3ba0::,2402:3ba0:ffff:ffff:ffff:ffff:ffff:ffff,24023ba0000000000000000000000000,24023ba0ffffffffffffffffffffffff,32,中国,,,,,,,,country,,2402:3ba0::/32
2402:3c00::,2402:3c00:ffff:ffff:ffff:ffff:ffff:ffff,24023c00000000000000000000000000,24023c00ffffffffffffffffffffffff,32,中国,北京,,,,110000,39.904179,116.407387,province,,2402:3c00::/32
2402:3ce0::,2402:3ce0:ffff:ffff:ffff:ffff:ffff:ffff,24023ce0000000000000000000000000,24023ce0ffffffffffffffffffffffff,32,中国台湾,台湾,,,台湾,,,,country,,2402:3ce0::/32
2402:3d20::,2402:3d20:ffff:ffff:ffff:ffff:ffff:ffff,24023d20000000000000000000000000,24023d20ffffffffffffffffffffffff,32,中国,,,,,,,,country,,2402:3d20::/32
2402:3de0::,2402:3de0:ffff:ffff:ffff:ffff:ffff:ffff,24023de0000000000000000000000000,24023de0ffffffffffffffffffffffff,32,中国,,,,,,,,country,,2402:3de0::/32
2402:3e00::,2402:3e00:ffff:ffff:ffff:ffff:ffff:ffff,24023e00000000000000000000000000,24023e00ffffffffffffffffffffffff,32,中国,湖北,武汉,,,420100,30.593354,114.304569,city,,2402:3e00::/32
2402:3ec0::,2402:3ec0:ffff:ffff:ffff:ffff:ffff:ffff,24023ec0000000000000000000000000,24023ec0ffffffffffffffffffffffff,32,中国,,,,,,,,country,,2402:3ec0::/32
2402:3f60::,2402:3f60:ffff:ffff:ffff:ffff:ffff:ffff,24023f60000000000000000000000000,24023f60ffffffffffffffffffffffff,32,中国香港,香港,,,香港,,,,country,,2402:3f60::/32
2402:3f80::,2402:3f80:ffff:ffff:ffff:ffff:ffff:ffff,24023f80000000000000000000000000,24023f80ffffffffffffffffffffffff,32,中国,,,,,,,,country,,2402:3f80::/32
2402:4060::,2402:4060:ffff:ffff:ffff:ffff:ffff:ffff,24024060000000000000000000000000,24024060ffffffffffffffffffffffff,32,中国,,,,,,,,country,,2402:4060::/32
2402:4140::,2402:4140:ffff:ffff:ffff:ffff:ffff:ffff,24024140000000000000000000000000,24024140ffffffffffffffffffffffff,32,中国,,,,,,,,country,,2402:4140::/32
2402:4220::,2402:4220:ffff:ffff:ffff:ffff:ffff:ffff,24024220000000000000000000000000,24024220ffffffffffffffffffffffff,32,中国香港,香港,,,香港,,,,country,,2402:4220::/32
2402:42c0::,2402:42c0:ffff:ffff:ffff:ffff:ffff:ffff,240242c0000000000000000000000000,240242c0ffffffffffffffffffffffff,32,中国,,,,,,,,country,,2402:42c0::/32
2402:4340::,2402:4340:ffff:ffff:ffff:ffff:ffff:ffff,24024340000000000000000000000000,24024340ffffffffffffffffffffffff,32,中国,,,,,,,,country,,2402:4340::/32
2402:43c0::,2402:43c0:ffff:ffff:ffff:ffff:ffff:ffff,240243c0000000000000000000000000,240243c0ffffffffffffffffffffffff,32,中国,,,,,,,,country,,2402:43c0::/32
2402:43e0::,2402:43e0:ffff:ffff:ffff:ffff:ffff:ffff,240243e0000000000000000000000000,240243e0ffffffffffffffffffffffff,32,中国台湾,台湾,,,台湾,,,,country,,2402:43e0::/32
2402:4440::,2402:4440:ffff:ffff:ffff:ffff:ffff:ffff,24024440000000000000000000000000,24024440ffffffffffffffffffffffff,32,中国,,,,,,,,country,,2402:4440::/32
2402:4480::,2402:4480:ffff:ffff:ffff:ffff:ffff:ffff,24024480000000000000000000000000,24024480ffffffffffffffffffffffff,32,中国香港,香港,,,香港,,,,country,,2402:4480::/32
2402:4500::,2402:4500:ffff:ffff:ffff:ffff:ffff:ffff,24024500000000000000000000000000,24024500ffffffffffffffffffffffff,32,中国,北京,,,,110000,39.904179,116.407387,province,,2402:4500::/32
2402:4540::,2402:4540:ffff:ffff:ffff:ffff:ffff:ffff,24024540000000000000000000000000,24024540ffffffffffffffffffffffff,32,中国,福建,福州,平潭,,350128,25.498767,119.789893,district,,2402:4540::/32
2402:4680::,2402:4680:ffff:ffff:ffff:ffff:ffff:ffff,24024680000000000000000000000000,24024680ffffffffffffffffffffffff,32,中国香港,香港,,,香港,,,,country,,2402:4680::/32
2402:4760::,2402:4760:ffff:ffff:ffff:ffff:ffff:ffff,24024760000000000000000000000000,24024760ffffffffffffffffffffffff,32,中国台湾,台湾,,,台湾,,,,country,,2402:4760::/32
2402:47a0::,2402:47a0:ffff:ffff:ffff:ffff:ffff:ffff,240247a0000000000000000000000000,240247a0ffffffffffffffffffffffff,32,中国香港,香港,,,香港,,,,country,,2402:47a0::/32
2402:47c0::,2402:47c0:ffff:ffff:ffff:ffff:ffff:ffff,240247c0000000000000000000000000,240247c0ffffffffffffffffffffffff,32,中国香港,香港,,,香港,,,,country,,2402:47c0::/32
2402:4820::,2402:4820:ffff:ffff:ffff:ffff:ffff:ffff,24024820000000000000000000000000,24024820ffffffffffffffffffffffff,32,中国,,,,,,,,country,,2402:4820::/32
2402:4900::,2402:4900:ffff:ffff:ffff:ffff:ffff:ffff,24024900000000000000000000000000,24024900ffffffffffffffffffffffff,32,中国台湾,台湾,,,台湾,,,,country,,2402:4900::/32
2402:4920::,2402:4920:ffff:ffff:ffff:ffff:ffff:ffff,24024920000000000000000000000000,24024920ffffffffffffffffffffffff,32,中国台湾,台湾,,,台湾,,,,country,,2402:4920::/32
2402:4a00::,2402:4a00:ffff:ffff:ffff:ffff:ffff:ffff,24024a00000000000000000000000000,24024a00ffffffffffffffffffffffff,32,中国,上海,,,,310000,31.230525,121.473667,province,,2402:4a00::/32
2402:4a40::,2402:4a40:ffff:ffff:ffff:ffff:ffff:ffff,24024a40000000000000000000000000,24024a40ffffffffffffffffffffffff,32,中国,,,,,,,,country,,2402:4a40::/32
2402:4a80::,2402:4a80:ffff:ffff:ffff:ffff:ffff:ffff,24024a80000000000000000000000000,24024a80ffffffffffffffffffffffff,32,中国,,,,,,,,country,,2402:4a80::/32
2402:4ac0::,2402:4ac0:ffff:ffff:ffff:ffff:ffff:ffff,24024ac0000000000000000000000000,24024ac0ffffffffffffffffffffffff,32,中国,,,,,,,,country,,2402:4ac0::/32
2402:4b40::,2402:4b40:ffff:ffff:ffff:ffff:ffff:ffff,24024b40000000000000000000000000,24024b40ffffffffffffffffffffffff,32,中国香港,香港,,,香港,,,,country,,2402:4b40::/32
2402:4b80::,2402:4b80:ffff:ffff:ffff:ffff:ffff:ffff,24024b80000000000000000000000000,24024b80ffffffffffffffffffffffff,32,中国,浙江,杭州,,,330100,30.246566,120.209903,city,,2402:4b80::/32
2402:4bc0::,2402:4bc0:ffff:ffff:ffff:ffff:ffff:ffff,24024bc0000000000000000000000000,24024bc0ffffffffffffffffffffffff,32,中国,,,,,,,,country,,2402:4bc0::/32
2402:4be0::,2402:4be0:ffff:ffff:ffff:ffff:ffff:ffff,24024be0000000000000000000000000,24024be0ffffffffffffffffffffffff,32,中国,,,,,,,,country,,2402:4be0::/32
2402:4c40::,2402:4c40:ffff:ffff:ffff:ffff:ffff:ffff,24024c40000000000000000000000000,24024c40ffffffffffffffffffffffff,32,中国,,,,,,,,country,腾讯云,2402:4c40::/32
2402:4d00::,2402:4d00:ffff:ffff:ffff:ffff:ffff:ffff,24024d00000000000000000000000000,24024d00ffffffffffffffffffffffff,32,中国香港,香港,,,香港,,,,country,腾讯云,2402:4d00::/32
2402:4d20::,2402:4d20:ffff:ffff:ffff:ffff:ffff:ffff,24024d20000000000000000000000000,24024d20ffffffffffffffffffffffff,32,中国台湾,台湾,,,台湾,,,,country,腾讯云,2402:4d20::/32
2402:4d60::,2402:4d60:ffff:ffff:ffff:ffff:ffff:ffff,24024d60000000000000000000000000,24024d60ffffffffffffffffffffffff,32,中国,,,,,,,,country,腾讯云,2402:4d60::/32
2402:4d80::,2402:4d80:ffff:ffff:ffff:ffff:ffff:ffff,24024d80000000000000000000000000,24024d80ffffffffffffffffffffffff,32,中国,,,,,,,,country,腾讯云,2402:4d80::/32
2402:4de0::,2402:4de0:ffff:ffff:ffff:ffff:ffff:ffff,24024de0000000000000000000000000,24024de0ffffffffffffffffffffffff,32,中国台湾,台湾,,,台湾,,,,country,腾讯云,2402:4de0::/32
2402:4e00::,2402:4e00:ffff:ffff:ffff:ffff:ffff:ffff,24024e00000000000000000000000000,24024e00ffffffffffffffffffffffff,32,中国,广东,深圳,南山,,440305,22.533191,113.930478,district,腾讯云,2402:4e00::/32
2402:4ec0::,2402:4ec0:ffff:ffff:ffff:ffff:ffff:ffff,24024ec0000000000000000000000000,24024ec0ffffffffffffffffffffffff,32,中国,,,,,,,,country,腾讯云,2402:4ec0::/32
2402:4f00::,2402:4f00:ffff:ffff:ffff:ffff:ffff:ffff,24024f00000000000000000000000000,24024f00ffffffffffffffffffffffff,32,中国香港,香港,,,香港,,,,country,腾讯云,2402:4f00::/32
2402:4f20::,2402:4f20:ffff:ffff:ffff:ffff:ffff:ffff,24024f20000000000000000000000000,24024f20ffffffffffffffffffffffff,32,中国台湾,台湾,,,台湾,,,,country,腾讯云,2402:4f20::/32
2402:4f80::,2402:4f80:ffff:ffff:ffff:ffff:ffff:ffff,24024f80000000000000000000000000,24024f80ffffffffffffffffffffffff,32,中国,北京,北京,朝阳,,110105,39.921444,116.443136,district,腾讯云,2402:4f80::/32
2402:5060::,2402:5060:ffff:ffff:ffff:ffff:ffff:ffff,24025060000000000000000000000000,24025060ffffffffffffffffffffffff,32,中国香港,香港,,,香港,,,,country,,2402:5060::/32
2402:50a0::,2402:50a0:ffff:ffff:ffff:ffff:ffff:ffff,240250a0000000000000000000000000,240250a0ffffffffffffffffffffffff,32,中国,,,,,,,,country,,2402:50a0::/32
2402:5180::,2402:5180:ffff:ffff:ffff:ffff:ffff:ffff,24025180000000000000000000000000,24025180ffffffffffffffffffffffff,32,中国,,,,,,,,country,,2402:5180::/32
2402:51a0::,2402:51a0:ffff:ffff:ffff:ffff:ffff:ffff,240251a0000000000000000000000000,240251a0ffffffffffffffffffffffff,32,中国,,,,,,,,country,,2402:51a0::/32
2402:5340::,2402:5340:ffff:ffff:ffff:ffff:ffff:ffff,24025340000000000000000000000000,24025340ffffffffffffffffffffffff,32,中国,广东,深圳,,,440300,22.543527,114.057939,city,,2402:5340::/32
2402:55a0::,2402:55a0:ffff:ffff:ffff:ffff:ffff:ffff,240255a0000000000000000000000000,240255a0ffffffffffffffffffffffff,32,中国台湾,台湾,,,台湾,,,,country,,2402:55a0::/32
2402:5820::,2402:5820:ffff:ffff:ffff:ffff:ffff:ffff,24025820000000000000000000000000,24025820ffffffffffffffffffffffff,32,中国,,,,,,,,country,,2402:5820::/32
2402:5880::,2402:5880:ffff:ffff:ffff:ffff:ffff:ffff,24025880000000000000000000000000,24025880ffffffffffffffffffffffff,32,中国,,,,,,,,country,,2402:5880::/32
2402:5920::,2402:5920:ffff:ffff:ffff:ffff:ffff:ffff,24025920000000000000000000000000,24025920ffffffffffffffffffffffff,32,中国,,,,,,,,country,,2402:5920::/32
2402:5940::,2402:5940:ffff:ffff:ffff:ffff:ffff:ffff,24025940000000000000000000000000,24025940ffffffffffffffffffffffff,32,中国,,,,,,,,country,,2402:5940::/32
2402:59c0::,2402:59c0:ffff:ffff:ffff:ffff:ffff:ffff,240259c0000000000000000000000000,240259c0ffffffffffffffffffffffff,32,中国,北京,,,,110000,39.904179,116.407387,province,,2402:59c0::/32
2402:5a40::,2402:5a40:ffff:ffff:ffff:ffff:ffff:ffff,24025a40000000000000000000000000,24025a40ffffffffffffffffffffffff,32,中国,,,,,,,,country,,2402:5a40::/32
2402:5aa0::,2402:5aa0:ffff:ffff:ffff:ffff:ffff:ffff,24025aa0000000000000000000000000,24025aa0ffffffffffffffffffffffff,32,中国香港,香港,,,香港,,,,country,,2402:5aa0::/32
2402:5b40::,2402:5b40:ffff:ffff:ffff:ffff:ffff:ffff,24025b40000000000000000000000000,24025b40ffffffffffffffffffffffff,32,中国,,,,,,,,country,,2402:5b40::/32
2402:5bc0::,2402:5bc0:ffff:ffff:ffff:ffff:ffff:ffff,24025bc0000000000000000000000000,24025bc0ffffffffffffffffffffffff,32,中国,天津,,,,120000,39.085318,117.201509,province,,2402:5bc0::/32
2402:5c20::,2402:5c20:ffff:ffff:ffff:ffff:ffff:ffff,24025c20000000000000000000000000,24025c20ffffffffffffffffffffffff,32,中国香港,香港,,,香港,,,,country,,2402:5c20::/32
2402:5ca0::,2402:5ca0:ffff:ffff:ffff:ffff:ffff:ffff,24025ca0000000000000000000000000,24025ca0ffffffffffffffffffffffff,32,中国台湾,台湾,,,台湾,,,,country,,2402:5ca0::/32
2402:5d00::,2402:5d00:ffff:ffff:ffff:ffff:ffff:ffff,24025d00000000000000000000000000,24025d00ffffffffffffffffffffffff,32,中国,北京,,,,110000,39.904179,116.407387,province,,2402:5d00::/32
2402:5da0::,2402:5da0:ffff:ffff:ffff:ffff:ffff:ffff,24025da0000000000000000000000000,24025da0ffffffffffffffffffffffff,32,中国台湾,台湾,,,台湾,,,,country,,2402:5da0::/32
2402:5dc0::,2402:5dc0:ffff:ffff:ffff:ffff:ffff:ffff,24025dc0000000000000000000000000,24025dc0ffffffffffffffffffffffff,32,中国香港,香港,,,香港,,,,country,,2402:5dc0::/32
2402:5e00::,2402:5e00:ffff:ffff:ffff:ffff:ffff:ffff,24025e00000000000000000000000000,24025e00ffffffffffffffffffffffff,32,中国,北京,,,,110000,39.904179,116.407387,province,,2402:5e00::/32
2402:5e40::,2402:5e40:ffff:ffff:ffff:ffff:ffff:ffff,24025e40000000000000000000000000,24025e40ffffffffffffffffffffffff,32,中国,,,,,,,,country,,2402:5e40::/32
2402:5ec0::,2402:5ec0:ffff:ffff:ffff:ffff:ffff:ffff,24025ec0000000000000000000000000,24025ec0ffffffffffffffffffffffff,32,中国,北京,,,,110000,39.904179,116.407387,province,,2402:5ec0::/32
2402:5f20::,2402:5f20:ffff:ffff:ffff:ffff:ffff:ffff,24025f20000000000000000000000000,24025f20ffffffffffffffffffffffff,32,中国,,,,,,,,country,,2402:5f20::/32
2402:5f40::,2402:5f40:ffff:ffff:ffff:ffff:ffff:ffff,24025f40000000000000000000000000,24025f40ffffffffffffffffffffffff,32,中国,,,,,,,,country,,2402:5f40::/32
2402:6060::,2402:6060:ffff:ffff:ffff:ffff:ffff:ffff,24026060000000000000000000000000,24026060ffffffffffffffffffffffff,32,中国,,,,,,,,country,,2402:6060::/32
2402:6120::,2402:6120:ffff:ffff:ffff:ffff:ffff:ffff,24026120000000000000000000000000,24026120ffffffffffffffffffffffff,32,中国香港,香港,,,香港,,,,country,,2402:6120::/32
2402:6140::,2402:6140:ffff:ffff:ffff:ffff:ffff:ffff,24026140000000000000000000000000,24026140ffffffffffffffffffffffff,32,中国香港,香港,,,香港,,,,country,,2402:6140::/32
2402:6280::,2402:6280:ffff:ffff:ffff:ffff:ffff:ffff,24026280000000000000000000000000,24026280ffffffffffffffffffffffff,32,中国,,,,,,,,country,,2402:6280::/32
2402:62c0::,2402:62c0:ffff:ffff:ffff:ffff:ffff:ffff,240262c0000000000000000000000000,240262c0ffffffffffffffffffffffff,32,中国,广东,中山,,,442000,22.517024,113.392517,city,,2402:62c0::/32
2402:6320::,2402:6320:ffff:ffff:ffff:ffff:ffff:ffff,24026320000000000000000000000000,24026320ffffffffffffffffffffffff,32,中国,,,,,,,,country,,2402:6320::/32
2402:6420::,2402:6420:ffff:ffff:ffff:ffff:ffff:ffff,24026420000000000000000000000000,24026420ffffffffffffffffffffffff,32,中国台湾,台湾,,,台湾,,,,country,,2402:6420::/32
2402:64c0::,2402:64c0:ffff:ffff:ffff:ffff:ffff:ffff,240264c0000000000000000000000000,240264c0ffffffffffffffffffffffff,32,中国,,,,,,,,country,,2402:64c0::/32
2402:66a0::,2402:66a0:ffff:ffff:ffff:ffff:ffff:ffff,240266a0000000000000000000000000,240266a0ffffffffffffffffffffffff,32,中国香港,香港,,,香港,,,,country,,2402:66a0::/32
2402:66c0::,2402:66c0:ffff:ffff:ffff:ffff:ffff:ffff,240266c0000000000000000000000000,240266c0ffffffffffffffffffffffff,32,中国,,,,,,,,country,,2402:66c0::/32
2402:6740::,2402:6740:ffff:ffff:ffff:ffff:ffff:ffff,24026740000000000000000000000000,24026740ffffffffffffffffffffffff,32,中国,,,,,,,,country,,2402:6740::/32
2402:6760::,2402:6760:ffff:ffff:ffff:ffff:ffff:ffff,24026760000000000000000000000000,24026760ffffffffffffffffffffffff,32,中国香港,香港,,,香港,,,,country,,2402:6760::/32
2402:67c0::,2402:67c0:ffff:ffff:ffff:ffff:ffff:ffff,240267c0000000000000000000000000,240267c0ffffffffffffffffffffffff,32,中国,,,,,,,,country,,2402:67c0::/32
2402:6960::,2402:6960:ffff:ffff:ffff:ffff:ffff:ffff,24026960000000000000000000000000,24026960ffffffffffffffffffffffff,32,中国,,,,,,,,country,,2402:6960::/32
2402:6a00::,2402:6a00:ffff:ffff:ffff:ffff:ffff:ffff,24026a00000000000000000000000000,24026a00ffffffffffffffffffffffff,32,中国,北京,,,,110000,39.904179,116.407387,province,,2402:6a00::/32
2402:6a80::,2402:6a80:ffff:ffff:ffff:ffff:ffff:ffff,24026a80000000000000000000000000,24026a80ffffffffffffffffffffffff,32,中国香港,香港,,,香港,,,,country,,2402:6a80::/32
2402:6b40::,2402:6b40:ffff:ffff:ffff:ffff:ffff:ffff,24026b40000000000000000000000000,24026b40ffffffffffffffffffffffff,32,中国,,,,,,,,country,,2402:6b40::/32
2402:6bc0::,2402:6bc0:ffff:ffff:ffff:ffff:ffff:ffff,24026bc0000000000000000000000000,24026bc0ffffffffffffffffffffffff,32,中国,,,,,,,,country,,2402:6bc0::/32
2402:6e00::,2402:6e00:ffff:ffff:ffff:ffff:ffff:ffff,24026e00000000000000000000000000,24026e00ffffffffffffffffffffffff,32,中国,北京,,,,110000,39.904179,116.407387,province,,2402:6e00::/32
2402:6e40::,2402:6e40:ffff:ffff:ffff:ffff:ffff:ffff,24026e40000000000000000000000000,24026e40ffffffffffffffffffffffff,32,中国香港,香港,,,香港,,,,country,,2402:6e40::/32
2402:6e80::,2402:6e80:ffff:ffff:ffff:ffff:ffff:ffff,24026e80000000000000000000000000,24026e80ffffffffffffffffffffffff,32,中国,辽宁,沈阳,,,210100,41.677576,123.464675,city,,2402:6e80::/32
2402:6f00::,2402:6f00:ffff:ffff:ffff:ffff:ffff:ffff,24026f00000000000000000000000000,24026f00ffffffffffffffffffffffff,32,中国香港,香港,,,香港,,,,country,,2402:6f00::/32
2402:6f40::,2402:6f40:ffff:ffff:ffff:ffff:ffff:ffff,24026f40000000000000000000000000,24026f40ffffffffffffffffffffffff,32,中国,上海,,,,310000,31.230525,121.473667,province,,2402:6f40::/32
2402:6fc0::,2402:6fc0:ffff:ffff:ffff:ffff:ffff:ffff,24026fc0000000000000000000000000,24026fc0ffffffffffffffffffffffff,32,中国,,,,,,,,country,,2402:6fc0::/32
2402:7040::,2402:7040:ffff:ffff:ffff:ffff:ffff:ffff,24027040000000000000000000000000,24027040ffffffffffffffffffffffff,32,中国,贵州,贵阳,,,520100,26.646694,106.628201,city,,2402:7040::/32
2402:7080::,2402:7080:ffff:ffff:ffff:ffff:ffff:ffff,24027080000000000000000000000000,24027080ffffffffffffffffffffffff,32,中国,,,,,,,,country,,2402:7080::/32
2402:70c0::,2402:70c0:ffff:ffff:ffff:ffff:ffff:ffff,240270c0000000000000000000000000,240270c0ffffffffffffffffffffffff,32,中国,,,,,,,,country,,2402:70c0::/32
2402:7140::,2402:7140:ffff:ffff:ffff:ffff:ffff:ffff,24027140000000000000000000000000,24027140ffffffffffffffffffffffff,32,中国,,,,,,,,country,,2402:7140::/32
2402:71c0::,2402:71c0:ffff:ffff:ffff:ffff:ffff:ffff,240271c0000000000000000000000000,240271c0ffffffffffffffffffffffff,32,中国,,,,,,,,country,,2402:71c0::/32
2402:7240::,2402:7240:ffff:ffff:ffff:ffff:ffff:ffff,24027240000000000000000000000000,24027240ffffffffffffffffffffffff,32,中国,江苏,南京,,,320100,32.059344,118.796624,city,,2402:7240::/32
2402:72c0::,2402:72c0:ffff:ffff:ffff:ffff:ffff:ffff,240272c0000000000000000000000000,240272c0ffffffffffffffffffffffff,32,中国,,,,,,,,country,,2402:72c0::/32
2402:7500::,2402:7500:ffff:ffff:ffff:ffff:ffff:ffff,24027500000000000000000000000000,24027500ffffffffffffffffffffffff,32,中国台湾,台湾,,,台湾,,,,country,,2402:7500::/32
2402:7540::,2402:7540:ffff:ffff:ffff:ffff:ffff:ffff,24027540000000000000000000000000,24027540ffffffffffffffffffffffff,32,中国,,,,,,,,country,,2402:7540::/32
2402:75c0::,2402:75c0:ffff:ffff:ffff:ffff:ffff:ffff,240275c0000000000000000000000000,240275c0ffffffffffffffffffffffff,32,中国,,,,,,,,country,,2402:75c0::/32
2402:7740::,2402:7740:ffff:ffff:ffff:ffff:ffff:ffff,24027740000000000000000000000000,24027740ffffffffffffffffffffffff,32,中国,江苏,南京,,,320100,32.059344,118.796624,city,,2402:7740::/32
2402:7840::,2402:7840:ffff:ffff:ffff:ffff:ffff:ffff,24027840000000000000000000000000,24027840ffffffffffffffffffffffff,32,中国香港,香港,,,香港,,,,country,,2402:7840::/32
2402:7d00::,2402:7d00:ffff:ffff:ffff:ffff:ffff:ffff,24027d00000000000000000000000000,24027d00ffffffffffffffffffffffff,32,中国,广东,深圳,,,440300,22.543527,114.057939,city,,2402:7d00::/32
2402:7d80::,2402:7d80:ffff:ffff:ffff:ffff:ffff:ffff,24027d80000000000000000000000000,24027d80ffffffffffffffffffffffff,32,中国,北京,,,,110000,39.904179,116.407387,province,,2402:7d80::/32
2402:8180::,2402:8180:ffff:ffff:ffff:ffff:ffff:ffff,24028180000000000000000000000000,24028180ffffffffffffffffffffffff,32,中国,,,,,,,,country,,2402:8180::/32
2402:8300::,2402:8300:ffff:ffff:ffff:ffff:ffff:ffff,24028300000000000000000000000000,24028300ffffffffffffffffffffffff,32,中国,山东,青岛,,,370200,36.066938,120.382665,city,,2402:8300::/32
2402:8380::,2402:8380:ffff:ffff:ffff:ffff:ffff:ffff,24028380000000000000000000000000,24028380ffffffffffffffffffffffff,32,中国,,,,,,,,country,,2402:8380::/32
2402:85c0::,2402:85c0:ffff:ffff:ffff:ffff:ffff:ffff,240285c0000000000000000000000000,240285c0ffffffffffffffffffffffff,32,中国,,,,,,,,country,,2402:85c0::/32
2402:8800::,2402:8800:ffff:ffff:ffff:ffff:ffff:ffff,24028800000000000000000000000000,24028800ffffffffffffffffffffffff,32,中国,,,,电信,,,,country,,2402:8800::/32
2402:8840::,2402:8840:ffff:ffff:ffff:ffff:ffff:ffff,24028840000000000000000000000000,24028840ffffffffffffffffffffffff,32,中国,,,,,,,,country,,2402:8840::/32
2402:8900::,2402:8900:ffff:ffff:ffff:ffff:ffff:ffff,24028900000000000000000000000000,24028900ffffffffffffffffffffffff,32,中国,山东,济南,,,370100,36.652069,117.120128,city,,2402:8900::/32
2402:8940::,2402:8940:ffff:ffff:ffff:ffff:ffff:ffff,24028940000000000000000000000000,24028940ffffffffffffffffffffffff,32,中国,,,,,,,,country,,2402:8940::/32
2402:89c0::,2402:89c0:ffff:ffff:ffff:ffff:ffff:ffff,240289c0000000000000000000000000,240289c0ffffffffffffffffffffffff,32,中国,,,,,,,,country,,2402:89c0::/32
2402:8a40::,2402:8a40:ffff:ffff:ffff:ffff:ffff:ffff,24028a40000000000000000000000000,24028a40ffffffffffffffffffffffff,32,中国香港,香港,,,香港,,,,country,,2402:8a40::/32
2402:8b40::,2402:8b40:ffff:ffff:ffff:ffff:ffff:ffff,24028b40000000000000000000000000,24028b40ffffffffffffffffffffffff,32,中国,,,,,,,,country,,2402:8b40::/32
2402:8bc0::,2402:8bc0:ffff:ffff:ffff:ffff:ffff:ffff,24028bc0000000000000000000000000,24028bc0ffffffffffffffffffffffff,32,中国,北京,,,,110000,39.904179,116.407387,province,,2402:8bc0::/32
2402:8cc0::,2402:8cc0:ffff:ffff:ffff:ffff:ffff:ffff,24028cc0000000000000000000000000,24028cc0ffffffffffffffffffffffff,32,中国,,,,,,,,country,,2402:8cc0::/32
2402:8d40::,2402:8d40:ffff:ffff:ffff:ffff:ffff:ffff,24028d40000000000000000000000000,24028d40ffffffffffffffffffffffff,32,中国,,,,,,,,country,,2402:8d40::/32
2402:8f40::,2402:8f40:ffff:ffff:ffff:ffff:ffff:ffff,24028f40000000000000000000000000,24028f40ffffffffffffffffffffffff,32,中国,,,,,,,,country,,2402:8f40::/32
2402:8f80::,2402:8f80:ffff:ffff:ffff:ffff:ffff:ffff,24028f80000000000000000000000000,24028f80ffffffffffffffffffffffff,32,中国,,,,,,,,country,,2402:8f80::/32
2402:90c0::,2402:90c0:ffff:ffff:ffff:ffff:ffff:ffff,240290c0000000000000000000000000,240290c0ffffffffffffffffffffffff,32,中国香港,香港,,,香港,,,,country,,2402:90c0::/32
2402:9240::,2402:9240:ffff:ffff:ffff:ffff:ffff:ffff,24029240000000000000000000000000,24029240ffffffffffffffffffffffff,32,中国,,,,,,,,country,,2402:9240::/32
2402:9280::,2402:9280:ffff:ffff:ffff:ffff:ffff:ffff,24029280000000000000000000000000,24029280ffffffffffffffffffffffff,32,中国澳门,澳门,,,澳门,,,,country,,2402:9280::/32
2402:92c0::,2402:92c0:ffff:ffff:ffff:ffff:ffff:ffff,240292c0000000000000000000000000,240292c0ffffffffffffffffffffffff,32,中国,,,,,,,,country,,2402:92c0::/32
2402:93c0::,2402:93c0:ffff:ffff:ffff:ffff:ffff:ffff,240293c0000000000000000000000000,240293c0ffffffffffffffffffffffff,32,中国,北京,,,,110000,39.904179,116.407387,province,,2402:93c0::/32
2402:9440::,2402:9440:ffff:ffff:ffff:ffff:ffff:ffff,24029440000000000000000000000000,24029440ffffffffffffffffffffffff,32,中国,,,,,,,,country,,2402:9440::/32
2402:9480::,2402:9480:ffff:ffff:ffff:ffff:ffff:ffff,24029480000000000000000000000000,24029480ffffffffffffffffffffffff,32,中国,,,,,,,,country,,2402:9480::/32
2402:94c0::,2402:94c0:ffff:ffff:ffff:ffff:ffff:ffff,240294c0000000000000000000000000,240294c0ffffffffffffffffffffffff,32,中国,,,,,,,,country,,2402:94c0::/32
2402:9580::,2402:9580:ffff:ffff:ffff:ffff:ffff:ffff,24029580000000000000000000000000,24029580ffffffffffffffffffffffff,32,中国,,,,,,,,country,,2402:9580::/32
2402:95c0::,2402:95c0:ffff:ffff:ffff:ffff:ffff:ffff,240295c0000000000000000000000000,240295c0ffffffffffffffffffffffff,32,中国,,,,,,,,country,,2402:95c0::/32
2402:9680::,2402:9680:ffff:ffff:ffff:ffff:ffff:ffff,24029680000000000000000000000000,24029680ffffffffffffffffffffffff,32,中国,,,,,,,,country,,2402:9680::/32
2402:96c0::,2402:96c0:ffff:ffff:ffff:ffff:ffff:ffff,240296c0000000000000000000000000,240296c0ffffffffffffffffffffffff,32,中国,,,,,,,,country,,2402:96c0::/32
2402:9840::,2402:9840:ffff:ffff:ffff:ffff:ffff:ffff,24029840000000000000000000000000,24029840ffffffffffffffffffffffff,32,中国,,,,,,,,country,,2402:9840::/32
2402:9880::,2402:9880:ffff:ffff:ffff:ffff:ffff:ffff,24029880000000000000000000000000,24029880ffffffffffffffffffffffff,32,中国香港,香港,,,香港,,,,country,,2402:9880::/32
2402:98c0::,2402:98c0:ffff:ffff:ffff:ffff:ffff:ffff,240298c0000000000000000000000000,240298c0ffffffffffffffffffffffff,32,中国,,,,,,,,country,,2402:98c0::/32
2402:9940::,2402:9940:ffff:ffff:ffff:ffff:ffff:ffff,24029940000000000000000000000000,24029940ffffffffffffffffffffffff,32,中国,,,,,,,,country,,2402:9940::/32
2402:9a80::,2402:9a80:ffff:ffff:ffff:ffff:ffff:ffff,24029a80000000000000000000000000,24029a80ffffffffffffffffffffffff,32,中国,,,,,,,,country,,2402:9a80::/32
2402:9b40::,2402:9b40:ffff:ffff:ffff:ffff:ffff:ffff,24029b40000000000000000000000000,24029b40ffffffffffffffffffffffff,32,中国香港,香港,,,香港,,,,country,,2402:9b40::/32
2402:9b80::,2402:9b80:ffff:ffff:ffff:ffff:ffff:ffff,24029b80000000000000000000000000,24029b80ffffffffffffffffffffffff,32,中国,,,,,,,,country,,2402:9b80::/32
2402:9c00::,2402:9c00:ffff:ffff:ffff:ffff:ffff:ffff,24029c00000000000000000000000000,24029c00ffffffffffffffffffffffff,32,中国台湾,台湾,,,台湾,,,,country,,2402:9c00::/32
2402:9e80::,2402:9e80:ffff:ffff:ffff:ffff:ffff:ffff,24029e80000000000000000000000000,24029e80ffffffffffffffffffffffff,32,中国香港,香港,,,香港,,,,country,,2402:9e80::/32
2402:9f80::,2402:9f80:ffff:ffff:ffff:ffff:ffff:ffff,24029f80000000000000000000000000,24029f80ffffffffffffffffffffffff,32,中国,,,,,,,,country,,2402:9f80::/32
2402:9fc0::,2402:9fc0:ffff:ffff:ffff:ffff:ffff:ffff,24029fc0000000000000000000000000,24029fc0ffffffffffffffffffffffff,32,中国,,,,,,,,country,,2402:9fc0::/32
2402:a080::,2402:a080:ffff:ffff:ffff:ffff:ffff:ffff,2402a080000000000000000000000000,2402a080ffffffffffffffffffffffff,32,中国,,,,,,,,country,,2402:a080::/32
2402:a140::,2402:a140:ffff:ffff:ffff:ffff:ffff:ffff,2402a140000000000000000000000000,2402a140ffffffffffffffffffffffff,32,中国香港,香港,,,香港,,,,country,,2402:a140::/32
2402:a180::,2402:a180:ffff:ffff:ffff:ffff:ffff:ffff,2402a180000000000000000000000000,2402a180ffffffffffffffffffffffff,32,中国,,,,,,,,country,,2402:a180::/32
2402:a200::,2402:a200:ffff:ffff:ffff:ffff:ffff:ffff,2402a200000000000000000000000000,2402a200ffffffffffffffffffffffff,32,中国,北京,,,,110000,39.904179,116.407387,province,,2402:a200::/32
2402:a240::,2402:a240:ffff:ffff:ffff:ffff:ffff:ffff,2402a240000000000000000000000000,2402a240ffffffffffffffffffffffff,32,中国,,,,,,,,country,,2402:a240::/32
2402:a280::,2402:a280:ffff:ffff:ffff:ffff:ffff:ffff,2402a280000000000000000000000000,2402a280ffffffffffffffffffffffff,32,中国,,,,,,,,country,,2402:a280::/32
2402:a380::,2402:a380:ffff:ffff:ffff:ffff:ffff:ffff,2402a380000000000000000000000000,2402a380ffffffffffffffffffffffff,32,中国,,,,,,,,country,,2402:a380::/32
2402:a640::,2402:a640:ffff:ffff:ffff:ffff:ffff:ffff,2402a640000000000000000000000000,2402a640ffffffffffffffffffffffff,32,中国,,,,,,,,country,,2402:a640::/32
2402:a680::,2402:a680:ffff:ffff:ffff:ffff:ffff:ffff,2402a680000000000000000000000000,2402a680ffffffffffffffffffffffff,32,中国,,,,,,,,country,,2402:a680::/32
2402:a6c0::,2402:a6c0:ffff:ffff:ffff:ffff:ffff:ffff,2402a6c0000000000000000000000000,2402a6c0ffffffffffffffffffffffff,32,中国,,,,,,,,country,,2402:a6c0::/32
2402:a7c1::,2402:a7c1:ffff:ffff:ffff:ffff:ffff:ffff,2402a7c1000000000000000000000000,2402a7c1ffffffffffffffffffffffff,32,中国香港,香港,,,香港,,,,country,,2402:a7c1::/32
2402:a840::,2402:a840:ffff:ffff:ffff:ffff:ffff:ffff,2402a840000000000000000000000000,2402a840ffffffffffffffffffffffff,32,中国,,,,,,,,country,,2402:a840::/32
2402:a880::,2402:a880:ffff:ffff:ffff:ffff:ffff:ffff,2402a880000000000000000000000000,2402a880ffffffffffffffffffffffff,32,中国,,,,,,,,country,,2402:a880::/32
2402:aa80::,2402:aa80:ffff:ffff:ffff:ffff:ffff:ffff,2402aa80000000000000000000000000,2402aa80ffffffffffffffffffffffff,32,中国,,,,,,,,country,,2402:aa80::/32
2402:ab80::,2402:ab80:ffff:ffff:ffff:ffff:ffff:ffff,2402ab80000000000000000000000000,2402ab80ffffffffffffffffffffffff,32,中国,,,,,,,,country,,2402:ab80::/32
2402:ae00::,2402:ae00:ffff:ffff:ffff:ffff:ffff:ffff,2402ae00000000000000000000000000,2402ae00ffffffffffffffffffffffff,32,中国,广东,广州,,,440100,23.130061,113.264499,city,,2402:ae00::/32
2402:ae40::,2402:ae40:ffff:ffff:ffff:ffff:ffff:ffff,2402ae40000000000000000000000000,2402ae40ffffffffffffffffffffffff,32,中国,,,,,,,,country,,2402:ae40::/32
2402:aec0::,2402:aec0:ffff:ffff:ffff:ffff:ffff:ffff,2402aec0000000000000000000000000,2402aec0ffffffffffffffffffffffff,32,中国,,,,,,,,country,,2402:aec0::/32
2402:af80::,2402:af80:ffff:ffff:ffff:ffff:ffff:ffff,2402af80000000000000000000000000,2402af80ffffffffffffffffffffffff,32,中国,,,,,,,,country,,2402:af80::/32
2402:afc0::,2402:afc0:ffff:ffff:ffff:ffff:ffff:ffff,2402afc0000000000000000000000000,2402afc0ffffffffffffffffffffffff,32,中国,北京,,,,110000,39.904179,116.407387,province,,2402:afc0::/32
2402:b080::,2402:b080:ffff:ffff:ffff:ffff:ffff:ffff,2402b080000000000000000000000000,2402b080ffffffffffffffffffffffff,32,中国,,,,,,,,country,,2402:b080::/32
2402:b200::,2402:b200:ffff:ffff:ffff:ffff:ffff:ffff,2402b200000000000000000000000000,2402b200ffffffffffffffffffffffff,32,中国,北京,,,,110000,39.904179,116.407387,province,,2402:b200::/32
2402:b440::,2402:b440:ffff:ffff:ffff:ffff:ffff:ffff,2402b440000000000000000000000000,2402b440ffffffffffffffffffffffff,32,中国,北京,,,,110000,39.904179,116.407387,province,,2402:b440::/32
2402:b600::,2402:b600:ffff:ffff:ffff:ffff:ffff:ffff,2402b600000000000000000000000000,2402b600ffffffffffffffffffffffff,32,中国台湾,台湾,,,台湾,,,,country,,2402:b600::/32
2402:b6c0::,2402:b6c0:ffff:ffff:ffff:ffff:ffff:ffff,2402b6c0000000000000000000000000,2402b6c0ffffffffffffffffffffffff,32,中国,,,,,,,,country,,2402:b6c0::/32
2402:b780::,2402:b780:ffff:ffff:ffff:ffff:ffff:ffff,2402b780000000000000000000000000,2402b780ffffffffffffffffffffffff,32,中国香港,香港,,,香港,,,,country,,2402:b780::/32
2402:b840::,2402:b840:ffff:ffff:ffff:ffff:ffff:ffff,2402b840000000000000000000000000,2402b840ffffffffffffffffffffffff,32,中国香港,香港,,,香港,,,,country,,2402:b840::/32
2402:b880::,2402:b880:ffff:ffff:ffff:ffff:ffff:ffff,2402b880000000000000000000000000,2402b880ffffffffffffffffffffffff,32,中国,,,,,,,,country,,2402:b880::/32
2402:b8c0::,2402:b8c0:ffff:ffff:ffff:ffff:ffff:ffff,2402b8c0000000000000000000000000,2402b8c0ffffffffffffffffffffffff,32,中国,北京,,,,110000,39.904179,116.407387,province,,2402:b8c0::/32
2402:b940::,2402:b940:ffff:ffff:ffff:ffff:ffff:ffff,2402b940000000000000000000000000,2402b940ffffffffffffffffffffffff,32,中国,,,,,,,,country,,2402:b940::/32
2402:b980::,2402:b980:ffff:ffff:ffff:ffff:ffff:ffff,2402b980000000000000000000000000,2402b980ffffffffffffffffffffffff,32,中国,,,,,,,,country,,2402:b980::/32
2402:ba80::,2402:ba80:ffff:ffff:ffff:ffff:ffff:ffff,2402ba80000000000000000000000000,2402ba80ffffffffffffffffffffffff,32,中国,,,,,,,,country,,2402:ba80::/32
2402:bac0::,2402:bac0:ffff:ffff:ffff:ffff:ffff:ffff,2402bac0000000000000000000000000,2402bac0ffffffffffffffffffffffff,32,中国,,,,,,,,country,,2402:bac0::/32
2402:bbc0::,2402:bbc0:ffff:ffff:ffff:ffff:ffff:ffff,2402bbc0000000000000000000000000,2402bbc0ffffffffffffffffffffffff,32,中国,,,,,,,,country,,2402:bbc0::/32
2402:bdc0::,2402:bdc0:ffff:ffff:ffff:ffff:ffff:ffff,2402bdc0000000000000000000000000,2402bdc0ffffffffffffffffffffffff,32,中国香港,香港,,,香港,,,,country,,2402:bdc0::/32
2402:bf80::,2402:bf80:ffff:ffff:ffff:ffff:ffff:ffff,2402bf80000000000000000000000000,2402bf80ffffffffffffffffffffffff,32,中国,,,,,,,,country,,2402:bf80::/32
2402:c280::,2402:c280:ffff:ffff:ffff:ffff:ffff:ffff,2402c280000000000000000000000000,2402c280ffffffffffffffffffffffff,32,中国,,,,,,,,country,,2402:c280::/32
2402:c3c0::,2402:c3c0:ffff:ffff:ffff:ffff:ffff:ffff,2402c3c0000000000000000000000000,2402c3c0ffffffffffffffffffffffff,32,中国,,,,,,,,country,,2402:c3c0::/32
2402:c480::,2402:c480:ffff:ffff:ffff:ffff:ffff:ffff,2402c480000000000000000000000000,2402c480ffffffffffffffffffffffff,32,中国香港,香港,,,香港,,,,country,,2402:c480::/32
2402:c5c0::,2402:c5c0:ffff:ffff:ffff:ffff:ffff:ffff,2402c5c0000000000000000000000000,2402c5c0ffffffffffffffffffffffff,32,中国,北京,,,,110000,39.904179,116.407387,province,,2402:c5c0::/32
2402:c680::,2402:c680:ffff:ffff:ffff:ffff:ffff:ffff,2402c680000000000000000000000000,2402c680ffffffffffffffffffffffff,32,中国香港,香港,,,香港,,,,country,,2402:c680::/32
2402:c880::,2402:c880:ffff:ffff:ffff:ffff:ffff:ffff,2402c880000000000000000000000000,2402c880ffffffffffffffffffffffff,32,中国香港,香港,,,香港,,,,country,,2402:c880::/32
2402:c940::,2402:c940:ffff:ffff:ffff:ffff:ffff:ffff,2402c940000000000000000000000000,2402c940ffffffffffffffffffffffff,32,中国香港,香港,,,香港,,,,country,,2402:c940::/32
2402:c9c0::,2402:c9c0:ffff:ffff:ffff:ffff:ffff:ffff,2402c9c0000000000000000000000000,2402c9c0ffffffffffffffffffffffff,32,中国,,,,,,,,country,,2402:c9c0::/32
2402:cac0::,2402:cac0:ffff:ffff:ffff:ffff:ffff:ffff,2402cac0000000000000000000000000,2402cac0ffffffffffffffffffffffff,32,中国香港,香港,,,香港,,,,country,,2402:cac0::/32
2402:cc40::,2402:cc40:ffff:ffff:ffff:ffff:ffff:ffff,2402cc40000000000000000000000000,2402cc40ffffffffffffffffffffffff,32,中国,,,,,,,,country,,2402:cc40::/32
2402:cf00::,2402:cf00:ffff:ffff:ffff:ffff:ffff:ffff,2402cf00000000000000000000000000,2402cf00ffffffffffffffffffffffff,32,中国,上海,,,,310000,31.230525,121.473667,province,,2402:cf00::/32
2402:cf40::,2402:cf40:ffff:ffff:ffff:ffff:ffff:ffff,2402cf40000000000000000000000000,2402cf40ffffffffffffffffffffffff,32,中国,,,,,,,,country,,2402:cf40::/32
2402:d040::,2402:d040:ffff:ffff:ffff:ffff:ffff:ffff,2402d040000000000000000000000000,2402d040ffffffffffffffffffffffff,32,中国,,,,,,,,country,,2402:d040::/32
2402:d140::,2402:d140:ffff:ffff:ffff:ffff:ffff:ffff,2402d140000000000000000000000000,2402d140ffffffffffffffffffffffff,32,中国,北京,,,,110000,39.904179,116.407387,province,,2402:d140::/32
2402:d1c0::,2402:d1c0:ffff:ffff:ffff:ffff:ffff:ffff,2402d1c0000000000000000000000000,2402d1c0ffffffffffffffffffffffff,32,中国香港,香港,,,香港,,,,country,,2402:d1c0::/32
2402:d2c0::,2402:d2c0:ffff:ffff:ffff:ffff:ffff:ffff,2402d2c0000000000000000000000000,2402d2c0ffffffffffffffffffffffff,32,中国,,,,,,,,country,,2402:d2c0::/32
2402:d300::,2402:d300:ffff:ffff:ffff:ffff:ffff:ffff,2402d300000000000000000000000000,2402d300ffffffffffffffffffffffff,32,中国,江苏,苏州,,,320500,31.299758,120.585294,city,,2402:d300::/32
2402:d340::,2402:d340:ffff:ffff:ffff:ffff:ffff:ffff,2402d340000000000000000000000000,2402d340ffffffffffffffffffffffff,32,中国,北京,,,,110000,39.904179,116.407387,province,,2402:d340::/32
2402:d380::,2402:d380:ffff:ffff:ffff:ffff:ffff:ffff,2402d380000000000000000000000000,2402d380ffffffffffffffffffffffff,32,中国,,,,,,,,country,,2402:d380::/32
2402:d5c0::,2402:d5c0:ffff:ffff:ffff:ffff:ffff:ffff,2402d5c0000000000000000000000000,2402d5c0ffffffffffffffffffffffff,32,中国,,,,,,,,country,,2402:d5c0::/32
2402:d6c0::,2402:d6c0:ffff:ffff:ffff:ffff:ffff:ffff,2402d6c0000000000000000000000000,2402d6c0ffffffffffffffffffffffff,32,中国,,,,,,,,country,,2402:d6c0::/32
2402:d740::,2402:d740:ffff:ffff:ffff:ffff:ffff:ffff,2402d740000000000000000000000000,2402d740ffffffffffffffffffffffff,32,中国,,,,,,,,country,,2402:d740::/32
2402:d780::,2402:d780:ffff:ffff:ffff:ffff:ffff:ffff,2402d780000000000000000000000000,2402d780ffffffffffffffffffffffff,32,中国,,,,,,,,country,,2402:d780::/32
2402:d880::,2402:d880:ffff:ffff:ffff:ffff:ffff:ffff,2402d880000000000000000000000000,2402d880ffffffffffffffffffffffff,32,中国,,,,,,,,country,,2402:d880::/32
2402:d980::,2402:d980:ffff:ffff:ffff:ffff:ffff:ffff,2402d980000000000000000000000000,2402d980ffffffffffffffffffffffff,32,中国,,,,,,,,country,,2402:d980::/32
2402:da40::,2402:da40:ffff:ffff:ffff:ffff:ffff:ffff,2402da40000000000000000000000000,2402da40ffffffffffffffffffffffff,32,中国,,,,,,,,country,,2402:da40::/32
2402:da80::,2402:da80:ffff:ffff:ffff:ffff:ffff:ffff,2402da80000000000000000000000000,2402da80ffffffffffffffffffffffff,32,中国香港,香港,,,香港,,,,country,,2402:da80::/32
2402:db40::,2402:db40:ffff:ffff:ffff:ffff:ffff:ffff,2402db40000000000000000000000000,2402db40ffffffffffffffffffffffff,32,中国,北京,,,,110000,39.904179,116.407387,province,,2402:db40::/32
2402:dc80::,2402:dc80:ffff:ffff:ffff:ffff:ffff:ffff,2402dc80000000000000000000000000,2402dc80ffffffffffffffffffffffff,32,中国香港,香港,,,香港,,,,country,,2402:dc80::/32
2402:dcc0::,2402:dcc0:ffff:ffff:ffff:ffff:ffff:ffff,2402dcc0000000000000000000000000,2402dcc0ffffffffffffffffffffffff,32,中国,,,,,,,,country,,2402:dcc0::/32
2402:de40::,2402:de40:ffff:ffff:ffff:ffff:ffff:ffff,2402de40000000000000000000000000,2402de40ffffffffffffffffffffffff,32,中国,,,,,,,,country,,2402:de40::/32
2402:dec0::,2402:dec0:ffff:ffff:ffff:ffff:ffff:ffff,2402dec0000000000000000000000000,2402dec0ffffffffffffffffffffffff,32,中国,,,,,,,,country,,2402:dec0::/32
2402:df40::,2402:df40:ffff:ffff:ffff:ffff:ffff:ffff,2402df40000000000000000000000000,2402df40ffffffffffffffffffffffff,32,中国,,,,,,,,country,,2402:df40::/32
2402:dfc0::,2402:dfc0:ffff:ffff:ffff:ffff:ffff:ffff,2402dfc0000000000000000000000000,2402dfc0ffffffffffffffffffffffff,32,中国,北京,,,,110000,39.904179,116.407387,province,,2402:dfc0::/32
2402:e040::,2402:e040:ffff:ffff:ffff:ffff:ffff:ffff,2402e040000000000000000000000000,2402e040ffffffffffffffffffffffff,32,中国,,,,,,,,country,,2402:e040::/32
2402:e0c0::,2402:e0c0:ffff:ffff:ffff:ffff:ffff:ffff,2402e0c0000000000000000000000000,2402e0c0ffffffffffffffffffffffff,32,中国,,,,,,,,country,,2402:e0c0::/32
2402:e140::,2402:e140:ffff:ffff:ffff:ffff:ffff:ffff,2402e140000000000000000000000000,2402e140ffffffffffffffffffffffff,32,中国,,,,,,,,country,,2402:e140::/32
2402:e2c0::,2402:e2c0:ffff:ffff:ffff:ffff:ffff:ffff,2402e2c0000000000000000000000000,2402e2c0ffffffffffffffffffffffff,32,中国,,,,,,,,country,,2402:e2c0::/32
2402:e3c0::,2402:e3c0:ffff:ffff:ffff:ffff:ffff:ffff,2402e3c0000000000000000000000000,2402e3c0ffffffffffffffffffffffff,32,中国,,,,,,,,country,,2402:e3c0::/32
2402:e480::,2402:e480:ffff:ffff:ffff:ffff:ffff:ffff,2402e480000000000000000000000000,2402e480ffffffffffffffffffffffff,32,中国,河南,,,,410000,34.767052,113.753094,province,,2402:e480::/32
2402:e540::,2402:e540:ffff:ffff:ffff:ffff:ffff:ffff,2402e540000000000000000000000000,2402e540ffffffffffffffffffffffff,32,中国,,,,,,,,country,,2402:e540::/32
2402:e580::,2402:e580:ffff:ffff:ffff:ffff:ffff:ffff,2402e580000000000000000000000000,2402e580ffffffffffffffffffffffff,32,中国香港,香港,,,香港,,,,country,,2402:e580::/32
2402:e680::,2402:e680:ffff:ffff:ffff:ffff:ffff:ffff,2402e680000000000000000000000000,2402e680ffffffffffffffffffffffff,32,中国,,,,,,,,country,,2402:e680::/32
2402:e740::,2402:e740:ffff:ffff:ffff:ffff:ffff:ffff,2402e740000000000000000000000000,2402e740ffffffffffffffffffffffff,32,中国,北京,,,,110000,39.904179,116.407387,province,,2402:e740::/32
2402:e780::,2402:e780:ffff:ffff:ffff:ffff:ffff:ffff,2402e780000000000000000000000000,2402e780ffffffffffffffffffffffff,32,中国,,,,,,,,country,,2402:e780::/32
2402:e7c0::,2402:e7c0:ffff:ffff:ffff:ffff:ffff:ffff,2402e7c0000000000000000000000000,2402e7c0ffffffffffffffffffffffff,32,中国,北京,,,,110000,39.904179,116.407387,province,,2402:e7c0::/32
2402:e880::,2402:e880:ffff:ffff:ffff:ffff:ffff:ffff,2402e880000000000000000000000000,2402e880ffffffffffffffffffffffff,32,中国,,,,,,,,country,,2402:e880::/32
2402:e940::,2402:e940:ffff:ffff:ffff:ffff:ffff:ffff,2402e940000000000000000000000000,2402e940ffffffffffffffffffffffff,32,中国澳门,澳门,,,澳门,,,,country,,2402:e940::/32
2402:e980::,2402:e980:ffff:ffff:ffff:ffff:ffff:ffff,2402e980000000000000000000000000,2402e980ffffffffffffffffffffffff,32,中国,,,,,,,,country,,2402:e980::/32
2402:eb80::,2402:eb80:ffff:ffff:ffff:ffff:ffff:ffff,2402eb80000000000000000000000000,2402eb80ffffffffffffffffffffffff,32,中国,,,,,,,,country,,2402:eb80::/32
2402:ec80::,2402:ec80:ffff:ffff:ffff:ffff:ffff:ffff,2402ec80000000000000000000000000,2402ec80ffffffffffffffffffffffff,32,中国,,,,,,,,country,,2402:ec80::/32
2402:ed80::,2402:ed80:ffff:ffff:ffff:ffff:ffff:ffff,2402ed80000000000000000000000000,2402ed80ffffffffffffffffffffffff,32,中国,,,,,,,,country,,2402:ed80::/32
2402:ef40::,2402:ef40:ffff:ffff:ffff:ffff:ffff:ffff,2402ef40000000000000000000000000,2402ef40ffffffffffffffffffffffff,32,中国,,,,,,,,country,,2402:ef40::/32
2402:ef80::,2402:ef80:ffff:ffff:ffff:ffff:ffff:ffff,2402ef80000000000000000000000000,2402ef80ffffffffffffffffffffffff,32,中国,,,,,,,,country,,2402:ef80::/32
2402:f000::,2402:f000:ffff:ffff:ffff:ffff:ffff:ffff,2402f000000000000000000000000000,2402f000ffffffffffffffffffffffff,32,中国,北京,,,教育网,110000,39.904179,116.407387,province,,2402:f000::/32
2402:f140::,2402:f140:ffff:ffff:ffff:ffff:ffff:ffff,2402f140000000000000000000000000,2402f140ffffffffffffffffffffffff,32,中国,,,,,,,,country,,2402:f140::/32
2402:f480::,2402:f480:ffff:ffff:ffff:ffff:ffff:ffff,2402f480000000000000000000000000,2402f480ffffffffffffffffffffffff,32,中国,,,,,,,,country,,2402:f480::/32
2402:f540::,2402:f540:ffff:ffff:ffff:ffff:ffff:ffff,2402f540000000000000000000000000,2402f540ffffffffffffffffffffffff,32,中国,,,,,,,,country,,2402:f540::/32
2402:f580::,2402:f580:ffff:ffff:ffff:ffff:ffff:ffff,2402f580000000000000000000000000,2402f580ffffffffffffffffffffffff,32,中国,,,,,,,,country,,2402:f580::/32
2402:f780::,2402:f780:ffff:ffff:ffff:ffff:ffff:ffff,2402f780000000000000000000000000,2402f780ffffffffffffffffffffffff,32,中国,,,,,,,,country,,2402:f780::/32
2402:f8c0::,2402:f8c0:ffff:ffff:ffff:ffff:ffff:ffff,2402f8c0000000000000000000000000,2402f8c0ffffffffffffffffffffffff,32,中国,,,,,,,,country,,2402:f8c0::/32
2402:f980::,2402:f980:ffff:ffff:ffff:ffff:ffff:ffff,2402f980000000000000000000000000,2402f980ffffffffffffffffffffffff,32,中国,,,,,,,,country,,2402:f980::/32
2402:f9c0::,2402:f9c0:ffff:ffff:ffff:ffff:ffff:ffff,2402f9c0000000000000000000000000,2402f9c0ffffffffffffffffffffffff,32,中国,,,,,,,,country,,2402:f9c0::/32
2402:fac0::,2402:fac0:ffff:ffff:ffff:ffff:ffff:ffff,2402fac0000000000000000000000000,2402fac0ffffffffffffffffffffffff,32,中国,,,,,,,,country,,2402:fac0::/32
2402:fcc0::,2402:fcc0:ffff:ffff:ffff:ffff:ffff:ffff,2402fcc0000000000000000000000000,2402fcc0ffffffffffffffffffffffff,32,中国,,,,,,,,country,,2402:fcc0::/32
2402:ff40::,2402:ff40:ffff:ffff:ffff:ffff:ffff:ffff,2402ff40000000000000000000000000,2402ff40ffffffffffffffffffffffff,32,中国,,,,,,,,country,,2402:ff40::/32
2402:ffc0::,2402:ffc0:ffff:ffff:ffff:ffff:ffff:ffff,2402ffc0000000000000000000000000,2402ffc0ffffffffffffffffffffffff,32,中国,,,,,,,,country,,2402:ffc0::/32
2403:380::,2403:380:ffff:ffff:ffff:ffff:ffff:ffff,24030380000000000000000000000000,24030380ffffffffffffffffffffffff,32,中国香港,香港,,,香港,,,,country,,2403:380::/32
2403:600::,2403:600:ffff:ffff:ffff:ffff:ffff:ffff,24030600000000000000000000000000,24030600ffffffffffffffffffffffff,32,中国,北京,,,,110000,39.904179,116.407387,province,,2403:600::/32
2403:700::,2403:700:ffff:ffff:ffff:ffff:ffff:ffff,24030700000000000000000000000000,24030700ffffffffffffffffffffffff,32,中国,上海,,,,310000,31.230525,121.473667,province,,2403:700::/32
2403:7c0::,2403:7c0:ffff:ffff:ffff:ffff:ffff:ffff,240307c0000000000000000000000000,240307c0ffffffffffffffffffffffff,32,中国,,,,,,,,country,,2403:7c0::/32
2403:800::,2403:801:ffff:ffff:ffff:ffff:ffff:ffff,24030800000000000000000000000000,24030801ffffffffffffffffffffffff,31,中国,广东,广州,,,440100,23.130061,113.264499,city,,2403:800::/31
2403:980::,2403:980:ffff:ffff:ffff:ffff:ffff:ffff,24030980000000000000000000000000,24030980ffffffffffffffffffffffff,32,中国,,,,,,,,country,,2403:980::/32
2403:a80::,2403:a80:ffff:ffff:ffff:ffff:ffff:ffff,24030a80000000000000000000000000,24030a80ffffffffffffffffffffffff,32,中国,,,,,,,,country,,2403:a80::/32
2403:ac0::,2403:ac0:ffff:ffff:ffff:ffff:ffff:ffff,24030ac0000000000000000000000000,24030ac0ffffffffffffffffffffffff,32,中国香港,香港,,,香港,,,,country,,2403:ac0::/32
2403:b80::,2403:b80:ffff:ffff:ffff:ffff:ffff:ffff,24030b80000000000000000000000000,24030b80ffffffffffffffffffffffff,32,中国,,,,,,,,country,,2403:b80::/32
2403:c40::,2403:c40:ffff:ffff:ffff:ffff:ffff:ffff,24030c40000000000000000000000000,24030c40ffffffffffffffffffffffff,32,中国香港,香港,,,香港,,,,country,,2403:c40::/32
2403:c80::,2403:c80:ffff:ffff:ffff:ffff:ffff:ffff,24030c80000000000000000000000000,24030c80ffffffffffffffffffffffff,32,中国,广东,广州,,,440100,23.130061,113.264499,city,,2403:c80::/32
2403:d40::,2403:d40:ffff:ffff:ffff:ffff:ffff:ffff,24030d40000000000000000000000000,24030d40ffffffffffffffffffffffff,32,中国,,,,,,,,country,,2403:d40::/32
2403:d80::,2403:d80:ffff:ffff:ffff:ffff:ffff:ffff,24030d80000000000000000000000000,24030d80ffffffffffffffffffffffff,32,中国,,,,,,,,country,,2403:d80::/32
2403:e80::,2403:e80:ffff:ffff:ffff:ffff:ffff:ffff,24030e80000000000000000000000000,24030e80ffffffffffffffffffffffff,32,中国,,,,,,,,country,,2403:e80::/32
2403:f00::,2403:f00:ffff:ffff:ffff:ffff:ffff:ffff,24030f00000000000000000000000000,24030f00ffffffffffffffffffffffff,32,中国,安徽,合肥,,,340100,31.820567,117.227267,city,,2403:f00::/32
2403:f80::,2403:f80:ffff:ffff:ffff:ffff:ffff:ffff,24030f80000000000000000000000000,24030f80ffffffffffffffffffffffff,32,中国,,,,,,,,country,,2403:f80::/32
2403:fc0::,2403:fc0:ffff:ffff:ffff:ffff:ffff:ffff,24030fc0000000000000000000000000,24030fc0ffffffffffffffffffffffff,32,中国,,,,,,,,country,,2403:fc0::/32
2403:1000::,2403:1000:ffff:ffff:ffff:ffff:ffff:ffff,24031000000000000000000000000000,24031000ffffffffffffffffffffffff,32,中国香港,香港,,,香港,,,,country,,2403:1000::/32
2403:1040::,2403:1040:ffff:ffff:ffff:ffff:ffff:ffff,24031040000000000000000000000000,24031040ffffffffffffffffffffffff,32,中国香港,香港,,,香港,,,,country,,2403:1040::/32
2403:1180::,2403:1180:ffff:ffff:ffff:ffff:ffff:ffff,24031180000000000000000000000000,24031180ffffffffffffffffffffffff,32,中国,,,,,,,,country,,2403:1180::/32
2403:11c0::,2403:11c0:ffff:ffff:ffff:ffff:ffff:ffff,240311c0000000000000000000000000,240311c0ffffffffffffffffffffffff,32,中国台湾,台湾,,,台湾,,,,country,,2403:11c0::/32
2403:1340::,2403:1340:ffff:ffff:ffff:ffff:ffff:ffff,24031340000000000000000000000000,24031340ffffffffffffffffffffffff,32,中国,,,,,,,,country,,2403:1340::/32
2403:1440::,2403:1440:ffff:ffff:ffff:ffff:ffff:ffff,24031440000000000000000000000000,24031440ffffffffffffffffffffffff,32,中国,,,,,,,,country,,2403:1440::/32
2403:1580::,2403:1580:ffff:ffff:ffff:ffff:ffff:ffff,24031580000000000000000000000000,24031580ffffffffffffffffffffffff,32,中国,,,,,,,,country,,2403:1580::/32
2403:16c0::,2403:16c0:ffff:ffff:ffff:ffff:ffff:ffff,240316c0000000000000000000000000,240316c0ffffffffffffffffffffffff,32,中国,,,,,,,,country,,2403:16c0::/32
2403:17c0::,2403:17c0:ffff:ffff:ffff:ffff:ffff:ffff,240317c0000000000000000000000000,240317c0ffffffffffffffffffffffff,32,中国,,,,,,,,country,,2403:17c0::/32
2403:1980::,2403:1980:ffff:ffff:ffff:ffff:ffff:ffff,24031980000000000000000000000000,24031980ffffffffffffffffffffffff,32,中国,上海,,,,310000,31.230525,121.473667,province,,2403:1980::/32
2403:1ac0::,2403:1ac0:ffff:ffff:ffff:ffff:ffff:ffff,24031ac0000000000000000000000000,24031ac0ffffffffffffffffffffffff,32,中国香港,香港,,,香港,,,,country,,2403:1ac0::/32
2403:1b80::,2403:1b80:ffff:ffff:ffff:ffff:ffff:ffff,24031b80000000000000000000000000,24031b80ffffffffffffffffffffffff,32,中国,上海,,,,310000,31.230525,121.473667,province,,2403:1b80::/32
2403:1c00::,2403:1c00:ffff:ffff:ffff:ffff:ffff:ffff,24031c00000000000000000000000000,24031c00ffffffffffffffffffffffff,32,中国香港,香港,,,香港,,,,country,,2403:1c00::/32
2403:1c80::,2403:1c80:ffff:ffff:ffff:ffff:ffff:ffff,24031c80000000000000000000000000,24031c80ffffffffffffffffffffffff,32,中国,,,,,,,,country,,2403:1c80::/32
2403:1d80::,2403:1d80:ffff:ffff:ffff:ffff:ffff:ffff,24031d80000000000000000000000000,24031d80ffffffffffffffffffffffff,32,中国,,,,,,,,country,,2403:1d80::/32
2403:1dc0::,2403:1dc0:ffff:ffff:ffff:ffff:ffff:ffff,24031dc0000000000000000000000000,24031dc0ffffffffffffffffffffffff,32,中国,北京,,,,110000,39.904179,116.407387,province,,2403:1dc0::/32
2403:1e80::,2403:1e80:ffff:ffff:ffff:ffff:ffff:ffff,24031e80000000000000000000000000,24031e80ffffffffffffffffffffffff,32,中国,,,,,,,,country,,2403:1e80::/32
2403:1ec0::,2403:1ec0:ffff:ffff:ffff:ffff:ffff:ffff,24031ec0000000000000000000000000,24031ec0ffffffffffffffffffffffff,32,中国,北京,,,,110000,39.904179,116.407387,province,,2403:1ec0::/32
2403:1f80::,2403:1f80:ffff:ffff:ffff:ffff:ffff:ffff,24031f80000000000000000000000000,24031f80ffffffffffffffffffffffff,32,中国,,,,,,,,country,,2403:1f80::/32
2403:1fc0::,2403:1fc0:ffff:ffff:ffff:ffff:ffff:ffff,24031fc0000000000000000000000000,24031fc0ffffffffffffffffffffffff,32,中国香港,香港,,,香港,,,,country,,2403:1fc0::/32
2403:2040::,2403:2040:ffff:ffff:ffff:ffff:ffff:ffff,24032040000000000000000000000000,24032040ffffffffffffffffffffffff,32,中国,上海,,,,310000,31.230525,121.473667,province,,2403:2040::/32
2403:2080::,2403:2080:ffff:ffff:ffff:ffff:ffff:ffff,24032080000000000000000000000000,24032080ffffffffffffffffffffffff,32,中国,,,,,,,,country,,2403:2080::/32
2403:2180::,2403:2180:ffff:ffff:ffff:ffff:ffff:ffff,24032180000000000000000000000000,24032180ffffffffffffffffffffffff,32,中国,,,,,,,,country,,2403:2180::/32
2403:2240::,2403:2240:ffff:ffff:ffff:ffff:ffff:ffff,24032240000000000000000000000000,24032240ffffffffffffffffffffffff,32,中国,,,,,,,,country,,2403:2240::/32
2403:2280::,2403:2280:ffff:ffff:ffff:ffff:ffff:ffff,24032280000000000000000000000000,24032280ffffffffffffffffffffffff,32,中国,,,,,,,,country,,2403:2280::/32
2403:22c0::,2403:22c0:ffff:ffff:ffff:ffff:ffff:ffff,240322c0000000000000000000000000,240322c0ffffffffffffffffffffffff,32,中国香港,香港,,,香港,,,,country,,2403:22c0::/32
2403:2380::,2403:2380:ffff:ffff:ffff:ffff:ffff:ffff,24032380000000000000000000000000,24032380ffffffffffffffffffffffff,32,中国,,,,,,,,country,,2403:2380::/32
2403:2400::,2403:2400:ffff:ffff:ffff:ffff:ffff:ffff,24032400000000000000000000000000,24032400ffffffffffffffffffffffff,32,中国香港,香港,,,香港,,,,country,,2403:2400::/32
2403:2440::,2403:2440:ffff:ffff:ffff:ffff:ffff:ffff,24032440000000000000000000000000,24032440ffffffffffffffffffffffff,32,中国,,,,,,,,country,,2403:2440::/32
2403:24c0::,2403:24c0:ffff:ffff:ffff:ffff:ffff:ffff,240324c0000000000000000000000000,240324c0ffffffffffffffffffffffff,32,中国,,,,,,,,country,,2403:24c0::/32
2403:2580::,2403:2580:ffff:ffff:ffff:ffff:ffff:ffff,24032580000000000000000000000000,24032580ffffffffffffffffffffffff,32,中国,,,,,,,,country,,2403:2580::/32
2403:25c0::,2403:25c0:ffff:ffff:ffff:ffff:ffff:ffff,240325c0000000000000000000000000,240325c0ffffffffffffffffffffffff,32,中国,,,,,,,,country,,2403:25c0::/32
2403:2640::,2403:2640:ffff:ffff:ffff:ffff:ffff:ffff,24032640000000000000000000000000,24032640ffffffffffffffffffffffff,32,中国台湾,台湾,,,台湾,,,,country,,2403:2640::/32
2403:2680::,2403:2680:ffff:ffff:ffff:ffff:ffff:ffff,24032680000000000000000000000000,24032680ffffffffffffffffffffffff,32,中国,,,,,,,,country,,2403:2680::/32
2403:2740::,2403:2740:ffff:ffff:ffff:ffff:ffff:ffff,24032740000000000000000000000000,24032740ffffffffffffffffffffffff,32,中国,,,,,,,,country,,2403:2740::/32
2403:2780::,2403:2780:ffff:ffff:ffff:ffff:ffff:ffff,24032780000000000000000000000000,24032780ffffffffffffffffffffffff,32,中国,,,,,,,,country,,2403:2780::/32
2403:27c0::,2403:27c0:ffff:ffff:ffff:ffff:ffff:ffff,240327c0000000000000000000000000,240327c0ffffffffffffffffffffffff,32,中国香港,香港,,,香港,,,,country,,2403:27c0::/32
2403:28c0::,2403:28c0:ffff:ffff:ffff:ffff:ffff:ffff,240328c0000000000000000000000000,240328c0ffffffffffffffffffffffff,32,中国,,,,,,,,country,,2403:28c0::/32
2403:2940::,2403:2940:ffff:ffff:ffff:ffff:ffff:ffff,24032940000000000000000000000000,24032940ffffffffffffffffffffffff,32,中国,,,,,,,,country,,2403:2940::/32
2403:2a00::,2403:2a00:ffff:ffff:ffff:ffff:ffff:ffff,24032a00000000000000000000000000,24032a00ffffffffffffffffffffffff,32,中国,北京,,,,110000,39.904179,116.407387,province,,2403:2a00::/32
2403:2a40::,2403:2a40:ffff:ffff:ffff:ffff:ffff:ffff,24032a40000000000000000000000000,24032a40ffffffffffffffffffffffff,32,中国,,,,,,,,country,,2403:2a40::/32
2403:2ac0::,2403:2ac0:ffff:ffff:ffff:ffff:ffff:ffff,24032ac0000000000000000000000000,24032ac0ffffffffffffffffffffffff,32,中国,,,,,,,,country,,2403:2ac0::/32
2403:2b40::,2403:2b40:ffff:ffff:ffff:ffff:ffff:ffff,24032b40000000000000000000000000,24032b40ffffffffffffffffffffffff,32,中国,上海,,,,310000,31.230525,121.473667,province,,2403:2b40::/32
2403:2bc0::,2403:2bc0:ffff:ffff:ffff:ffff:ffff:ffff,24032bc0000000000000000000000000,24032bc0ffffffffffffffffffffffff,32,中国,,,,,,,,country,,2403:2bc0::/32
2403:2c00::,2403:2c00:ffff:ffff:ffff:ffff:ffff:ffff,24032c00000000000000000000000000,24032c00ffffffffffffffffffffffff,32,中国香港,香港,,,香港,,,,country,,2403:2c00::/32
2403:2c80::,2403:2c80:ffff:ffff:ffff:ffff:ffff:ffff,24032c80000000000000000000000000,24032c80ffffffffffffffffffffffff,32,中国香港,香港,,,香港,,,,country,,2403:2c80::/32
2403:2c81::,2403:2c81:ffff:ffff:ffff:ffff:ffff:ffff,24032c81000000000000000000000000,24032c81ffffffffffffffffffffffff,32,中国香港,香港,,,香港,,,,country,,2403:2c81::/32
2403:2cc0::,2403:2cc0:ffff:ffff:ffff:ffff:ffff:ffff,24032cc0000000000000000000000000,24032cc0ffffffffffffffffffffffff,32,中国,,,,,,,,country,,2403:2cc0::/32
2403:2f40::,2403:2f40:ffff:ffff:ffff:ffff:ffff:ffff,24032f40000000000000000000000000,24032f40ffffffffffffffffffffffff,32,中国,,,,,,,,country,,2403:2f40::/32
2403:2fc0::,2403:2fc0:ffff:ffff:ffff:ffff:ffff:ffff,24032fc0000000000000000000000000,24032fc0ffffffffffffffffffffffff,32,中国,,,,,,,,country,,2403:2fc0::/32
2403:3040::,2403:3040:ffff:ffff:ffff:ffff:ffff:ffff,24033040000000000000000000000000,24033040ffffffffffffffffffffffff,32,中国,,,,,,,,country,,2403:3040::/32
2403:30c0::,2403:30c0:ffff:ffff:ffff:ffff:ffff:ffff,240330c0000000000000000000000000,240330c0ffffffffffffffffffffffff,32,中国,,,,,,,,country,,2403:30c0::/32
2403:3140::,2403:3140:ffff:ffff:ffff:ffff:ffff:ffff,24033140000000000000000000000000,24033140ffffffffffffffffffffffff,32,中国,,,,教育网,,,,country,,2403:3140::/32
2403:3280::,2403:3280:ffff:ffff:ffff:ffff:ffff:ffff,24033280000000000000000000000000,24033280ffffffffffffffffffffffff,32,中国,,,,,,,,country,,2403:3280::/32
2403:32c0::,2403:32c0:ffff:ffff:ffff:ffff:ffff:ffff,240332c0000000000000000000000000,240332c0ffffffffffffffffffffffff,32,中国,,,,,,,,country,,2403:32c0::/32
2403:3380::,2403:3380:ffff:ffff:ffff:ffff:ffff:ffff,24033380000000000000000000000000,24033380ffffffffffffffffffffffff,32,中国,,,,,,,,country,,2403:3380::/32
2403:3480::,2403:3480:ffff:ffff:ffff:ffff:ffff:ffff,24033480000000000000000000000000,24033480ffffffffffffffffffffffff,32,中国,,,,,,,,country,,2403:3480::/32
2403:3580::,2403:3580:ffff:ffff:ffff:ffff:ffff:ffff,24033580000000000000000000000000,24033580ffffffffffffffffffffffff,32,中国,,,,,,,,country,,2403:3580::/32
2403:3640::,2403:3640:ffff:ffff:ffff:ffff:ffff:ffff,24033640000000000000000000000000,24033640ffffffffffffffffffffffff,32,中国,,,,,,,,country,,2403:3640::/32
2403:3680::,2403:3680:ffff:ffff:ffff:ffff:ffff:ffff,24033680000000000000000000000000,24033680ffffffffffffffffffffffff,32,中国,,,,,,,,country,,2403:3680::/32
2403:36c0::,2403:36c0:ffff:ffff:ffff:ffff:ffff:ffff,240336c0000000000000000000000000,240336c0ffffffffffffffffffffffff,32,中国,,,,,,,,country,,2403:36c0::/32
2403:3740::,2403:3740:ffff:ffff:ffff:ffff:ffff:ffff,24033740000000000000000000000000,24033740ffffffffffffffffffffffff,32,中国,,,,,,,,country,,2403:3740::/32
2403:3780::,2403:3780:ffff:ffff:ffff:ffff:ffff:ffff,24033780000000000000000000000000,24033780ffffffffffffffffffffffff,32,中国,,,,,,,,country,,2403:3780::/32
2403:37c0::,2403:37c0:ffff:ffff:ffff:ffff:ffff:ffff,240337c0000000000000000000000000,240337c0ffffffffffffffffffffffff,32,中国,,,,,,,,country,,2403:37c0::/32
2403:3840::,2403:3840:ffff:ffff:ffff:ffff:ffff:ffff,24033840000000000000000000000000,24033840ffffffffffffffffffffffff,32,中国,,,,,,,,country,,2403:3840::/32
2403:3880::,2403:3880:ffff:ffff:ffff:ffff:ffff:ffff,24033880000000000000000000000000,24033880ffffffffffffffffffffffff,32,中国,,,,,,,,country,,2403:3880::/32
2403:38c0::,2403:38c0:ffff:ffff:ffff:ffff:ffff:ffff,240338c0000000000000000000000000,240338c0ffffffffffffffffffffffff,32,中国,,,,,,,,country,,2403:38c0::/32
2403:3940::,2403:3940:ffff:ffff:ffff:ffff:ffff:ffff,24033940000000000000000000000000,24033940ffffffffffffffffffffffff,32,中国,,,,,,,,country,,2403:3940::/32
2403:3980::,2403:3980:ffff:ffff:ffff:ffff:ffff:ffff,24033980000000000000000000000000,24033980ffffffffffffffffffffffff,32,中国,,,,,,,,country,,2403:3980::/32
2403:39c0::,2403:39c0:ffff:ffff:ffff:ffff:ffff:ffff,240339c0000000000000000000000000,240339c0ffffffffffffffffffffffff,32,中国,,,,,,,,country,,2403:39c0::/32
2403:3a40::,2403:3a40:ffff:ffff:ffff:ffff:ffff:ffff,24033a40000000000000000000000000,24033a40ffffffffffffffffffffffff,32,中国,,,,,,,,country,,2403:3a40::/32
2403:3b40::,2403:3b40:ffff:ffff:ffff:ffff:ffff:ffff,24033b40000000000000000000000000,24033b40ffffffffffffffffffffffff,32,中国,,,,,,,,country,,2403:3b40::/32
2403:3b80::,2403:3b80:ffff:ffff:ffff:ffff:ffff:ffff,24033b80000000000000000000000000,24033b80ffffffffffffffffffffffff,32,中国,,,,,,,,country,,2403:3b80::/32
2403:3bc0::,2403:3bc0:ffff:ffff:ffff:ffff:ffff:ffff,24033bc0000000000000000000000000,24033bc0ffffffffffffffffffffffff,32,中国,,,,,,,,country,,2403:3bc0::/32
2403:3c40::,2403:3c40:ffff:ffff:ffff:ffff:ffff:ffff,24033c40000000000000000000000000,24033c40ffffffffffffffffffffffff,32,中国,,,,,,,,country,,2403:3c40::/32
2403:3c80::,2403:3c80:ffff:ffff:ffff:ffff:ffff:ffff,24033c80000000000000000000000000,24033c80ffffffffffffffffffffffff,32,中国,,,,,,,,country,,2403:3c80::/32
2403:3cc0::,2403:3cc0:ffff:ffff:ffff:ffff:ffff:ffff,24033cc0000000000000000000000000,24033cc0ffffffffffffffffffffffff,32,中国,,,,,,,,country,,2403:3cc0::/32
2403:3d40::,2403:3d40:ffff:ffff:ffff:ffff:ffff:ffff,24033d40000000000000000000000000,24033d40ffffffffffffffffffffffff,32,中国,,,,,,,,country,,2403:3d40::/32
2403:3d80::,2403:3d80:ffff:ffff:ffff:ffff:ffff:ffff,24033d80000000000000000000000000,24033d80ffffffffffffffffffffffff,32,中国,上海,,,,310000,31.230525,121.473667,province,,2403:3d80::/32
2403:3dc0::,2403:3dc0:ffff:ffff:ffff:ffff:ffff:ffff,24033dc0000000000000000000000000,24033dc0ffffffffffffffffffffffff,32,中国,,,,,,,,country,,2403:3dc0::/32
2403:3e80::,2403:3e80:ffff:ffff:ffff:ffff:ffff:ffff,24033e80000000000000000000000000,24033e80ffffffffffffffffffffffff,32,中国,,,,,,,,country,,2403:3e80::/32
2403:3ec0::,2403:3ec0:ffff:ffff:ffff:ffff:ffff:ffff,24033ec0000000000000000000000000,24033ec0ffffffffffffffffffffffff,32,中国,,,,,,,,country,,2403:3ec0::/32
2403:3f80::,2403:3f80:ffff:ffff:ffff:ffff:ffff:ffff,24033f80000000000000000000000000,24033f80ffffffffffffffffffffffff,32,中国,,,,,,,,country,,2403:3f80::/32
2403:4080::,2403:4080:ffff:ffff:ffff:ffff:ffff:ffff,24034080000000000000000000000000,24034080ffffffffffffffffffffffff,32,中国,,,,,,,,country,,2403:4080::/32
2403:4180::,2403:4180:ffff:ffff:ffff:ffff:ffff:ffff,24034180000000000000000000000000,24034180ffffffffffffffffffffffff,32,中国,,,,,,,,country,,2403:4180::/32
2403:4240::,2403:4240:ffff:ffff:ffff:ffff:ffff:ffff,24034240000000000000000000000000,24034240ffffffffffffffffffffffff,32,中国,,,,,,,,country,,2403:4240::/32
2403:4280::,2403:4280:ffff:ffff:ffff:ffff:ffff:ffff,24034280000000000000000000000000,24034280ffffffffffffffffffffffff,32,中国,广东,广州,,,440100,23.130061,113.264499,city,,2403:4280::/32
2403:4300::,2403:4300:ffff:ffff:ffff:ffff:ffff:ffff,24034300000000000000000000000000,24034300ffffffffffffffffffffffff,32,中国,北京,,,,110000,39.904179,116.407387,province,,2403:4300::/32
2403:4380::,2403:4380:ffff:ffff:ffff:ffff:ffff:ffff,24034380000000000000000000000000,24034380ffffffffffffffffffffffff,32,中国,,,,,,,,country,,2403:4380::/32
2403:43c0::,2403:43c0:ffff:ffff:ffff:ffff:ffff:ffff,240343c0000000000000000000000000,240343c0ffffffffffffffffffffffff,32,中国香港,香港,,,香港,,,,country,,2403:43c0::/32
2403:4580::,2403:4580:ffff:ffff:ffff:ffff:ffff:ffff,24034580000000000000000000000000,24034580ffffffffffffffffffffffff,32,中国,,,,,,,,country,,2403:4580::/32
2403:4680::,2403:4680:ffff:ffff:ffff:ffff:ffff:ffff,24034680000000000000000000000000,24034680ffffffffffffffffffffffff,32,中国,,,,,,,,country,,2403:4680::/32
2403:4780::,2403:4780:ffff:ffff:ffff:ffff:ffff:ffff,24034780000000000000000000000000,24034780ffffffffffffffffffffffff,32,中国,,,,,,,,country,,2403:4780::/32
2403:4840::,2403:4840:ffff:ffff:ffff:ffff:ffff:ffff,24034840000000000000000000000000,24034840ffffffffffffffffffffffff,32,中国,江苏,南京,,,320100,32.059344,118.796624,city,,2403:4840::/32
2403:4880::,2403:4880:ffff:ffff:ffff:ffff:ffff:ffff,24034880000000000000000000000000,24034880ffffffffffffffffffffffff,32,中国,,,,,,,,country,,2403:4880::/32
2403:4900::,2403:4900:ffff:ffff:ffff:ffff:ffff:ffff,24034900000000000000000000000000,24034900ffffffffffffffffffffffff,32,中国香港,香港,,,香港,,,,country,,2403:4900::/32
2403:4980::,2403:4980:ffff:ffff:ffff:ffff:ffff:ffff,24034980000000000000000000000000,24034980ffffffffffffffffffffffff,32,中国,,,,,,,,country,,2403:4980::/32
2403:4a00::,2403:4a00:ffff:ffff:ffff:ffff:ffff:ffff,24034a00000000000000000000000000,24034a00ffffffffffffffffffffffff,32,中国香港,香港,,,香港,,,,country,,2403:4a00::/32
2403:4a40::,2403:4a40:ffff:ffff:ffff:ffff:ffff:ffff,24034a40000000000000000000000000,24034a40ffffffffffffffffffffffff,32,中国,,,,,,,,country,,2403:4a40::/32
2403:4a80::,2403:4a80:ffff:ffff:ffff:ffff:ffff:ffff,24034a80000000000000000000000000,24034a80ffffffffffffffffffffffff,32,中国,,,,,,,,country,,2403:4a80::/32
2403:4b40::,2403:4b40:ffff:ffff:ffff:ffff:ffff:ffff,24034b40000000000000000000000000,24034b40ffffffffffffffffffffffff,32,中国,,,,,,,,country,,2403:4b40::/32
2403:4b80::,2403:4b80:ffff:ffff:ffff:ffff:ffff:ffff,24034b80000000000000000000000000,24034b80ffffffffffffffffffffffff,32,中国,,,,,,,,country,,2403:4b80::/32
2403:4c80::,2403:4c80:ffff:ffff:ffff:ffff:ffff:ffff,24034c80000000000000000000000000,24034c80ffffffffffffffffffffffff,32,中国,,,,,,,,country,,2403:4c80::/32
2403:4cc0::,2403:4cc0:ffff:ffff:ffff:ffff:ffff:ffff,24034cc0000000000000000000000000,24034cc0ffffffffffffffffffffffff,32,中国,,,,,,,,country,,2403:4cc0::/32
2403:4d80::,2403:4d80:ffff:ffff:ffff:ffff:ffff:ffff,24034d80000000000000000000000000,24034d80ffffffffffffffffffffffff,32,中国,,,,,,,,country,,2403:4d80::/32
2403:4e40::,2403:4e40:ffff:ffff:ffff:ffff:ffff:ffff,24034e40000000000000000000000000,24034e40ffffffffffffffffffffffff,32,中国香港,香港,,,香港,,,,country,,2403:4e40::/32
2403:4ec0::,2403:4ec0:ffff:ffff:ffff:ffff:ffff:ffff,24034ec0000000000000000000000000,24034ec0ffffffffffffffffffffffff,32,中国,,,,,,,,country,,2403:4ec0::/32
2403:4f40::,2403:4f40:ffff:ffff:ffff:ffff:ffff:ffff,24034f40000000000000000000000000,24034f40ffffffffffffffffffffffff,32,中国香港,香港,,,香港,,,,country,,2403:4f40::/32
2403:4fc0::,2403:4fc0:ffff:ffff:ffff:ffff:ffff:ffff,24034fc0000000000000000000000000,24034fc0ffffffffffffffffffffffff,32,中国香港,香港,,,香港,,,,country,,2403:4fc0::/32
2403:5000::,2403:5000:ffff:ffff:ffff:ffff:ffff:ffff,24035000000000000000000000000000,24035000ffffffffffffffffffffffff,32,中国香港,香港,,,香港,,,,country,,2403:5000::/32
2403:5040::,2403:5040:ffff:ffff:ffff:ffff:ffff:ffff,24035040000000000000000000000000,24035040ffffffffffffffffffffffff,32,中国,,,,,,,,country,,2403:5040::/32
2403:5080::,2403:5080:ffff:ffff:ffff:ffff:ffff:ffff,24035080000000000000000000000000,24035080ffffffffffffffffffffffff,32,中国,,,,,,,,country,,2403:5080::/32
2403:5140::,2403:5140:ffff:ffff:ffff:ffff:ffff:ffff,24035140000000000000000000000000,24035140ffffffffffffffffffffffff,32,中国香港,香港,,,香港,,,,country,,2403:5140::/32
2403:5200::,2403:5200:ffff:ffff:ffff:ffff:ffff:ffff,24035200000000000000000000000000,24035200ffffffffffffffffffffffff,32,中国台湾,台湾,,,台湾,,,,country,,2403:5200::/32
2403:5280::,2403:5280:ffff:ffff:ffff:ffff:ffff:ffff,24035280000000000000000000000000,24035280ffffffffffffffffffffffff,32,中国,,,,,,,,country,,2403:5280::/32
2403:5380::,2403:5380:ffff:ffff:ffff:ffff:ffff:ffff,24035380000000000000000000000000,24035380ffffffffffffffffffffffff,32,中国,,,,,,,,country,,2403:5380::/32
2403:54c0::,2403:54c0:ffff:ffff:ffff:ffff:ffff:ffff,240354c0000000000000000000000000,240354c0ffffffffffffffffffffffff,32,中国,,,,,,,,country,,2403:54c0::/32
2403:5500::,2403:5500:ffff:ffff:ffff:ffff:ffff:ffff,24035500000000000000000000000000,24035500ffffffffffffffffffffffff,32,中国香港,香港,,,香港,,,,country,,2403:5500::/32
2403:5540::,2403:5540:ffff:ffff:ffff:ffff:ffff:ffff,24035540000000000000000000000000,24035540ffffffffffffffffffffffff,32,中国,,,,,,,,country,,2403:5540::/32
2403:5580::,2403:5580:ffff:ffff:ffff:ffff:ffff:ffff,24035580000000000000000000000000,24035580ffffffffffffffffffffffff,32,中国,,,,,,,,country,,2403:5580::/32
2403:5600::,2403:5600:ffff:ffff:ffff:ffff:ffff:ffff,24035600000000000000000000000000,24035600ffffffffffffffffffffffff,32,中国香港,香港,,,香港,,,,country,,2403:5600::/32
2403:5640::,2403:5640:ffff:ffff:ffff:ffff:ffff:ffff,24035640000000000000000000000000,24035640ffffffffffffffffffffffff,32,中国,,,,,,,,country,,2403:5640::/32
2403:5780::,2403:5780:ffff:ffff:ffff:ffff:ffff:ffff,24035780000000000000000000000000,24035780ffffffffffffffffffffffff,32,中国,,,,,,,,country,,2403:5780::/32
2403:58c0::,2403:58c0:ffff:ffff:ffff:ffff:ffff:ffff,240358c0000000000000000000000000,240358c0ffffffffffffffffffffffff,32,中国,,,,,,,,country,,2403:58c0::/32
2403:5980::,2403:5980:ffff:ffff:ffff:ffff:ffff:ffff,24035980000000000000000000000000,24035980ffffffffffffffffffffffff,32,中国,,,,,,,,country,,2403:5980::/32
2403:5a80::,2403:5a80:ffff:ffff:ffff:ffff:ffff:ffff,24035a80000000000000000000000000,24035a80ffffffffffffffffffffffff,32,中国,,,,,,,,country,,2403:5a80::/32
2403:5b40::,2403:5b40:ffff:ffff:ffff:ffff:ffff:ffff,24035b40000000000000000000000000,24035b40ffffffffffffffffffffffff,32,中国,,,,,,,,country,,2403:5b40::/32
2403:5b80::,2403:5b80:ffff:ffff:ffff:ffff:ffff:ffff,24035b80000000000000000000000000,24035b80ffffffffffffffffffffffff,32,中国,,,,,,,,country,,2403:5b80::/32
2403:5c80::,2403:5c80:ffff:ffff:ffff:ffff:ffff:ffff,24035c80000000000000000000000000,24035c80ffffffffffffffffffffffff,32,中国,北京,,,,110000,39.904179,116.407387,province,,2403:5c80::/32
2403:5d40::,2403:5d40:ffff:ffff:ffff:ffff:ffff:ffff,24035d40000000000000000000000000,24035d40ffffffffffffffffffffffff,32,中国香港,香港,,,香港,,,,country,,2403:5d40::/32
2403:5d80::,2403:5d80:ffff:ffff:ffff:ffff:ffff:ffff,24035d80000000000000000000000000,24035d80ffffffffffffffffffffffff,32,中国,,,,,,,,country,,2403:5d80::/32
2403:5e40::,2403:5e40:ffff:ffff:ffff:ffff:ffff:ffff,24035e40000000000000000000000000,24035e40ffffffffffffffffffffffff,32,中国,北京,,,,110000,39.904179,116.407387,province,,2403:5e40::/32
2403:5e80::,2403:5e80:ffff:ffff:ffff:ffff:ffff:ffff,24035e80000000000000000000000000,24035e80ffffffffffffffffffffffff,32,中国,,,,,,,,country,,2403:5e80::/32
2403:5ec0::,2403:5ec0:ffff:ffff:ffff:ffff:ffff:ffff,24035ec0000000000000000000000000,24035ec0ffffffffffffffffffffffff,32,中国,,,,,,,,country,,2403:5ec0::/32
2403:5f80::,2403:5f80:ffff:ffff:ffff:ffff:ffff:ffff,24035f80000000000000000000000000,24035f80ffffffffffffffffffffffff,32,中国,,,,,,,,country,,2403:5f80::/32
2403:5fc0::,2403:5fc0:ffff:ffff:ffff:ffff:ffff:ffff,24035fc0000000000000000000000000,24035fc0ffffffffffffffffffffffff,32,中国,,,,,,,,country,,2403:5fc0::/32
2403:6080::,2403:6080:ffff:ffff:ffff:ffff:ffff:ffff,24036080000000000000000000000000,24036080ffffffffffffffffffffffff,32,中国,,,,,,,,country,,2403:6080::/32
2403:6180::,2403:6180:ffff:ffff:ffff:ffff:ffff:ffff,24036180000000000000000000000000,24036180ffffffffffffffffffffffff,32,中国,,,,,,,,country,,2403:6180::/32
2403:6280::,2403:6280:ffff:ffff:ffff:ffff:ffff:ffff,24036280000000000000000000000000,24036280ffffffffffffffffffffffff,32,中国,,,,,,,,country,,2403:6280::/32
2403:62c0::,2403:62c0:ffff:ffff:ffff:ffff:ffff:ffff,240362c0000000000000000000000000,240362c0ffffffffffffffffffffffff,32,中国,,,,,,,,country,,2403:62c0::/32
2403:6380::,2403:6380:ffff:ffff:ffff:ffff:ffff:ffff,24036380000000000000000000000000,24036380ffffffffffffffffffffffff,32,中国,黑龙江,哈尔滨,,,230100,45.802981,126.53505,city,,2403:6380::/32
2403:6400::,2403:6400:ffff:ffff:ffff:ffff:ffff:ffff,24036400000000000000000000000000,24036400ffffffffffffffffffffffff,32,中国香港,香港,,,香港,,,,country,,2403:6400::/32
2403:6440::,2403:6440:ffff:ffff:ffff:ffff:ffff:ffff,24036440000000000000000000000000,24036440ffffffffffffffffffffffff,32,中国香港,香港,,,香港,,,,country,,2403:6440::/32
2403:64c0::,2403:64c0:ffff:ffff:ffff:ffff:ffff:ffff,240364c0000000000000000000000000,240364c0ffffffffffffffffffffffff,32,中国香港,香港,,,香港,,,,country,,2403:64c0::/32
2403:6540::,2403:6540:ffff:ffff:ffff:ffff:ffff:ffff,24036540000000000000000000000000,24036540ffffffffffffffffffffffff,32,中国香港,香港,,,香港,,,,country,,2403:6540::/32
2403:6580::,2403:6580:ffff:ffff:ffff:ffff:ffff:ffff,24036580000000000000000000000000,24036580ffffffffffffffffffffffff,32,中国,,,,,,,,country,,2403:6580::/32
2403:6680::,2403:6680:ffff:ffff:ffff:ffff:ffff:ffff,24036680000000000000000000000000,24036680ffffffffffffffffffffffff,32,中国,,,,,,,,country,,2403:6680::/32
2403:6740::,2403:6740:ffff:ffff:ffff:ffff:ffff:ffff,24036740000000000000000000000000,24036740ffffffffffffffffffffffff,32,中国,,,,,,,,country,,2403:6740::/32
2403:6780::,2403:6780:ffff:ffff:ffff:ffff:ffff:ffff,24036780000000000000000000000000,24036780ffffffffffffffffffffffff,32,中国,,,,,,,,country,,2403:6780::/32
2403:6880::,2403:6880:ffff:ffff:ffff:ffff:ffff:ffff,24036880000000000000000000000000,24036880ffffffffffffffffffffffff,32,中国,江西,南昌,,,360100,28.682976,115.857972,city,,2403:6880::/32
2403:6980::,2403:6980:ffff:ffff:ffff:ffff:ffff:ffff,24036980000000000000000000000000,24036980ffffffffffffffffffffffff,32,中国,,,,,,,,country,,2403:6980::/32
2403:6a00::,2403:6a00:ffff:ffff:ffff:ffff:ffff:ffff,24036a00000000000000000000000000,24036a00ffffffffffffffffffffffff,32,中国,北京,,,,110000,39.904179,116.407387,province,,2403:6a00::/32
2403:6c80::,2403:6c80:ffff:ffff:ffff:ffff:ffff:ffff,24036c80000000000000000000000000,24036c80ffffffffffffffffffffffff,32,中国,,,,,,,,country,,2403:6c80::/32
2403:6d40::,2403:6d40:ffff:ffff:ffff:ffff:ffff:ffff,24036d40000000000000000000000000,24036d40ffffffffffffffffffffffff,32,中国,,,,,,,,country,,2403:6d40::/32
2403:6d80::,2403:6d80:ffff:ffff:ffff:ffff:ffff:ffff,24036d80000000000000000000000000,24036d80ffffffffffffffffffffffff,32,中国,广东,广州,,,440100,23.130061,113.264499,city,,2403:6d80::/32
2403:6e80::,2403:6e80:ffff:ffff:ffff:ffff:ffff:ffff,24036e80000000000000000000000000,24036e80ffffffffffffffffffffffff,32,中国,,,,,,,,country,,2403:6e80::/32
2403:6f40::,2403:6f40:ffff:ffff:ffff:ffff:ffff:ffff,24036f40000000000000000000000000,24036f40ffffffffffffffffffffffff,32,中国,,,,,,,,country,,2403:6f40::/32
2403:6f80::,2403:6f80:ffff:ffff:ffff:ffff:ffff:ffff,24036f80000000000000000000000000,24036f80ffffffffffffffffffffffff,32,中国香港,香港,,,香港,,,,country,,2403:6f80::/32
2403:6fc0::,2403:6fc0:ffff:ffff:ffff:ffff:ffff:ffff,24036fc0000000000000000000000000,24036fc0ffffffffffffffffffffffff,32,中国,,,,,,,,country,,2403:6fc0::/32
2403:7040::,2403:7040:ffff:ffff:ffff:ffff:ffff:ffff,24037040000000000000000000000000,24037040ffffffffffffffffffffffff,32,中国,,,,,,,,country,,2403:7040::/32
2403:7080::,2403:7080:ffff:ffff:ffff:ffff:ffff:ffff,24037080000000000000000000000000,24037080ffffffffffffffffffffffff,32,中国,,,,,,,,country,,2403:7080::/32
2403:7180::,2403:7180:ffff:ffff:ffff:ffff:ffff:ffff,24037180000000000000000000000000,24037180ffffffffffffffffffffffff,32,中国,,,,,,,,country,,2403:7180::/32
2403:7280::,2403:7280:ffff:ffff:ffff:ffff:ffff:ffff,24037280000000000000000000000000,24037280ffffffffffffffffffffffff,32,中国,,,,,,,,country,,2403:7280::/32
2403:7380::,2403:7380:ffff:ffff:ffff:ffff:ffff:ffff,24037380000000000000000000000000,24037380ffffffffffffffffffffffff,32,中国,,,,,,,,country,,2403:7380::/32
2403:7480::,2403:7480:ffff:ffff:ffff:ffff:ffff:ffff,24037480000000000000000000000000,24037480ffffffffffffffffffffffff,32,中国,,,,,,,,country,,2403:7480::/32
2403:7540::,2403:7540:ffff:ffff:ffff:ffff:ffff:ffff,24037540000000000000000000000000,24037540ffffffffffffffffffffffff,32,中国,,,,,,,,country,,2403:7540::/32
2403:7580::,2403:7580:ffff:ffff:ffff:ffff:ffff:ffff,24037580000000000000000000000000,24037580ffffffffffffffffffffffff,32,中国,北京,,,,110000,39.904179,116.407387,province,,2403:7580::/32
2403:7680::,2403:7680:ffff:ffff:ffff:ffff:ffff:ffff,24037680000000000000000000000000,24037680ffffffffffffffffffffffff,32,中国香港,香港,,,香港,,,,country,,2403:7680::/32
2403:76c0::,2403:76c0:ffff:ffff:ffff:ffff:ffff:ffff,240376c0000000000000000000000000,240376c0ffffffffffffffffffffffff,32,中国,,,,,,,,country,,2403:76c0::/32
2403:7700::,2403:7700:ffff:ffff:ffff:ffff:ffff:ffff,24037700000000000000000000000000,24037700ffffffffffffffffffffffff,32,中国,上海,,,,310000,31.230525,121.473667,province,,2403:7700::/32
2403:78c0::,2403:78c0:ffff:ffff:ffff:ffff:ffff:ffff,240378c0000000000000000000000000,240378c0ffffffffffffffffffffffff,32,中国,,,,,,,,country,,2403:78c0::/32
2403:7a80::,2403:7a80:ffff:ffff:ffff:ffff:ffff:ffff,24037a80000000000000000000000000,24037a80ffffffffffffffffffffffff,32,中国,,,,,,,,country,,2403:7a80::/32
2403:7b00::,2403:7b00:ffff:ffff:ffff:ffff:ffff:ffff,24037b00000000000000000000000000,24037b00ffffffffffffffffffffffff,32,中国,北京,,,,110000,39.904179,116.407387,province,,2403:7b00::/32
2403:7d80::,2403:7d80:ffff:ffff:ffff:ffff:ffff:ffff,24037d80000000000000000000000000,24037d80ffffffffffffffffffffffff,32,中国,江苏,南京,,,320100,32.059344,118.796624,city,,2403:7d80::/32
2403:7e80::,2403:7e80:ffff:ffff:ffff:ffff:ffff:ffff,24037e80000000000000000000000000,24037e80ffffffffffffffffffffffff,32,中国,广东,深圳,,,440300,22.543527,114.057939,city,,2403:7e80::/32
2403:7f40::,2403:7f40:ffff:ffff:ffff:ffff:ffff:ffff,24037f40000000000000000000000000,24037f40ffffffffffffffffffffffff,32,中国台湾,台湾,,,台湾,,,,country,,2403:7f40::/32
2403:7f80::,2403:7f80:ffff:ffff:ffff:ffff:ffff:ffff,24037f80000000000000000000000000,24037f80ffffffffffffffffffffffff,32,中国,广东,惠州,,,441300,23.112368,114.415587,city,,2403:7f80::/32
2403:8080::,2403:8080:ffff:ffff:ffff:ffff:ffff:ffff,24038080000000000000000000000000,24038080ffffffffffffffffffffffff,32,中国,北京,,,,110000,39.904179,116.407387,province,,2403:8080::/32
2403:80c0::,2403:80c0:ffff:ffff:ffff:ffff:ffff:ffff,240380c0000000000000000000000000,240380c0ffffffffffffffffffffffff,32,中国台湾,台湾,,,台湾,,,,country,,2403:80c0::/32
2403:8100::,2403:8100:ffff:ffff:ffff:ffff:ffff:ffff,24038100000000000000000000000000,24038100ffffffffffffffffffffffff,32,中国香港,香港,,,香港,,,,country,,2403:8100::/32
2403:8140::,2403:8140:ffff:ffff:ffff:ffff:ffff:ffff,24038140000000000000000000000000,24038140ffffffffffffffffffffffff,32,中国台湾,台湾,,,台湾,,,,country,,2403:8140::/32
2403:8180::,2403:8180:ffff:ffff:ffff:ffff:ffff:ffff,24038180000000000000000000000000,24038180ffffffffffffffffffffffff,32,中国,辽宁,沈阳,,,210100,41.677576,123.464675,city,,2403:8180::/32
2403:8280::,2403:8280:ffff:ffff:ffff:ffff:ffff:ffff,24038280000000000000000000000000,24038280ffffffffffffffffffffffff,32,中国,浙江,宁波,,,330200,29.860258,121.62454,city,,2403:8280::/32
2403:82c0::,2403:82c0:ffff:ffff:ffff:ffff:ffff:ffff,240382c0000000000000000000000000,240382c0ffffffffffffffffffffffff,32,中国台湾,台湾,,,台湾,,,,country,,2403:82c0::/32
2403:8340::,2403:8340:ffff:ffff:ffff:ffff:ffff:ffff,24038340000000000000000000000000,24038340ffffffffffffffffffffffff,32,中国台湾,台湾,,,台湾,,,,country,,2403:8340::/32
2403:8380::,2403:8380:ffff:ffff:ffff:ffff:ffff:ffff,24038380000000000000000000000000,24038380ffffffffffffffffffffffff,32,中国,安徽,,,,340000,31.734559,117.330139,province,,2403:8380::/32
2403:83c0::,2403:83c0:ffff:ffff:ffff:ffff:ffff:ffff,240383c0000000000000000000000000,240383c0ffffffffffffffffffffffff,32,中国,,,,,,,,country,,2403:83c0::/32
2403:8480::,2403:8480:ffff:ffff:ffff:ffff:ffff:ffff,24038480000000000000000000000000,24038480ffffffffffffffffffffffff,32,中国,安徽,,,,340000,31.734559,117.330139,province,,2403:8480::/32
2403:84c0::,2403:84c0:ffff:ffff:ffff:ffff:ffff:ffff,240384c0000000000000000000000000,240384c0ffffffffffffffffffffffff,32,中国台湾,台湾,,,台湾,,,,country,,2403:84c0::/32
2403:8580::,2403:8580:ffff:ffff:ffff:ffff:ffff:ffff,24038580000000000000000000000000,24038580ffffffffffffffffffffffff,32,中国,河北,保定,,,130600,38.874476,115.464523,city,,2403:8580::/32
2403:8640::,2403:8640:ffff:ffff:ffff:ffff:ffff:ffff,24038640000000000000000000000000,24038640ffffffffffffffffffffffff,32,中国台湾,台湾,,,台湾,,,,country,,2403:8640::/32
2403:8880::,2403:8880:ffff:ffff:ffff:ffff:ffff:ffff,24038880000000000000000000000000,24038880ffffffffffffffffffffffff,32,中国,北京,,,,110000,39.904179,116.407387,province,,2403:8880::/32
2403:8900::,2403:8900:ffff:ffff:ffff:ffff:ffff:ffff,24038900000000000000000000000000,24038900ffffffffffffffffffffffff,32,中国,江苏,南京,,,320100,32.059344,118.796624,city,,2403:8900::/32
2403:8980::,2403:8980:ffff:ffff:ffff:ffff:ffff:ffff,24038980000000000000000000000000,24038980ffffffffffffffffffffffff,32,中国,广东,东莞,,,441900,23.021016,113.751884,city,,2403:8980::/32
2403:8a40::,2403:8a40:ffff:ffff:ffff:ffff:ffff:ffff,24038a40000000000000000000000000,24038a40ffffffffffffffffffffffff,32,中国,,,,,,,,country,,2403:8a40::/32
2403:8a80::,2403:8a80:ffff:ffff:ffff:ffff:ffff:ffff,24038a80000000000000000000000000,24038a80ffffffffffffffffffffffff,32,中国,广东,广州,,,440100,23.130061,113.264499,city,,2403:8a80::/32
2403:8b00::,2403:8b00:ffff:ffff:ffff:ffff:ffff:ffff,24038b00000000000000000000000000,24038b00ffffffffffffffffffffffff,32,中国,安徽,合肥,,,340100,31.820567,117.227267,city,,2403:8b00::/32
2403:8b80::,2403:8b80:ffff:ffff:ffff:ffff:ffff:ffff,24038b80000000000000000000000000,24038b80ffffffffffffffffffffffff,32,中国,贵州,遵义,,,520300,27.721931,107.031922,city,,2403:8b80::/32
2403:8bc0::,2403:8bc0:ffff:ffff:ffff:ffff:ffff:ffff,24038bc0000000000000000000000000,24038bc0ffffffffffffffffffffffff,32,中国台湾,台湾,,,台湾,,,,country,,2403:8bc0::/32
2403:8c00::,2403:8c00:ffff:ffff:ffff:ffff:ffff:ffff,24038c00000000000000000000000000,24038c00ffffffffffffffffffffffff,32,中国,吉林,长春,,教育网,220100,43.816996,125.323643,city,,2403:8c00::/32
2403:8c80::,2403:8c80:ffff:ffff:ffff:ffff:ffff:ffff,24038c80000000000000000000000000,24038c80ffffffffffffffffffffffff,32,中国,黑龙江,哈尔滨,,,230100,45.802981,126.53505,city,,2403:8c80::/32
2403:8d00::,2403:8d00:ffff:ffff:ffff:ffff:ffff:ffff,24038d00000000000000000000000000,24038d00ffffffffffffffffffffffff,32,中国,北京,,,,110000,39.904179,116.407387,province,,2403:8d00::/32
2403:8d80::,2403:8d80:ffff:ffff:ffff:ffff:ffff:ffff,24038d80000000000000000000000000,24038d80ffffffffffffffffffffffff,32,中国,河北,邯郸,,,130400,36.625849,114.53915,city,,2403:8d80::/32
2403:8e40::,2403:8e40:ffff:ffff:ffff:ffff:ffff:ffff,24038e40000000000000000000000000,24038e40ffffffffffffffffffffffff,32,中国香港,香港,,,香港,,,,country,,2403:8e40::/32
2403:8ec0::,2403:8ec0:ffff:ffff:ffff:ffff:ffff:ffff,24038ec0000000000000000000000000,24038ec0ffffffffffffffffffffffff,32,中国台湾,台湾,,,台湾,,,,country,,2403:8ec0::/32
2403:8f40::,2403:8f40:ffff:ffff:ffff:ffff:ffff:ffff,24038f40000000000000000000000000,24038f40ffffffffffffffffffffffff,32,中国台湾,台湾,,,台湾,,,,country,,2403:8f40::/32
2403:9080::,2403:9080:ffff:ffff:ffff:ffff:ffff:ffff,24039080000000000000000000000000,24039080ffffffffffffffffffffffff,32,中国,广东,江门,,,440700,22.578948,113.081548,city,,2403:9080::/32
2403:9180::,2403:9180:ffff:ffff:ffff:ffff:ffff:ffff,24039180000000000000000000000000,24039180ffffffffffffffffffffffff,32,中国,江苏,,,,320000,32.061377,118.763563,province,,2403:9180::/32
2403:9280::,2403:9280:ffff:ffff:ffff:ffff:ffff:ffff,24039280000000000000000000000000,24039280ffffffffffffffffffffffff,32,中国,云南,昆明,,,530100,24.88149,102.833669,city,,2403:9280::/32
2403:9380::,2403:9380:ffff:ffff:ffff:ffff:ffff:ffff,24039380000000000000000000000000,24039380ffffffffffffffffffffffff,32,中国,江西,南昌,,,360100,28.682976,115.857972,city,,2403:9380::/32
2403:93c0::,2403:93c0:ffff:ffff:ffff:ffff:ffff:ffff,240393c0000000000000000000000000,240393c0ffffffffffffffffffffffff,32,中国台湾,台湾,,,台湾,,,,country,,2403:93c0::/32
2403:9480::,2403:9480:ffff:ffff:ffff:ffff:ffff:ffff,24039480000000000000000000000000,24039480ffffffffffffffffffffffff,32,中国,广西,南宁,,,450100,22.8177,108.366407,city,,2403:9480::/32
2403:9580::,2403:9580:ffff:ffff:ffff:ffff:ffff:ffff,24039580000000000000000000000000,24039580ffffffffffffffffffffffff,32,中国,辽宁,大连,,,210200,38.913962,121.614786,city,,2403:9580::/32
2403:95c0::,2403:95c0:ffff:ffff:ffff:ffff:ffff:ffff,240395c0000000000000000000000000,240395c0ffffffffffffffffffffffff,32,中国台湾,台湾,,,台湾,,,,country,,2403:95c0::/32
2403:9680::,2403:9680:ffff:ffff:ffff:ffff:ffff:ffff,24039680000000000000000000000000,24039680ffffffffffffffffffffffff,32,中国,山西,太原,,,140100,37.870451,112.549656,city,,2403:9680::/32
2403:96c0::,2403:96c0:ffff:ffff:ffff:ffff:ffff:ffff,240396c0000000000000000000000000,240396c0ffffffffffffffffffffffff,32,中国台湾,台湾,,,台湾,,,,country,,2403:96c0::/32
2403:9740::,2403:9740:ffff:ffff:ffff:ffff:ffff:ffff,24039740000000000000000000000000,24039740ffffffffffffffffffffffff,32,中国台湾,台湾,,,台湾,,,,country,,2403:9740::/32
2403:9780::,2403:9780:ffff:ffff:ffff:ffff:ffff:ffff,24039780000000000000000000000000,24039780ffffffffffffffffffffffff,32,中国,江苏,无锡,,,320200,31.491064,120.311889,city,,2403:9780::/32
2403:9880::,2403:9880:ffff:ffff:ffff:ffff:ffff:ffff,24039880000000000000000000000000,24039880ffffffffffffffffffffffff,32,中国,湖北,武汉,,,420100,30.593354,114.304569,city,,2403:9880::/32
2403:9a80::,2403:9a80:ffff:ffff:ffff:ffff:ffff:ffff,24039a80000000000000000000000000,24039a80ffffffffffffffffffffffff,32,中国,陕西,西安,,,610100,34.343207,108.939645,city,,2403:9a80::/32
2403:9ac0::,2403:9ac0:ffff:ffff:ffff:ffff:ffff:ffff,24039ac0000000000000000000000000,24039ac0ffffffffffffffffffffffff,32,中国,,,,,,,,country,,2403:9ac0::/32
2403:9b00::,2403:9b00:ffff:ffff:ffff:ffff:ffff:ffff,24039b00000000000000000000000000,24039b00ffffffffffffffffffffffff,32,中国,北京,,,,110000,39.904179,116.407387,province,,2403:9b00::/32
2403:9b40::,2403:9b40:ffff:ffff:ffff:ffff:ffff:ffff,24039b40000000000000000000000000,24039b40ffffffffffffffffffffffff,32,中国,,,,,,,,country,,2403:9b40::/32
2403:9b80::,2403:9b80:ffff:ffff:ffff:ffff:ffff:ffff,24039b80000000000000000000000000,24039b80ffffffffffffffffffffffff,32,中国,辽宁,大连,,,210200,38.913962,121.614786,city,,2403:9b80::/32
2403:9bc0::,2403:9bc0:ffff:ffff:ffff:ffff:ffff:ffff,24039bc0000000000000000000000000,24039bc0ffffffffffffffffffffffff,32,中国香港,香港,,,香港,,,,country,,2403:9bc0::/32
2403:9c80::,2403:9c80:ffff:ffff:ffff:ffff:ffff:ffff,24039c80000000000000000000000000,24039c80ffffffffffffffffffffffff,32,中国,福建,厦门,,,350200,24.479627,118.08891,city,,2403:9c80::/32
2403:9d00::,2403:9d00:ffff:ffff:ffff:ffff:ffff:ffff,24039d00000000000000000000000000,24039d00ffffffffffffffffffffffff,32,中国,北京,,,,110000,39.904179,116.407387,province,,2403:9d00::/32
2403:9d40::,2403:9d40:ffff:ffff:ffff:ffff:ffff:ffff,24039d40000000000000000000000000,24039d40ffffffffffffffffffffffff,32,中国香港,香港,,,香港,,,,country,,2403:9d40::/32
2403:9d80::,2403:9d80:ffff:ffff:ffff:ffff:ffff:ffff,24039d80000000000000000000000000,24039d80ffffffffffffffffffffffff,32,中国,上海,,,,310000,31.230525,121.473667,province,,2403:9d80::/32
2403:9e40::,2403:9e40:ffff:ffff:ffff:ffff:ffff:ffff,24039e40000000000000000000000000,24039e40ffffffffffffffffffffffff,32,中国,,,,,,,,country,,2403:9e40::/32
2403:9e80::,2403:9e80:ffff:ffff:ffff:ffff:ffff:ffff,24039e80000000000000000000000000,24039e80ffffffffffffffffffffffff,32,中国,湖北,宜昌,,,420500,30.69217,111.286962,city,,2403:9e80::/32
2403:9ec0::,2403:9ec0:ffff:ffff:ffff:ffff:ffff:ffff,24039ec0000000000000000000000000,24039ec0ffffffffffffffffffffffff,32,中国,,,,,,,,country,,2403:9ec0::/32
2403:9f00::,2403:9f00:ffff:ffff:ffff:ffff:ffff:ffff,24039f00000000000000000000000000,24039f00ffffffffffffffffffffffff,32,中国台湾,台湾,,,台湾,,,,country,,2403:9f00::/32
2403:9f80::,2403:9f80:ffff:ffff:ffff:ffff:ffff:ffff,24039f80000000000000000000000000,24039f80ffffffffffffffffffffffff,32,中国,广东,肇庆,,,441200,23.047747,112.465245,city,,2403:9f80::/32
2403:a100::,2403:a100:ffff:ffff:ffff:ffff:ffff:ffff,2403a100000000000000000000000000,2403a100ffffffffffffffffffffffff,32,中国,上海,,,,310000,31.230525,121.473667,province,,2403:a100::/32
2403:a140::,2403:a140:ffff:ffff:ffff:ffff:ffff:ffff,2403a140000000000000000000000000,2403a140ffffffffffffffffffffffff,32,中国,北京,,,,110000,39.904179,116.407387,province,,2403:a140::/32
2403:a200::,2403:a200:ffff:ffff:ffff:ffff:ffff:ffff,2403a200000000000000000000000000,2403a200ffffffffffffffffffffffff,32,中国,北京,,,,110000,39.904179,116.407387,province,,2403:a200::/32
2403:a240::,2403:a240:ffff:ffff:ffff:ffff:ffff:ffff,2403a240000000000000000000000000,2403a240ffffffffffffffffffffffff,32,中国台湾,台湾,,,台湾,,,,country,,2403:a240::/32
2403:a280::,2403:a280:ffff:ffff:ffff:ffff:ffff:ffff,2403a280000000000000000000000000,2403a280ffffffffffffffffffffffff,32,中国香港,香港,,,香港,,,,country,,2403:a280::/32
2403:a2c0::,2403:a2c0:ffff:ffff:ffff:ffff:ffff:ffff,2403a2c0000000000000000000000000,2403a2c0ffffffffffffffffffffffff,32,中国台湾,台湾,,,台湾,,,,country,,2403:a2c0::/32
2403:a300::,2403:a300:ffff:ffff:ffff:ffff:ffff:ffff,2403a300000000000000000000000000,2403a300ffffffffffffffffffffffff,32,中国,江苏,扬州,,,321000,32.394404,119.412834,city,,2403:a300::/32
2403:a3c0::,2403:a3c0:ffff:ffff:ffff:ffff:ffff:ffff,2403a3c0000000000000000000000000,2403a3c0ffffffffffffffffffffffff,32,中国台湾,台湾,,,台湾,,,,country,,2403:a3c0::/32
2403:a480::,2403:a480:ffff:ffff:ffff:ffff:ffff:ffff,2403a480000000000000000000000000,2403a480ffffffffffffffffffffffff,32,中国,浙江,杭州,,,330100,30.246566,120.209903,city,,2403:a480::/32
2403:a580::,2403:a580:ffff:ffff:ffff:ffff:ffff:ffff,2403a580000000000000000000000000,2403a580ffffffffffffffffffffffff,32,中国,江苏,苏州,,,320500,31.299758,120.585294,city,,2403:a580::/32
2403:a680::,2403:a680:ffff:ffff:ffff:ffff:ffff:ffff,2403a680000000000000000000000000,2403a680ffffffffffffffffffffffff,32,中国,河南,郑州,,,410100,34.746303,113.625351,city,,2403:a680::/32
2403:a6c0::,2403:a6c0:ffff:ffff:ffff:ffff:ffff:ffff,2403a6c0000000000000000000000000,2403a6c0ffffffffffffffffffffffff,32,中国,,,,,,,,country,,2403:a6c0::/32
2403:a740::,2403:a740:ffff:ffff:ffff:ffff:ffff:ffff,2403a740000000000000000000000000,2403a740ffffffffffffffffffffffff,32,中国台湾,台湾,,,台湾,,,,country,,2403:a740::/32
2403:a780::,2403:a780:ffff:ffff:ffff:ffff:ffff:ffff,2403a780000000000000000000000000,2403a780ffffffffffffffffffffffff,32,中国,重庆,,,,500000,29.56268,106.551787,province,,2403:a780::/32
2403:a7c0::,2403:a7c0:ffff:ffff:ffff:ffff:ffff:ffff,2403a7c0000000000000000000000000,2403a7c0ffffffffffffffffffffffff,32,中国台湾,台湾,,,台湾,,,,country,,2403:a7c0::/32
2403:a880::,2403:a880:ffff:ffff:ffff:ffff:ffff:ffff,2403a880000000000000000000000000,2403a880ffffffffffffffffffffffff,32,中国,山东,青岛,,,370200,36.066938,120.382665,city,,2403:a880::/32
2403:a940::,2403:a940:ffff:ffff:ffff:ffff:ffff:ffff,2403a940000000000000000000000000,2403a940ffffffffffffffffffffffff,32,中国,,,,,,,,country,,2403:a940::/32
2403:a980::,2403:a980:ffff:ffff:ffff:ffff:ffff:ffff,2403a980000000000000000000000000,2403a980ffffffffffffffffffffffff,32,中国,山东,青岛,,,370200,36.066938,120.382665,city,,2403:a980::/32
2403:a9c0::,2403:a9c0:ffff:ffff:ffff:ffff:ffff:ffff,2403a9c0000000000000000000000000,2403a9c0ffffffffffffffffffffffff,32,中国,,,,,,,,country,,2403:a9c0::/32
2403:aa40::,2403:aa40:ffff:ffff:ffff:ffff:ffff:ffff,2403aa40000000000000000000000000,2403aa40ffffffffffffffffffffffff,32,中国,,,,,,,,country,,2403:aa40::/32
2403:aa80::,2403:aa80:ffff:ffff:ffff:ffff:ffff:ffff,2403aa80000000000000000000000000,2403aa80ffffffffffffffffffffffff,32,中国,湖南,长沙,,,430100,28.228304,112.938882,city,,2403:aa80::/32
2403:ab80::,2403:ab80:ffff:ffff:ffff:ffff:ffff:ffff,2403ab80000000000000000000000000,2403ab80ffffffffffffffffffffffff,32,中国,重庆,,,,500000,29.56268,106.551787,province,,2403:ab80::/32
2403:abc0::,2403:abc0:ffff:ffff:ffff:ffff:ffff:ffff,2403abc0000000000000000000000000,2403abc0ffffffffffffffffffffffff,32,中国香港,香港,,,香港,,,,country,,2403:abc0::/32
2403:ac00::,2403:ac00:ffff:ffff:ffff:ffff:ffff:ffff,2403ac00000000000000000000000000,2403ac00ffffffffffffffffffffffff,32,中国,天津,,,教育网,120000,39.085318,117.201509,province,,2403:ac00::/32
2403:ad40::,2403:ad40:ffff:ffff:ffff:ffff:ffff:ffff,2403ad40000000000000000000000000,2403ad40ffffffffffffffffffffffff,32,中国台湾,台湾,,,台湾,,,,country,,2403:ad40::/32
2403:ad80::,2403:ad80:ffff:ffff:ffff:ffff:ffff:ffff,2403ad80000000000000000000000000,2403ad80ffffffffffffffffffffffff,32,中国香港,香港,,,香港,,,,country,,2403:ad80::/32
2403:af80::,2403:af80:ffff:ffff:ffff:ffff:ffff:ffff,2403af80000000000000000000000000,2403af80ffffffffffffffffffffffff,32,中国,重庆,,,,500000,29.56268,106.551787,province,,2403:af80::/32
2403:b080::,2403:b080:ffff:ffff:ffff:ffff:ffff:ffff,2403b080000000000000000000000000,2403b080ffffffffffffffffffffffff,32,中国,重庆,,,,500000,29.56268,106.551787,province,,2403:b080::/32
2403:b180::,2403:b180:ffff:ffff:ffff:ffff:ffff:ffff,2403b180000000000000000000000000,2403b180ffffffffffffffffffffffff,32,中国,吉林,吉林市,,,220200,43.838132,126.549719,city,,2403:b180::/32
2403:b280::,2403:b280:ffff:ffff:ffff:ffff:ffff:ffff,2403b280000000000000000000000000,2403b280ffffffffffffffffffffffff,32,中国,吉林,长春,,,220100,43.816996,125.323643,city,,2403:b280::/32
2403:b340::,2403:b340:ffff:ffff:ffff:ffff:ffff:ffff,2403b340000000000000000000000000,2403b340ffffffffffffffffffffffff,32,中国台湾,台湾,,,台湾,,,,country,,2403:b340::/32
2403:b380::,2403:b380:ffff:ffff:ffff:ffff:ffff:ffff,2403b380000000000000000000000000,2403b380ffffffffffffffffffffffff,32,中国,湖北,武汉,,,420100,30.593354,114.304569,city,,2403:b380::/32
2403:b400::,2403:b400:ffff:ffff:ffff:ffff:ffff:ffff,2403b400000000000000000000000000,2403b400ffffffffffffffffffffffff,32,中国,北京,,,,110000,39.904179,116.407387,province,,2403:b400::/32
2403:b480::,2403:b480:ffff:ffff:ffff:ffff:ffff:ffff,2403b480000000000000000000000000,2403b480ffffffffffffffffffffffff,32,中国,湖北,武汉,,,420100,30.593354,114.304569,city,,2403:b480::/32
2403:b580::,2403:b580:ffff:ffff:ffff:ffff:ffff:ffff,2403b580000000000000000000000000,2403b580ffffffffffffffffffffffff,32,中国,上海,,,,310000,31.230525,121.473667,province,,2403:b580::/32
2403:b640::,2403:b640:ffff:ffff:ffff:ffff:ffff:ffff,2403b640000000000000000000000000,2403b640ffffffffffffffffffffffff,32,中国台湾,台湾,,,台湾,,,,country,,2403:b640::/32
2403:b680::,2403:b680:ffff:ffff:ffff:ffff:ffff:ffff,2403b680000000000000000000000000,2403b680ffffffffffffffffffffffff,32,中国,河北,石家庄,,,130100,38.042007,114.514976,city,,2403:b680::/32
2403:b780::,2403:b780:ffff:ffff:ffff:ffff:ffff:ffff,2403b780000000000000000000000000,2403b780ffffffffffffffffffffffff,32,中国,广东,惠州,,,441300,23.112368,114.415587,city,,2403:b780::/32
2403:b7c0::,2403:b7c0:ffff:ffff:ffff:ffff:ffff:ffff,2403b7c0000000000000000000000000,2403b7c0ffffffffffffffffffffffff,32,中国台湾,台湾,,,台湾,,,,country,,2403:b7c0::/32
2403:b880::,2403:b880:ffff:ffff:ffff:ffff:ffff:ffff,2403b880000000000000000000000000,2403b880ffffffffffffffffffffffff,32,中国,天津,天津,南开,,120104,39.138551,117.150638,district,,2403:b880::/32
2403:b940::,2403:b940:ffff:ffff:ffff:ffff:ffff:ffff,2403b940000000000000000000000000,2403b940ffffffffffffffffffffffff,32,中国台湾,台湾,,,台湾,,,,country,,2403:b940::/32
2403:b980::,2403:b980:ffff:ffff:ffff:ffff:ffff:ffff,2403b980000000000000000000000000,2403b980ffffffffffffffffffffffff,32,中国,辽宁,沈阳,,,210100,41.677576,123.464675,city,,2403:b980::/32
2403:b9c0::,2403:b9c0:ffff:ffff:ffff:ffff:ffff:ffff,2403b9c0000000000000000000000000,2403b9c0ffffffffffffffffffffffff,32,中国台湾,台湾,,,台湾,,,,country,,2403:b9c0::/32
2403:ba40::,2403:ba40:ffff:ffff:ffff:ffff:ffff:ffff,2403ba40000000000000000000000000,2403ba40ffffffffffffffffffffffff,32,中国,,,,,,,,country,,2403:ba40::/32
2403:c040::,2403:c040:ffff:ffff:ffff:ffff:ffff:ffff,2403c040000000000000000000000000,2403c040ffffffffffffffffffffffff,32,中国,,,,,,,,country,,2403:c040::/32
2403:c080::,2403:c080:ffff:ffff:ffff:ffff:ffff:ffff,2403c080000000000000000000000000,2403c080ffffffffffffffffffffffff,32,中国,广东,深圳,,,440300,22.543527,114.057939,city,,2403:c080::/32
2403:c100::,2403:c100:ffff:ffff:ffff:ffff:ffff:ffff,2403c100000000000000000000000000,2403c100ffffffffffffffffffffffff,32,中国,北京,,,,110000,39.904179,116.407387,province,,2403:c100::/32
2403:c140::,2403:c140:ffff:ffff:ffff:ffff:ffff:ffff,2403c140000000000000000000000000,2403c140ffffffffffffffffffffffff,32,中国,,,,,,,,country,,2403:c140::/32
2403:c180::,2403:c180:ffff:ffff:ffff:ffff:ffff:ffff,2403c180000000000000000000000000,2403c180ffffffffffffffffffffffff,32,中国,山东,青岛,,,370200,36.066938,120.382665,city,,2403:c180::/32
2403:c1c0::,2403:c1c0:ffff:ffff:ffff:ffff:ffff:ffff,2403c1c0000000000000000000000000,2403c1c0ffffffffffffffffffffffff,32,中国台湾,台湾,,,台湾,,,,country,,2403:c1c0::/32
2403:c240::,2403:c240:ffff:ffff:ffff:ffff:ffff:ffff,2403c240000000000000000000000000,2403c240ffffffffffffffffffffffff,32,中国台湾,台湾,,,台湾,,,,country,,2403:c240::/32
2403:c300::,2403:c300:ffff:ffff:ffff:ffff:ffff:ffff,2403c300000000000000000000000000,2403c300ffffffffffffffffffffffff,32,中国台湾,台湾,,,台湾,,,,country,,2403:c300::/32
2403:c3c0::,2403:c3c0:ffff:ffff:ffff:ffff:ffff:ffff,2403c3c0000000000000000000000000,2403c3c0ffffffffffffffffffffffff,32,中国,,,,,,,,country,,2403:c3c0::/32
2403:c440::,2403:c440:ffff:ffff:ffff:ffff:ffff:ffff,2403c440000000000000000000000000,2403c440ffffffffffffffffffffffff,32,中国,,,,,,,,country,,2403:c440::/32
2403:c480::,2403:c480:ffff:ffff:ffff:ffff:ffff:ffff,2403c480000000000000000000000000,2403c480ffffffffffffffffffffffff,32,中国,北京,,,,110000,39.904179,116.407387,province,,2403:c480::/32
2403:c4c0::,2403:c4c0:ffff:ffff:ffff:ffff:ffff:ffff,2403c4c0000000000000000000000000,2403c4c0ffffffffffffffffffffffff,32,中国,,,,,,,,country,,2403:c4c0::/32
2403:c540::,2403:c540:ffff:ffff:ffff:ffff:ffff:ffff,2403c540000000000000000000000000,2403c540ffffffffffffffffffffffff,32,中国香港,香港,,,香港,,,,country,,2403:c540::/32
2403:c940::,2403:c940:ffff:ffff:ffff:ffff:ffff:ffff,2403c940000000000000000000000000,2403c940ffffffffffffffffffffffff,32,中国台湾,台湾,,,台湾,,,,country,,2403:c940::/32
2403:c980::,2403:c980:ffff:ffff:ffff:ffff:ffff:ffff,2403c980000000000000000000000000,2403c980ffffffffffffffffffffffff,32,中国,四川,成都,,,510100,30.572961,104.066301,city,,2403:c980::/32
2403:c9c0::,2403:c9c0:ffff:ffff:ffff:ffff:ffff:ffff,2403c9c0000000000000000000000000,2403c9c0ffffffffffffffffffffffff,32,中国台湾,台湾,,,台湾,,,,country,,2403:c9c0::/32
2403:cdc0::,2403:cdc0:ffff:ffff:ffff:ffff:ffff:ffff,2403cdc0000000000000000000000000,2403cdc0ffffffffffffffffffffffff,32,中国,,,,,,,,country,,2403:cdc0::/32
2403:ce40::,2403:ce40:ffff:ffff:ffff:ffff:ffff:ffff,2403ce40000000000000000000000000,2403ce40ffffffffffffffffffffffff,32,中国台湾,台湾,,,台湾,,,,country,,2403:ce40::/32
2403:cec0::,2403:cec0:ffff:ffff:ffff:ffff:ffff:ffff,2403cec0000000000000000000000000,2403cec0ffffffffffffffffffffffff,32,中国,,,,,,,,country,,2403:cec0::/32
2403:cf80::,2403:cf80:ffff:ffff:ffff:ffff:ffff:ffff,2403cf80000000000000000000000000,2403cf80ffffffffffffffffffffffff,32,中国,辽宁,本溪,,,210500,41.294123,123.766669,city,,2403:cf80::/32
2403:d080::,2403:d080:ffff:ffff:ffff:ffff:ffff:ffff,2403d080000000000000000000000000,2403d080ffffffffffffffffffffffff,32,中国,辽宁,丹东,,,210600,40.000646,124.354419,city,,2403:d080::/32
2403:d180::,2403:d180:ffff:ffff:ffff:ffff:ffff:ffff,2403d180000000000000000000000000,2403d180ffffffffffffffffffffffff,32,中国,辽宁,抚顺,,,210400,41.881311,123.957053,city,,2403:d180::/32
2403:d280::,2403:d280:ffff:ffff:ffff:ffff:ffff:ffff,2403d280000000000000000000000000,2403d280ffffffffffffffffffffffff,32,中国,辽宁,阜新,,,210900,42.022028,121.670052,city,,2403:d280::/32
2403:d2c0::,2403:d2c0:ffff:ffff:ffff:ffff:ffff:ffff,2403d2c0000000000000000000000000,2403d2c0ffffffffffffffffffffffff,32,中国,,,,,,,,country,,2403:d2c0::/32
2403:d300::,2403:d300:ffff:ffff:ffff:ffff:ffff:ffff,2403d300000000000000000000000000,2403d300ffffffffffffffffffffffff,32,中国香港,香港,,,香港,,,,country,,2403:d300::/32
2403:d340::,2403:d340:ffff:ffff:ffff:ffff:ffff:ffff,2403d340000000000000000000000000,2403d340ffffffffffffffffffffffff,32,中国台湾,台湾,,,台湾,,,,country,,2403:d340::/32
2403:d380::,2403:d380:ffff:ffff:ffff:ffff:ffff:ffff,2403d380000000000000000000000000,2403d380ffffffffffffffffffffffff,32,中国,辽宁,辽阳,,,211000,41.267396,123.239669,city,,2403:d380::/32
2403:d400::,2403:d400:ffff:ffff:ffff:ffff:ffff:ffff,2403d400000000000000000000000000,2403d400ffffffffffffffffffffffff,32,中国,上海,,,教育网,310000,31.230525,121.473667,province,,2403:d400::/32
2403:d440::,2403:d440:ffff:ffff:ffff:ffff:ffff:ffff,2403d440000000000000000000000000,2403d440ffffffffffffffffffffffff,32,中国,,,,,,,,country,,2403:d440::/32
2403:d480::,2403:d480:ffff:ffff:ffff:ffff:ffff:ffff,2403d480000000000000000000000000,2403d480ffffffffffffffffffffffff,32,中国,山东,威海,,,371000,37.513315,122.120519,city,,2403:d480::/32
2403:d580::,2403:d580:ffff:ffff:ffff:ffff:ffff:ffff,2403d580000000000000000000000000,2403d580ffffffffffffffffffffffff,32,中国,山东,烟台,,,370600,37.464551,121.447755,city,,2403:d580::/32
2403:d5c0::,2403:d5c0:ffff:ffff:ffff:ffff:ffff:ffff,2403d5c0000000000000000000000000,2403d5c0ffffffffffffffffffffffff,32,中国台湾,台湾,,,台湾,,,,country,,2403:d5c0::/32
2403:d680::,2403:d680:ffff:ffff:ffff:ffff:ffff:ffff,2403d680000000000000000000000000,2403d680ffffffffffffffffffffffff,32,中国,山东,淄博,,,370300,36.813787,118.054994,city,,2403:d680::/32
2403:d780::,2403:d780:ffff:ffff:ffff:ffff:ffff:ffff,2403d780000000000000000000000000,2403d780ffffffffffffffffffffffff,32,中国,四川,遂宁,,,510900,30.53268,105.592602,city,,2403:d780::/32
2403:d7c0::,2403:d7c0:ffff:ffff:ffff:ffff:ffff:ffff,2403d7c0000000000000000000000000,2403d7c0ffffffffffffffffffffffff,32,中国,,,,,,,,country,,2403:d7c0::/32
2403:d880::,2403:d880:ffff:ffff:ffff:ffff:ffff:ffff,2403d880000000000000000000000000,2403d880ffffffffffffffffffffffff,32,中国,辽宁,鞍山,,,210300,41.108239,122.994183,city,,2403:d880::/32
2403:d980::,2403:d980:ffff:ffff:ffff:ffff:ffff:ffff,2403d980000000000000000000000000,2403d980ffffffffffffffffffffffff,32,中国,陕西,宝鸡,,,610300,34.362862,107.237682,city,,2403:d980::/32
2403:d9c0::,2403:d9c0:ffff:ffff:ffff:ffff:ffff:ffff,2403d9c0000000000000000000000000,2403d9c0ffffffffffffffffffffffff,32,中国,,,,,,,,country,,2403:d9c0::/32
2403:da80::,2403:da80:ffff:ffff:ffff:ffff:ffff:ffff,2403da80000000000000000000000000,2403da80ffffffffffffffffffffffff,32,中国,广东,潮州,,,445100,23.657662,116.621901,city,,2403:da80::/32
2403:dac0::,2403:dac0:ffff:ffff:ffff:ffff:ffff:ffff,2403dac0000000000000000000000000,2403dac0ffffffffffffffffffffffff,32,中国,,,,,,,,country,,2403:dac0::/32
2403:db00::,2403:db00:ffff:ffff:ffff:ffff:ffff:ffff,2403db00000000000000000000000000,2403db00ffffffffffffffffffffffff,32,中国,四川,成都,,,510100,30.572961,104.066301,city,,2403:db00::/32
2403:db80::,2403:db80:ffff:ffff:ffff:ffff:ffff:ffff,2403db80000000000000000000000000,2403db80ffffffffffffffffffffffff,32,中国,湖南,郴州,,,431000,25.770117,113.015517,city,,2403:db80::/32
2403:dc80::,2403:dc80:ffff:ffff:ffff:ffff:ffff:ffff,2403dc80000000000000000000000000,2403dc80ffffffffffffffffffffffff,32,中国,湖北,鄂州,,,420700,30.391461,114.894909,city,阿里云,2403:dc80::/32
2403:dcc0::,2403:dcc0:ffff:ffff:ffff:ffff:ffff:ffff,2403dcc0000000000000000000000000,2403dcc0ffffffffffffffffffffffff,32,中国香港,香港,,,香港,,,,country,阿里云,2403:dcc0::/32
2403:dd80::,2403:dd80:ffff:ffff:ffff:ffff:ffff:ffff,2403dd80000000000000000000000000,2403dd80ffffffffffffffffffffffff,32,中国,福建,福州,,,350100,26.074286,119.296411,city,,2403:dd80::/32
2403:de80::,2403:de80:ffff:ffff:ffff:ffff:ffff:ffff,2403de80000000000000000000000000,2403de80ffffffffffffffffffffffff,32,中国,广西,桂林,,,450300,25.235615,110.179752,city,,2403:de80::/32
2403:df80::,2403:df80:ffff:ffff:ffff:ffff:ffff:ffff,2403df80000000000000000000000000,2403df80ffffffffffffffffffffffff,32,中国,广东,河源,,,441600,23.744276,114.700215,city,,2403:df80::/32
2403:e080::,2403:e080:ffff:ffff:ffff:ffff:ffff:ffff,2403e080000000000000000000000000,2403e080ffffffffffffffffffffffff,32,中国,湖南,衡阳,,,430400,26.894216,112.572016,city,,2403:e080::/32
2403:e180::,2403:e180:ffff:ffff:ffff:ffff:ffff:ffff,2403e180000000000000000000000000,2403e180ffffffffffffffffffffffff,32,中国,湖北,黄冈,,,421100,30.453722,114.872425,city,,2403:e180::/32
2403:e280::,2403:e280:ffff:ffff:ffff:ffff:ffff:ffff,2403e280000000000000000000000000,2403e280ffffffffffffffffffffffff,32,中国,湖北,黄石,,,420200,30.201082,115.038999,city,,2403:e280::/32
2403:e300::,2403:e300:ffff:ffff:ffff:ffff:ffff:ffff,2403e300000000000000000000000000,2403e300ffffffffffffffffffffffff,32,中国,北京,,,,110000,39.904179,116.407387,province,,2403:e300::/32
2403:e340::,2403:e340:ffff:ffff:ffff:ffff:ffff:ffff,2403e340000000000000000000000000,2403e340ffffffffffffffffffffffff,32,中国香港,香港,,,香港,,,,country,,2403:e340::/32
2403:e480::,2403:e480:ffff:ffff:ffff:ffff:ffff:ffff,2403e480000000000000000000000000,2403e480ffffffffffffffffffffffff,32,中国,吉林,长春,,,220100,43.816996,125.323643,city,,2403:e480::/32
2403:e500::,2403:e500:ffff:ffff:ffff:ffff:ffff:ffff,2403e500000000000000000000000000,2403e500ffffffffffffffffffffffff,32,中国,河南,郑州,,,410100,34.746303,113.625351,city,,2403:e500::/32
2403:e580::,2403:e580:ffff:ffff:ffff:ffff:ffff:ffff,2403e580000000000000000000000000,2403e580ffffffffffffffffffffffff,32,中国,吉林,吉林市,,,220200,43.838132,126.549719,city,,2403:e580::/32
2403:e640::,2403:e640:ffff:ffff:ffff:ffff:ffff:ffff,2403e640000000000000000000000000,2403e640ffffffffffffffffffffffff,32,中国,,,,,,,,country,,2403:e640::/32
2403:e680::,2403:e680:ffff:ffff:ffff:ffff:ffff:ffff,2403e680000000000000000000000000,2403e680ffffffffffffffffffffffff,32,中国,浙江,嘉兴,,,330400,30.746814,120.755623,city,,2403:e680::/32
2403:e700::,2403:e700:ffff:ffff:ffff:ffff:ffff:ffff,2403e700000000000000000000000000,2403e700ffffffffffffffffffffffff,32,中国,北京,,,,110000,39.904179,116.407387,province,,2403:e700::/32
2403:e780::,2403:e780:ffff:ffff:ffff:ffff:ffff:ffff,2403e780000000000000000000000000,2403e780ffffffffffffffffffffffff,32,中国,湖北,荆州,,,421000,30.336282,112.24143,city,,2403:e780::/32
2403:e7c0::,2403:e7c0:ffff:ffff:ffff:ffff:ffff:ffff,2403e7c0000000000000000000000000,2403e7c0ffffffffffffffffffffffff,32,中国,北京,,,,110000,39.904179,116.407387,province,,2403:e7c0::/32
2403:e800::,2403:e800:ffff:ffff:ffff:ffff:ffff:ffff,2403e800000000000000000000000000,2403e800ffffffffffffffffffffffff,32,中国香港,香港,,,香港,,,,country,,2403:e800::/32
2403:e840::,2403:e840:ffff:ffff:ffff:ffff:ffff:ffff,2403e840000000000000000000000000,2403e840ffffffffffffffffffffffff,32,中国香港,香港,,,香港,,,,country,,2403:e840::/32
2403:e880::,2403:e880:ffff:ffff:ffff:ffff:ffff:ffff,2403e880000000000000000000000000,2403e880ffffffffffffffffffffffff,32,中国,广西,柳州,,,450200,24.326442,109.428071,city,,2403:e880::/32
2403:e940::,2403:e940:ffff:ffff:ffff:ffff:ffff:ffff,2403e940000000000000000000000000,2403e940ffffffffffffffffffffffff,32,中国台湾,台湾,,,台湾,,,,country,,2403:e940::/32
2403:e980::,2403:e980:ffff:ffff:ffff:ffff:ffff:ffff,2403e980000000000000000000000000,2403e980ffffffffffffffffffffffff,32,中国,河南,洛阳,,,410300,34.619702,112.453895,city,,2403:e980::/32
2403:ea00::,2403:ea00:ffff:ffff:ffff:ffff:ffff:ffff,2403ea00000000000000000000000000,2403ea00ffffffffffffffffffffffff,32,中国香港,香港,,,香港,,,,country,,2403:ea00::/32
2403:ea80::,2403:ea80:ffff:ffff:ffff:ffff:ffff:ffff,2403ea80000000000000000000000000,2403ea80ffffffffffffffffffffffff,32,中国,江苏,南通,,,320600,31.981269,120.894522,city,,2403:ea80::/32
2403:eac0::,2403:eac0:ffff:ffff:ffff:ffff:ffff:ffff,2403eac0000000000000000000000000,2403eac0ffffffffffffffffffffffff,32,中国,,,,,,,,country,,2403:eac0::/32
2403:eb80::,2403:eb80:ffff:ffff:ffff:ffff:ffff:ffff,2403eb80000000000000000000000000,2403eb80ffffffffffffffffffffffff,32,中国,福建,莆田,,,350300,25.454202,119.007662,city,,2403:eb80::/32
2403:ebc0::,2403:ebc0:ffff:ffff:ffff:ffff:ffff:ffff,2403ebc0000000000000000000000000,2403ebc0ffffffffffffffffffffffff,32,中国香港,香港,,,香港,,,,country,,2403:ebc0::/32
2403:ec80::,2403:ec80:ffff:ffff:ffff:ffff:ffff:ffff,2403ec80000000000000000000000000,2403ec80ffffffffffffffffffffffff,32,中国,山东,日照,,,371100,35.416912,119.52685,city,,2403:ec80::/32
2403:ed00::,2403:ed00:ffff:ffff:ffff:ffff:ffff:ffff,2403ed00000000000000000000000000,2403ed00ffffffffffffffffffffffff,32,中国,安徽,滁州,,,341100,32.255904,118.333439,city,,2403:ed00::/32
2403:ed40::,2403:ed40:ffff:ffff:ffff:ffff:ffff:ffff,2403ed40000000000000000000000000,2403ed40ffffffffffffffffffffffff,32,中国,,,,,,,,country,,2403:ed40::/32
2403:ed80::,2403:ed80:ffff:ffff:ffff:ffff:ffff:ffff,2403ed80000000000000000000000000,2403ed80ffffffffffffffffffffffff,32,中国,浙江,台州,,,331000,28.655716,121.42079,city,,2403:ed80::/32
2403:ee00::,2403:ee00:ffff:ffff:ffff:ffff:ffff:ffff,2403ee00000000000000000000000000,2403ee00ffffffffffffffffffffffff,32,中国台湾,台湾,,,台湾,,,,country,,2403:ee00::/32
2403:ee80::,2403:ee80:ffff:ffff:ffff:ffff:ffff:ffff,2403ee80000000000000000000000000,2403ee80ffffffffffffffffffffffff,32,中国,山东,泰安,,,370900,36.201784,117.086963,city,,2403:ee80::/32
2403:ef80::,2403:ef80:ffff:ffff:ffff:ffff:ffff:ffff,2403ef80000000000000000000000000,2403ef80ffffffffffffffffffffffff,32,中国,山东,潍坊,,,370700,36.707668,119.161721,city,,2403:ef80::/32
2403:f080::,2403:f080:ffff:ffff:ffff:ffff:ffff:ffff,2403f080000000000000000000000000,2403f080ffffffffffffffffffffffff,32,中国,陕西,渭南,,,610500,34.520632,109.470962,city,,2403:f080::/32
2403:f100::,2403:f100:ffff:ffff:ffff:ffff:ffff:ffff,2403f100000000000000000000000000,2403f100ffffffffffffffffffffffff,32,中国,北京,,,,110000,39.904179,116.407387,province,,2403:f100::/32
2403:f180::,2403:f180:ffff:ffff:ffff:ffff:ffff:ffff,2403f180000000000000000000000000,2403f180ffffffffffffffffffffffff,32,中国,湖北,孝感,,,420900,30.918311,113.956962,city,,2403:f180::/32
2403:f240::,2403:f240:ffff:ffff:ffff:ffff:ffff:ffff,2403f240000000000000000000000000,2403f240ffffffffffffffffffffffff,32,中国,,,,,,,,country,,2403:f240::/32
2403:f280::,2403:f280:ffff:ffff:ffff:ffff:ffff:ffff,2403f280000000000000000000000000,2403f280ffffffffffffffffffffffff,32,中国,湖南,岳阳,,,430600,29.35648,113.128922,city,,2403:f280::/32
2403:f300::,2403:f300:ffff:ffff:ffff:ffff:ffff:ffff,2403f300000000000000000000000000,2403f300ffffffffffffffffffffffff,32,中国,北京,,,,110000,39.904179,116.407387,province,,2403:f300::/32
2403:f380::,2403:f380:ffff:ffff:ffff:ffff:ffff:ffff,2403f380000000000000000000000000,2403f380ffffffffffffffffffffffff,32,中国,江苏,镇江,,,321100,32.188141,119.424441,city,,2403:f380::/32
2403:f3c0::,2403:f3c0:ffff:ffff:ffff:ffff:ffff:ffff,2403f3c0000000000000000000000000,2403f3c0ffffffffffffffffffffffff,32,中国台湾,台湾,,,台湾,,,,country,,2403:f3c0::/32
2403:f4c0::,2403:f4c0:ffff:ffff:ffff:ffff:ffff:ffff,2403f4c0000000000000000000000000,2403f4c0ffffffffffffffffffffffff,32,中国,北京,,,,110000,39.904179,116.407387,province,,2403:f4c0::/32
2403:f500::,2403:f500:ffff:ffff:ffff:ffff:ffff:ffff,2403f500000000000000000000000000,2403f500ffffffffffffffffffffffff,32,中国香港,香港,,,香港,,,,country,,2403:f500::/32
2403:f580::,2403:f580:ffff:ffff:ffff:ffff:ffff:ffff,2403f580000000000000000000000000,2403f580ffffffffffffffffffffffff,32,中国,安徽,合肥,,,340100,31.820567,117.227267,city,,2403:f580::/32
2403:f740::,2403:f740:ffff:ffff:ffff:ffff:ffff:ffff,2403f740000000000000000000000000,2403f740ffffffffffffffffffffffff,32,中国,,,,,,,,country,,2403:f740::/32
2403:f8c0::,2403:f8c0:ffff:ffff:ffff:ffff:ffff:ffff,2403f8c0000000000000000000000000,2403f8c0ffffffffffffffffffffffff,32,中国,,,,,,,,country,,2403:f8c0::/32
2403:f980::,2403:f980:ffff:ffff:ffff:ffff:ffff:ffff,2403f980000000000000000000000000,2403f980ffffffffffffffffffffffff,32,中国,辽宁,锦州,,,210700,41.096114,121.126859,city,,2403:f980::/32
2403:fa00::,2403:fa00:ffff:ffff:ffff:ffff:ffff:ffff,2403fa00000000000000000000000000,2403fa00ffffffffffffffffffffffff,32,中国香港,香港,,,香港,,,,country,,2403:fa00::/32
2403:fb00::,2403:fb00:ffff:ffff:ffff:ffff:ffff:ffff,2403fb00000000000000000000000000,2403fb00ffffffffffffffffffffffff,32,中国,北京,,,,110000,39.904179,116.407387,province,,2403:fb00::/32
2403:fb40::,2403:fb40:ffff:ffff:ffff:ffff:ffff:ffff,2403fb40000000000000000000000000,2403fb40ffffffffffffffffffffffff,32,中国台湾,台湾,,,台湾,,,,country,,2403:fb40::/32
2403:fb80::,2403:fb80:ffff:ffff:ffff:ffff:ffff:ffff,2403fb80000000000000000000000000,2403fb80ffffffffffffffffffffffff,32,中国,四川,德阳,,,510600,31.127449,104.397795,city,,2403:fb80::/32
2403:fc40::,2403:fc40:ffff:ffff:ffff:ffff:ffff:ffff,2403fc40000000000000000000000000,2403fc40ffffffffffffffffffffffff,32,中国,,,,,,,,country,,2403:fc40::/32
2403:fe40::,2403:fe40:ffff:ffff:ffff:ffff:ffff:ffff,2403fe40000000000000000000000000,2403fe40ffffffffffffffffffffffff,32,中国,,,,,,,,country,,2403:fe40::/32
2403:fe80::,2403:fe80:ffff:ffff:ffff:ffff:ffff:ffff,2403fe80000000000000000000000000,2403fe80ffffffffffffffffffffffff,32,中国,四川,绵阳,,,510700,31.467673,104.679127,city,,2403:fe80::/32
2403:fec0::,2403:fec0:ffff:ffff:ffff:ffff:ffff:ffff,2403fec0000000000000000000000000,2403fec0ffffffffffffffffffffffff,32,中国,上海,,,,310000,31.230525,121.473667,province,,2403:fec0::/32
2403:ff80::,2403:ff80:ffff:ffff:ffff:ffff:ffff:ffff,2403ff80000000000000000000000000,2403ff80ffffffffffffffffffffffff,32,中国,四川,南充,,,511300,30.837235,106.110565,city,,2403:ff80::/32
2403:ffc0::,2403:ffc0:ffff:ffff:ffff:ffff:ffff:ffff,2403ffc0000000000000000000000000,2403ffc0ffffffffffffffffffffffff,32,中国,北京,,,,110000,39.904179,116.407387,province,,2403:ffc0::/32
2403:ffc1::,2403:ffc1:ffff:ffff:ffff:ffff:ffff:ffff,2403ffc1000000000000000000000000,2403ffc1ffffffffffffffffffffffff,32,中国,,,,,,,,country,,2403:ffc1::/32
2404::,2404:3f:ffff:ffff:ffff:ffff:ffff:ffff,24040000000000000000000000000000,2404003fffffffffffffffffffffffff,26,中国台湾,台湾,,,台湾,,,,country,,2404::/26
2404:80::,2404:8f:ffff:ffff:ffff:ffff:ffff:ffff,24040080000000000000000000000000,2404008fffffffffffffffffffffffff,28,中国台湾,台湾,,,台湾,,,,country,,2404:80::/28
2404:100::,2404:100:ffff:ffff:ffff:ffff:ffff:ffff,24040100000000000000000000000000,24040100ffffffffffffffffffffffff,32,中国,北京,,,,110000,39.904179,116.407387,province,,2404:100::/32
2404:158::,2404:158:ffff:ffff:ffff:ffff:ffff:ffff,24040158000000000000000000000000,24040158ffffffffffffffffffffffff,32,中国,广东,东莞,,,441900,23.021016,113.751884,city,,2404:158::/32
2404:178::,2404:178:ffff:ffff:ffff:ffff:ffff:ffff,24040178000000000000000000000000,24040178ffffffffffffffffffffffff,32,中国台湾,台湾,,,台湾,,,,country,,2404:178::/32
2404:1a0::,2404:1a0:ffff:ffff:ffff:ffff:ffff:ffff,240401a0000000000000000000000000,240401a0ffffffffffffffffffffffff,32,中国香港,香港,,,香港,,,,country,,2404:1a0::/32
2404:1a1::,2404:1a1:ffff:ffff:ffff:ffff:ffff:ffff,240401a1000000000000000000000000,240401a1ffffffffffffffffffffffff,32,中国香港,香港,,,香港,,,,country,,2404:1a1::/32
2404:1a2::,2404:1a3:ffff:ffff:ffff:ffff:ffff:ffff,240401a2000000000000000000000000,240401a3ffffffffffffffffffffffff,31,中国香港,香港,,,香港,,,,country,,2404:1a2::/31
2404:240::,2404:240:ffff:ffff:ffff:ffff:ffff:ffff,24040240000000000000000000000000,24040240ffffffffffffffffffffffff,32,中国,,,,,,,,country,,2404:240::/32
2404:280::,2404:280:ffff:ffff:ffff:ffff:ffff:ffff,24040280000000000000000000000000,24040280ffffffffffffffffffffffff,32,中国,,,,,,,,country,,2404:280::/32
2404:440::,2404:440:ffff:ffff:ffff:ffff:ffff:ffff,24040440000000000000000000000000,24040440ffffffffffffffffffffffff,32,中国,北京,,,,110000,39.904179,116.407387,province,,2404:440::/32
2404:480::,2404:480:ffff:ffff:ffff:ffff:ffff:ffff,24040480000000000000000000000000,24040480ffffffffffffffffffffffff,32,中国,,,,,,,,country,,2404:480::/32
2404:680::,2404:680:ffff:ffff:ffff:ffff:ffff:ffff,24040680000000000000000000000000,24040680ffffffffffffffffffffffff,32,中国,,,,,,,,country,,2404:680::/32
2404:840::,2404:840:ffff:ffff:ffff:ffff:ffff:ffff,24040840000000000000000000000000,24040840ffffffffffffffffffffffff,32,中国台湾,台湾,,,台湾,,,,country,,2404:840::/32
2404:8c0::,2404:8c0:ffff:ffff:ffff:ffff:ffff:ffff,240408c0000000000000000000000000,240408c0ffffffffffffffffffffffff,32,中国香港,香港,,,香港,,,,country,,2404:8c0::/32
2404:a80::,2404:a80:ffff:ffff:ffff:ffff:ffff:ffff,24040a80000000000000000000000000,24040a80ffffffffffffffffffffffff,32,中国,,,,,,,,country,,2404:a80::/32
2404:b80::,2404:b80:ffff:ffff:ffff:ffff:ffff:ffff,24040b80000000000000000000000000,24040b80ffffffffffffffffffffffff,32,中国,,,,,,,,country,,2404:b80::/32
2404:bc0::,2404:bc0:ffff:ffff:ffff:ffff:ffff:ffff,24040bc0000000000000000000000000,24040bc0ffffffffffffffffffffffff,32,中国,湖北,,,,420000,30.546222,114.341552,province,,2404:bc0::/32
2404:c40::,2404:c40:ffff:ffff:ffff:ffff:ffff:ffff,24040c40000000000000000000000000,24040c40ffffffffffffffffffffffff,32,中国,,,,,,,,country,,2404:c40::/32
2404:d80::,2404:d80:ffff:ffff:ffff:ffff:ffff:ffff,24040d80000000000000000000000000,24040d80ffffffffffffffffffffffff,32,中国,,,,,,,,country,,2404:d80::/32
2404:e40::,2404:e40:ffff:ffff:ffff:ffff:ffff:ffff,24040e40000000000000000000000000,24040e40ffffffffffffffffffffffff,32,中国台湾,台湾,,,台湾,,,,country,,2404:e40::/32
2404:f00::,2404:f00:ffff:ffff:ffff:ffff:ffff:ffff,24040f00000000000000000000000000,24040f00ffffffffffffffffffffffff,32,中国,河南,洛阳,,,410300,34.619702,112.453895,city,,2404:f00::/32
2404:f40::,2404:f40:ffff:ffff:ffff:ffff:ffff:ffff,24040f40000000000000000000000000,24040f40ffffffffffffffffffffffff,32,中国台湾,台湾,,,台湾,,,,country,,2404:f40::/32
2404:f80::,2404:f80:ffff:ffff:ffff:ffff:ffff:ffff,24040f80000000000000000000000000,24040f80ffffffffffffffffffffffff,32,中国,,,,,,,,country,,2404:f80::/32
2404:1080::,2404:1080:ffff:ffff:ffff:ffff:ffff:ffff,24041080000000000000000000000000,24041080ffffffffffffffffffffffff,32,中国,,,,,,,,country,,2404:1080::/32
2404:10c0::,2404:10c0:ffff:ffff:ffff:ffff:ffff:ffff,240410c0000000000000000000000000,240410c0ffffffffffffffffffffffff,32,中国,,,,,,,,country,,2404:10c0::/32
2404:1180::,2404:1180:ffff:ffff:ffff:ffff:ffff:ffff,24041180000000000000000000000000,24041180ffffffffffffffffffffffff,32,中国,,,,,,,,country,,2404:1180::/32
2404:1280::,2404:1280:ffff:ffff:ffff:ffff:ffff:ffff,24041280000000000000000000000000,24041280ffffffffffffffffffffffff,32,中国香港,香港,,,香港,,,,country,,2404:1280::/32
2404:14c0::,2404:14c0:ffff:ffff:ffff:ffff:ffff:ffff,240414c0000000000000000000000000,240414c0ffffffffffffffffffffffff,32,中国,,,,,,,,country,,2404:14c0::/32
2404:15c0::,2404:15c0:ffff:ffff:ffff:ffff:ffff:ffff,240415c0000000000000000000000000,240415c0ffffffffffffffffffffffff,32,中国台湾,台湾,,,台湾,,,,country,,2404:15c0::/32
2404:1880::,2404:1880:ffff:ffff:ffff:ffff:ffff:ffff,24041880000000000000000000000000,24041880ffffffffffffffffffffffff,32,中国,,,,,,,,country,,2404:1880::/32
2404:1a40::,2404:1a40:ffff:ffff:ffff:ffff:ffff:ffff,24041a40000000000000000000000000,24041a40ffffffffffffffffffffffff,32,中国香港,香港,,,香港,,,,country,,2404:1a40::/32
2404:1c80::,2404:1c80:ffff:ffff:ffff:ffff:ffff:ffff,24041c80000000000000000000000000,24041c80ffffffffffffffffffffffff,32,中国,北京,,,,110000,39.904179,116.407387,province,,2404:1c80::/32
2404:1cc0::,2404:1cc0:ffff:ffff:ffff:ffff:ffff:ffff,24041cc0000000000000000000000000,24041cc0ffffffffffffffffffffffff,32,中国,广东,深圳,,,440300,22.543527,114.057939,city,,2404:1cc0::/32
2404:1d80::,2404:1d80:ffff:ffff:ffff:ffff:ffff:ffff,24041d80000000000000000000000000,24041d80ffffffffffffffffffffffff,32,中国,,,,,,,,country,,2404:1d80::/32
2404:1e80::,2404:1e80:ffff:ffff:ffff:ffff:ffff:ffff,24041e80000000000000000000000000,24041e80ffffffffffffffffffffffff,32,中国,,,,,,,,country,,2404:1e80::/32
2404:1f40::,2404:1f40:ffff:ffff:ffff:ffff:ffff:ffff,24041f40000000000000000000000000,24041f40ffffffffffffffffffffffff,32,中国,,,,,,,,country,,2404:1f40::/32
2404:21c0::,2404:21c0:ffff:ffff:ffff:ffff:ffff:ffff,240421c0000000000000000000000000,240421c0ffffffffffffffffffffffff,32,中国,,,,,,,,country,,2404:21c0::/32
2404:22c0::,2404:22c0:ffff:ffff:ffff:ffff:ffff:ffff,240422c0000000000000000000000000,240422c0ffffffffffffffffffffffff,32,中国台湾,台湾,,,台湾,,,,country,,2404:22c0::/32
2404:2480::,2404:2480:ffff:ffff:ffff:ffff:ffff:ffff,24042480000000000000000000000000,24042480ffffffffffffffffffffffff,32,中国香港,香港,,,香港,,,,country,,2404:2480::/32
2404:2840::,2404:2840:ffff:ffff:ffff:ffff:ffff:ffff,24042840000000000000000000000000,24042840ffffffffffffffffffffffff,32,中国台湾,台湾,,,台湾,,,,country,,2404:2840::/32
2404:28c0::,2404:28c0:ffff:ffff:ffff:ffff:ffff:ffff,240428c0000000000000000000000000,240428c0ffffffffffffffffffffffff,32,中国台湾,台湾,,,台湾,,,,country,,2404:28c0::/32
2404:2a80::,2404:2a80:ffff:ffff:ffff:ffff:ffff:ffff,24042a80000000000000000000000000,24042a80ffffffffffffffffffffffff,32,中国香港,香港,,,香港,,,,country,,2404:2a80::/32
2404:2b40::,2404:2b40:ffff:ffff:ffff:ffff:ffff:ffff,24042b40000000000000000000000000,24042b40ffffffffffffffffffffffff,32,中国香港,香港,,,香港,,,,country,,2404:2b40::/32
2404:30c0::,2404:30c0:ffff:ffff:ffff:ffff:ffff:ffff,240430c0000000000000000000000000,240430c0ffffffffffffffffffffffff,32,中国,,,,,,,,country,,2404:30c0::/32
2404:3140::,2404:3140:ffff:ffff:ffff:ffff:ffff:ffff,24043140000000000000000000000000,24043140ffffffffffffffffffffffff,32,中国,,,,,,,,country,,2404:3140::/32
2404:31c0::,2404:31c0:ffff:ffff:ffff:ffff:ffff:ffff,240431c0000000000000000000000000,240431c0ffffffffffffffffffffffff,32,中国,,,,,,,,country,,2404:31c0::/32
2404:3240::,2404:3240:ffff:ffff:ffff:ffff:ffff:ffff,24043240000000000000000000000000,24043240ffffffffffffffffffffffff,32,中国,,,,,,,,country,,2404:3240::/32
2404:32c0::,2404:32c0:ffff:ffff:ffff:ffff:ffff:ffff,240432c0000000000000000000000000,240432c0ffffffffffffffffffffffff,32,中国,,,,,,,,country,,2404:32c0::/32
2404:3300::,2404:3300:ffff:ffff:ffff:ffff:ffff:ffff,24043300000000000000000000000000,24043300ffffffffffffffffffffffff,32,中国,浙江,杭州,,,330100,30.246566,120.209903,city,,2404:3300::/32
2404:3340::,2404:3340:ffff:ffff:ffff:ffff:ffff:ffff,24043340000000000000000000000000,24043340ffffffffffffffffffffffff,32,中国,,,,,,,,country,,2404:3340::/32
2404:3480::,2404:3480:ffff:ffff:ffff:ffff:ffff:ffff,24043480000000000000000000000000,24043480ffffffffffffffffffffffff,32,中国,天津,,,,120000,39.085318,117.201509,province,,2404:3480::/32
2404:3500::,2404:3500:ffff:ffff:ffff:ffff:ffff:ffff,24043500000000000000000000000000,24043500ffffffffffffffffffffffff,32,中国香港,香港,,,香港,,,,country,,2404:3500::/32
2404:35c0::,2404:35c0:ffff:ffff:ffff:ffff:ffff:ffff,240435c0000000000000000000000000,240435c0ffffffffffffffffffffffff,32,中国,,,,,,,,country,,2404:35c0::/32
2404:3640::,2404:3640:ffff:ffff:ffff:ffff:ffff:ffff,24043640000000000000000000000000,24043640ffffffffffffffffffffffff,32,中国,,,,,,,,country,,2404:3640::/32
2404:36c0::,2404:36c0:ffff:ffff:ffff:ffff:ffff:ffff,240436c0000000000000000000000000,240436c0ffffffffffffffffffffffff,32,中国,,,,,,,,country,,2404:36c0::/32
2404:3700::,2404:3700:ffff:ffff:ffff:ffff:ffff:ffff,24043700000000000000000000000000,24043700ffffffffffffffffffffffff,32,中国,江苏,南京,,,320100,32.059344,118.796624,city,,2404:3700::/32
2404:3740::,2404:3740:ffff:ffff:ffff:ffff:ffff:ffff,24043740000000000000000000000000,24043740ffffffffffffffffffffffff,32,中国,,,,,,,,country,,2404:3740::/32
2404:37c0::,2404:37c0:ffff:ffff:ffff:ffff:ffff:ffff,240437c0000000000000000000000000,240437c0ffffffffffffffffffffffff,32,中国,,,,,,,,country,,2404:37c0::/32
2404:3840::,2404:3840:ffff:ffff:ffff:ffff:ffff:ffff,24043840000000000000000000000000,24043840ffffffffffffffffffffffff,32,中国,,,,,,,,country,,2404:3840::/32
2404:3880::,2404:3880:ffff:ffff:ffff:ffff:ffff:ffff,24043880000000000000000000000000,24043880ffffffffffffffffffffffff,32,中国香港,香港,,,香港,,,,country,,2404:3880::/32
2404:3940::,2404:3940:ffff:ffff:ffff:ffff:ffff:ffff,24043940000000000000000000000000,24043940ffffffffffffffffffffffff,32,中国,,,,,,,,country,,2404:3940::/32
2404:3bc0::,2404:3bc0:ffff:ffff:ffff:ffff:ffff:ffff,24043bc0000000000000000000000000,24043bc0ffffffffffffffffffffffff,32,中国,,,,,,,,country,,2404:3bc0::/32
2404:3c40::,2404:3c40:ffff:ffff:ffff:ffff:ffff:ffff,24043c40000000000000000000000000,24043c40ffffffffffffffffffffffff,32,中国,,,,,,,,country,,2404:3c40::/32
2404:3e40::,2404:3e40:ffff:ffff:ffff:ffff:ffff:ffff,24043e40000000000000000000000000,24043e40ffffffffffffffffffffffff,32,中国香港,香港,,,香港,,,,country,,2404:3e40::/32
2404:3f40::,2404:3f40:ffff:ffff:ffff:ffff:ffff:ffff,24043f40000000000000000000000000,24043f40ffffffffffffffffffffffff,32,中国,,,,,,,,country,,2404:3f40::/32
2404:41c0::,2404:41c0:ffff:ffff:ffff:ffff:ffff:ffff,240441c0000000000000000000000000,240441c0ffffffffffffffffffffffff,32,中国,,,,,,,,country,,2404:41c0::/32
2404:4280::,2404:4280:ffff:ffff:ffff:ffff:ffff:ffff,24044280000000000000000000000000,24044280ffffffffffffffffffffffff,32,中国香港,香港,,,香港,,,,country,,2404:4280::/32
2404:4540::,2404:4540:ffff:ffff:ffff:ffff:ffff:ffff,24044540000000000000000000000000,24044540ffffffffffffffffffffffff,32,中国,,,,,,,,country,,2404:4540::/32
2404:4740::,2404:4740:ffff:ffff:ffff:ffff:ffff:ffff,24044740000000000000000000000000,24044740ffffffffffffffffffffffff,32,中国,,,,,,,,country,,2404:4740::/32
2404:4a40::,2404:4a40:ffff:ffff:ffff:ffff:ffff:ffff,24044a40000000000000000000000000,24044a40ffffffffffffffffffffffff,32,中国香港,香港,,,香港,,,,country,,2404:4a40::/32
2404:4cc0::,2404:4cc0:ffff:ffff:ffff:ffff:ffff:ffff,24044cc0000000000000000000000000,24044cc0ffffffffffffffffffffffff,32,中国香港,香港,,,香港,,,,country,,2404:4cc0::/32
2404:4d00::,2404:4d00:ffff:ffff:ffff:ffff:ffff:ffff,24044d00000000000000000000000000,24044d00ffffffffffffffffffffffff,32,中国,北京,,,,110000,39.904179,116.407387,province,,2404:4d00::/32
2404:4dc0::,2404:4dc0:ffff:ffff:ffff:ffff:ffff:ffff,24044dc0000000000000000000000000,24044dc0ffffffffffffffffffffffff,32,中国,上海,,,,310000,31.230525,121.473667,province,,2404:4dc0::/32
2404:51c0::,2404:51c0:ffff:ffff:ffff:ffff:ffff:ffff,240451c0000000000000000000000000,240451c0ffffffffffffffffffffffff,32,中国,,,,,,,,country,,2404:51c0::/32
2404:5640::,2404:5640:ffff:ffff:ffff:ffff:ffff:ffff,24045640000000000000000000000000,24045640ffffffffffffffffffffffff,32,中国,,,,,,,,country,,2404:5640::/32
2404:5a80::,2404:5a80:ffff:ffff:ffff:ffff:ffff:ffff,24045a80000000000000000000000000,24045a80ffffffffffffffffffffffff,32,中国,,,,,,,,country,,2404:5a80::/32
2404:5b00::,2404:5b00:ffff:ffff:ffff:ffff:ffff:ffff,24045b00000000000000000000000000,24045b00ffffffffffffffffffffffff,32,中国,重庆,,,,500000,29.56268,106.551787,province,,2404:5b00::/32
2404:5d00::,2404:5d00:ffff:ffff:ffff:ffff:ffff:ffff,24045d00000000000000000000000000,24045d00ffffffffffffffffffffffff,32,中国,上海,,,,310000,31.230525,121.473667,province,,2404:5d00::/32
2404:6000::,2404:6000:ffff:ffff:ffff:ffff:ffff:ffff,24046000000000000000000000000000,24046000ffffffffffffffffffffffff,32,中国,浙江,杭州,余杭,,330110,30.273705,119.978742,district,,2404:6000::/32
2404:6100::,2404:6100:ffff:ffff:ffff:ffff:ffff:ffff,24046100000000000000000000000000,24046100ffffffffffffffffffffffff,32,中国,江苏,无锡,,,320200,31.491064,120.311889,city,,2404:6100::/32
2404:6200::,2404:6200:ffff:ffff:ffff:ffff:ffff:ffff,24046200000000000000000000000000,24046200ffffffffffffffffffffffff,32,中国台湾,台湾,,,台湾,,,,country,,2404:6200::/32
2404:62c0::,2404:62c0:ffff:ffff:ffff:ffff:ffff:ffff,240462c0000000000000000000000000,240462c0ffffffffffffffffffffffff,32,中国台湾,台湾,,,台湾,,,,country,,2404:62c0::/32
2404:6380::,2404:6380:ffff:ffff:ffff:ffff:ffff:ffff,24046380000000000000000000000000,24046380ffffffffffffffffffffffff,32,中国,江苏,常州,,,320400,31.811313,119.974092,city,,2404:6380::/32
2404:63c0::,2404:63c0:ffff:ffff:ffff:ffff:ffff:ffff,240463c0000000000000000000000000,240463c0ffffffffffffffffffffffff,32,中国台湾,台湾,,,台湾,,,,country,,2404:63c0::/32
2404:6500::,2404:6500:ffff:ffff:ffff:ffff:ffff:ffff,24046500000000000000000000000000,24046500ffffffffffffffffffffffff,32,中国,安徽,合肥,,,340100,31.820567,117.227267,city,,2404:6500::/32
2404:6540::,2404:6540:ffff:ffff:ffff:ffff:ffff:ffff,24046540000000000000000000000000,24046540ffffffffffffffffffffffff,32,中国香港,香港,,,香港,,,,country,,2404:6540::/32
2404:65c0::,2404:65c0:ffff:ffff:ffff:ffff:ffff:ffff,240465c0000000000000000000000000,240465c0ffffffffffffffffffffffff,32,中国,,,,,,,,country,,2404:65c0::/32
2404:6900::,2404:6900:ffff:ffff:ffff:ffff:ffff:ffff,24046900000000000000000000000000,24046900ffffffffffffffffffffffff,32,中国香港,香港,,,香港,,,,country,,2404:6900::/32
2404:6a40::,2404:6a40:ffff:ffff:ffff:ffff:ffff:ffff,24046a40000000000000000000000000,24046a40ffffffffffffffffffffffff,32,中国,,,,,,,,country,,2404:6a40::/32
2404:6f80::,2404:6f80:ffff:ffff:ffff:ffff:ffff:ffff,24046f80000000000000000000000000,24046f80ffffffffffffffffffffffff,32,中国,,,,,,,,country,,2404:6f80::/32
2404:7100::,2404:7100:ffff:ffff:ffff:ffff:ffff:ffff,24047100000000000000000000000000,24047100ffffffffffffffffffffffff,32,中国,天津,,,,120000,39.085318,117.201509,province,,2404:7100::/32
2404:7180::,2404:7180:ffff:ffff:ffff:ffff:ffff:ffff,24047180000000000000000000000000,24047180ffffffffffffffffffffffff,32,中国,广东,深圳,,,440300,22.543527,114.057939,city,,2404:7180::/32
2404:71c0::,2404:71c0:ffff:ffff:ffff:ffff:ffff:ffff,240471c0000000000000000000000000,240471c0ffffffffffffffffffffffff,32,中国,,,,,,,,country,,2404:71c0::/32
2404:7240::,2404:7240:ffff:ffff:ffff:ffff:ffff:ffff,24047240000000000000000000000000,24047240ffffffffffffffffffffffff,32,中国,北京,,,,110000,39.904179,116.407387,province,,2404:7240::/32
2404:7380::,2404:7380:ffff:ffff:ffff:ffff:ffff:ffff,24047380000000000000000000000000,24047380ffffffffffffffffffffffff,32,中国香港,香港,,,香港,,,,country,,2404:7380::/32
2404:73c0::,2404:73c0:ffff:ffff:ffff:ffff:ffff:ffff,240473c0000000000000000000000000,240473c0ffffffffffffffffffffffff,32,中国台湾,台湾,,,台湾,,,,country,,2404:73c0::/32
2404:7480::,2404:7480:ffff:ffff:ffff:ffff:ffff:ffff,24047480000000000000000000000000,24047480ffffffffffffffffffffffff,32,中国香港,香港,,,香港,,,,country,,2404:7480::/32
2404:74c0::,2404:74c0:ffff:ffff:ffff:ffff:ffff:ffff,240474c0000000000000000000000000,240474c0ffffffffffffffffffffffff,32,中国,,,,,,,,country,,2404:74c0::/32
2404:7600::,2404:7600:ffff:ffff:ffff:ffff:ffff:ffff,24047600000000000000000000000000,24047600ffffffffffffffffffffffff,32,中国,上海,,,,310000,31.230525,121.473667,province,,2404:7600::/32
2404:7740::,2404:7740:ffff:ffff:ffff:ffff:ffff:ffff,24047740000000000000000000000000,24047740ffffffffffffffffffffffff,32,中国,,,,,,,,country,,2404:7740::/32
2404:7940::,2404:7940:ffff:ffff:ffff:ffff:ffff:ffff,24047940000000000000000000000000,24047940ffffffffffffffffffffffff,32,中国,上海,,,,310000,31.230525,121.473667,province,,2404:7940::/32
2404:7980::,2404:7980:ffff:ffff:ffff:ffff:ffff:ffff,24047980000000000000000000000000,24047980ffffffffffffffffffffffff,32,中国香港,香港,,,香港,,,,country,,2404:7980::/32
2404:7b40::,2404:7b40:ffff:ffff:ffff:ffff:ffff:ffff,24047b40000000000000000000000000,24047b40ffffffffffffffffffffffff,32,中国香港,香港,,,香港,,,,country,,2404:7b40::/32
2404:7cc0::,2404:7cc0:ffff:ffff:ffff:ffff:ffff:ffff,24047cc0000000000000000000000000,24047cc0ffffffffffffffffffffffff,32,中国香港,香港,,,香港,,,,country,,2404:7cc0::/32
2404:7d00::,2404:7d00:ffff:ffff:ffff:ffff:ffff:ffff,24047d00000000000000000000000000,24047d00ffffffffffffffffffffffff,32,中国,广东,茂名,,,440900,21.662728,110.925533,city,,2404:7d00::/32
2404:7d40::,2404:7d40:ffff:ffff:ffff:ffff:ffff:ffff,24047d40000000000000000000000000,24047d40ffffffffffffffffffffffff,32,中国台湾,台湾,,,台湾,,,,country,,2404:7d40::/32
2404:7f40::,2404:7f40:ffff:ffff:ffff:ffff:ffff:ffff,24047f40000000000000000000000000,24047f40ffffffffffffffffffffffff,32,中国香港,香港,,,香港,,,,country,,2404:7f40::/32
2404:7fc0::,2404:7fc0:ffff:ffff:ffff:ffff:ffff:ffff,24047fc0000000000000000000000000,24047fc0ffffffffffffffffffffffff,32,中国香港,香港,,,香港,,,,country,,2404:7fc0::/32
2404:8040::,2404:8040:ffff:ffff:ffff:ffff:ffff:ffff,24048040000000000000000000000000,24048040ffffffffffffffffffffffff,32,中国,,,,,,,,country,,2404:8040::/32
2404:80c0::,2404:80c0:ffff:ffff:ffff:ffff:ffff:ffff,240480c0000000000000000000000000,240480c0ffffffffffffffffffffffff,32,中国,,,,,,,,country,,2404:80c0::/32
2404:8140::,2404:8140:ffff:ffff:ffff:ffff:ffff:ffff,24048140000000000000000000000000,24048140ffffffffffffffffffffffff,32,中国,,,,,,,,country,,2404:8140::/32
2404:81c0::,2404:81c0:ffff:ffff:ffff:ffff:ffff:ffff,240481c0000000000000000000000000,240481c0ffffffffffffffffffffffff,32,中国,,,,,,,,country,,2404:81c0::/32
2404:82c0::,2404:82c0:ffff:ffff:ffff:ffff:ffff:ffff,240482c0000000000000000000000000,240482c0ffffffffffffffffffffffff,32,中国香港,香港,,,香港,,,,country,,2404:82c0::/32
2404:8380::,2404:8380:ffff:ffff:ffff:ffff:ffff:ffff,24048380000000000000000000000000,24048380ffffffffffffffffffffffff,32,中国香港,香港,,,香港,,,,country,,2404:8380::/32
2404:8480::,2404:8480:ffff:ffff:ffff:ffff:ffff:ffff,24048480000000000000000000000000,24048480ffffffffffffffffffffffff,32,中国,,,,,,,,country,,2404:8480::/32
2404:8580::,2404:8580:ffff:ffff:ffff:ffff:ffff:ffff,24048580000000000000000000000000,24048580ffffffffffffffffffffffff,32,中国,,,,,,,,country,,2404:8580::/32
2404:8700::,2404:8700:ffff:ffff:ffff:ffff:ffff:ffff,24048700000000000000000000000000,24048700ffffffffffffffffffffffff,32,中国,广东,深圳,,,440300,22.543527,114.057939,city,,2404:8700::/32
2404:8880::,2404:8880:ffff:ffff:ffff:ffff:ffff:ffff,24048880000000000000000000000000,24048880ffffffffffffffffffffffff,32,中国,,,,,,,,country,,2404:8880::/32
2404:8a80::,2404:8a80:ffff:ffff:ffff:ffff:ffff:ffff,24048a80000000000000000000000000,24048a80ffffffffffffffffffffffff,32,中国,,,,,,,,country,,2404:8a80::/32
2404:8c80::,2404:8c80:ffff:ffff:ffff:ffff:ffff:ffff,24048c80000000000000000000000000,24048c80ffffffffffffffffffffffff,32,中国香港,香港,,,香港,,,,country,,2404:8c80::/32
2404:8cc0::,2404:8cc0:ffff:ffff:ffff:ffff:ffff:ffff,24048cc0000000000000000000000000,24048cc0ffffffffffffffffffffffff,32,中国台湾,台湾,,,台湾,,,,country,,2404:8cc0::/32
2404:8dc0::,2404:8dc0:ffff:ffff:ffff:ffff:ffff:ffff,24048dc0000000000000000000000000,24048dc0ffffffffffffffffffffffff,32,中国,,,,,,,,country,,2404:8dc0::/32
2404:9340::,2404:9340:ffff:ffff:ffff:ffff:ffff:ffff,24049340000000000000000000000000,24049340ffffffffffffffffffffffff,32,中国,,,,,,,,country,,2404:9340::/32
2404:95c0::,2404:95c0:ffff:ffff:ffff:ffff:ffff:ffff,240495c0000000000000000000000000,240495c0ffffffffffffffffffffffff,32,中国香港,香港,,,香港,,,,country,,2404:95c0::/32
2404:9a40::,2404:9a40:ffff:ffff:ffff:ffff:ffff:ffff,24049a40000000000000000000000000,24049a40ffffffffffffffffffffffff,32,中国香港,香港,,,香港,,,,country,,2404:9a40::/32
2404:9b80::,2404:9b80:ffff:ffff:ffff:ffff:ffff:ffff,24049b80000000000000000000000000,24049b80ffffffffffffffffffffffff,32,中国,,,,,,,,country,,2404:9b80::/32
2404:9c80::,2404:9c80:ffff:ffff:ffff:ffff:ffff:ffff,24049c80000000000000000000000000,24049c80ffffffffffffffffffffffff,32,中国,,,,,,,,country,,2404:9c80::/32
2404:9cc0::,2404:9cc0:ffff:ffff:ffff:ffff:ffff:ffff,24049cc0000000000000000000000000,24049cc0ffffffffffffffffffffffff,32,中国台湾,台湾,,,台湾,,,,country,,2404:9cc0::/32
2404:9e40::,2404:9e40:ffff:ffff:ffff:ffff:ffff:ffff,24049e40000000000000000000000000,24049e40ffffffffffffffffffffffff,32,中国台湾,台湾,,,台湾,,,,country,,2404:9e40::/32
2404:9ec0::,2404:9ec0:ffff:ffff:ffff:ffff:ffff:ffff,24049ec0000000000000000000000000,24049ec0ffffffffffffffffffffffff,32,中国香港,香港,,,香港,,,,country,,2404:9ec0::/32
2404:a000::,2404:a000:ffff:ffff:ffff:ffff:ffff:ffff,2404a000000000000000000000000000,2404a000ffffffffffffffffffffffff,32,中国,河南,平顶山,,,410400,33.766554,113.192595,city,,2404:a000::/32
2404:a080::,2404:a080:ffff:ffff:ffff:ffff:ffff:ffff,2404a080000000000000000000000000,2404a080ffffffffffffffffffffffff,32,中国,,,,,,,,country,,2404:a080::/32
2404:a0c0::,2404:a0c0:ffff:ffff:ffff:ffff:ffff:ffff,2404a0c0000000000000000000000000,2404a0c0ffffffffffffffffffffffff,32,中国,,,,,,,,country,,2404:a0c0::/32
2404:a140::,2404:a140:ffff:ffff:ffff:ffff:ffff:ffff,2404a140000000000000000000000000,2404a140ffffffffffffffffffffffff,32,中国香港,香港,,,香港,,,,country,,2404:a140::/32
2404:a180::,2404:a180:ffff:ffff:ffff:ffff:ffff:ffff,2404a180000000000000000000000000,2404a180ffffffffffffffffffffffff,32,中国,广东,深圳,,,440300,22.543527,114.057939,city,,2404:a180::/32
2404:a240::,2404:a240:ffff:ffff:ffff:ffff:ffff:ffff,2404a240000000000000000000000000,2404a240ffffffffffffffffffffffff,32,中国,,,,,,,,country,,2404:a240::/32
2404:a340::,2404:a340:ffff:ffff:ffff:ffff:ffff:ffff,2404a340000000000000000000000000,2404a340ffffffffffffffffffffffff,32,中国香港,香港,,,香港,,,,country,,2404:a340::/32
2404:a3c0::,2404:a3c0:ffff:ffff:ffff:ffff:ffff:ffff,2404a3c0000000000000000000000000,2404a3c0ffffffffffffffffffffffff,32,中国台湾,台湾,,,台湾,,,,country,,2404:a3c0::/32
2404:a740::,2404:a740:ffff:ffff:ffff:ffff:ffff:ffff,2404a740000000000000000000000000,2404a740ffffffffffffffffffffffff,32,中国,,,,,,,,country,,2404:a740::/32
2404:b100::,2404:b100:ffff:ffff:ffff:ffff:ffff:ffff,2404b100000000000000000000000000,2404b100ffffffffffffffffffffffff,32,中国,北京,,,,110000,39.904179,116.407387,province,,2404:b100::/32
2404:b340::,2404:b340:ffff:ffff:ffff:ffff:ffff:ffff,2404b340000000000000000000000000,2404b340ffffffffffffffffffffffff,32,中国,,,,,,,,country,,2404:b340::/32
2404:b3c0::,2404:b3c0:ffff:ffff:ffff:ffff:ffff:ffff,2404b3c0000000000000000000000000,2404b3c0ffffffffffffffffffffffff,32,中国,,,,,,,,country,,2404:b3c0::/32
2404:b440::,2404:b440:ffff:ffff:ffff:ffff:ffff:ffff,2404b440000000000000000000000000,2404b440ffffffffffffffffffffffff,32,中国,,,,,,,,country,,2404:b440::/32
2404:b4c0::,2404:b4c0:ffff:ffff:ffff:ffff:ffff:ffff,2404b4c0000000000000000000000000,2404b4c0ffffffffffffffffffffffff,32,中国,,,,,,,,country,,2404:b4c0::/32
2404:b900::,2404:b900:ffff:ffff:ffff:ffff:ffff:ffff,2404b900000000000000000000000000,2404b900ffffffffffffffffffffffff,32,中国,福建,厦门,,,350200,24.479627,118.08891,city,,2404:b900::/32
2404:bb40::,2404:bb40:ffff:ffff:ffff:ffff:ffff:ffff,2404bb40000000000000000000000000,2404bb40ffffffffffffffffffffffff,32,中国香港,香港,,,香港,,,,country,,2404:bb40::/32
2404:bb41::,2404:bb41:ffff:ffff:ffff:ffff:ffff:ffff,2404bb41000000000000000000000000,2404bb41ffffffffffffffffffffffff,32,中国香港,香港,,,香港,,,,country,,2404:bb41::/32
2404:bbc0::,2404:bbc0:ffff:ffff:ffff:ffff:ffff:ffff,2404bbc0000000000000000000000000,2404bbc0ffffffffffffffffffffffff,32,中国,,,,,,,,country,,2404:bbc0::/32
2404:bc40::,2404:bc40:ffff:ffff:ffff:ffff:ffff:ffff,2404bc40000000000000000000000000,2404bc40ffffffffffffffffffffffff,32,中国,,,,,,,,country,,2404:bc40::/32
2404:c140::,2404:c140:ffff:ffff:ffff:ffff:ffff:ffff,2404c140000000000000000000000000,2404c140ffffffffffffffffffffffff,32,中国香港,香港,,,香港,,,,country,,2404:c140::/32
2404:c1c0::,2404:c1c0:ffff:ffff:ffff:ffff:ffff:ffff,2404c1c0000000000000000000000000,2404c1c0ffffffffffffffffffffffff,32,中国,北京,,,,110000,39.904179,116.407387,province,,2404:c1c0::/32
2404:c240::,2404:c240:ffff:ffff:ffff:ffff:ffff:ffff,2404c240000000000000000000000000,2404c240ffffffffffffffffffffffff,32,中国,,,,,,,,country,,2404:c240::/32
2404:c2c0::,2404:c2c0:ffff:ffff:ffff:ffff:ffff:ffff,2404c2c0000000000000000000000000,2404c2c0ffffffffffffffffffffffff,32,中国,宁夏,中卫,,,640500,37.500185,105.19677,city,,2404:c2c0::/32
2404:c300::,2404:c300:ffff:ffff:ffff:ffff:ffff:ffff,2404c300000000000000000000000000,2404c300ffffffffffffffffffffffff,32,中国,山西,晋城,,,140500,35.491315,112.852022,city,,2404:c300::/32
2404:c3c0::,2404:c3c0:ffff:ffff:ffff:ffff:ffff:ffff,2404c3c0000000000000000000000000,2404c3c0ffffffffffffffffffffffff,32,中国,,,,,,,,country,,2404:c3c0::/32
2404:c440::,2404:c440:ffff:ffff:ffff:ffff:ffff:ffff,2404c440000000000000000000000000,2404c440ffffffffffffffffffffffff,32,中国,,,,,,,,country,,2404:c440::/32
2404:c4c0::,2404:c4c0:ffff:ffff:ffff:ffff:ffff:ffff,2404c4c0000000000000000000000000,2404c4c0ffffffffffffffffffffffff,32,中国,,,,,,,,country,,2404:c4c0::/32
2404:c540::,2404:c540:ffff:ffff:ffff:ffff:ffff:ffff,2404c540000000000000000000000000,2404c540ffffffffffffffffffffffff,32,中国,,,,,,,,country,,2404:c540::/32
2404:c5c0::,2404:c5c0:ffff:ffff:ffff:ffff:ffff:ffff,2404c5c0000000000000000000000000,2404c5c0ffffffffffffffffffffffff,32,中国,河北,廊坊,三河,,131082,39.982933,117.078269,district,,2404:c5c0::/32
2404:c640::,2404:c640:ffff:ffff:ffff:ffff:ffff:ffff,2404c640000000000000000000000000,2404c640ffffffffffffffffffffffff,32,中国,,,,,,,,country,,2404:c640::/32
2404:c680::,2404:c680:ffff:ffff:ffff:ffff:ffff:ffff,2404c680000000000000000000000000,2404c680ffffffffffffffffffffffff,32,中国香港,香港,,,香港,,,,country,,2404:c680::/32
2404:c740::,2404:c740:ffff:ffff:ffff:ffff:ffff:ffff,2404c740000000000000000000000000,2404c740ffffffffffffffffffffffff,32,中国台湾,台湾,,,台湾,,,,country,,2404:c740::/32
2404:c7c0::,2404:c7c0:ffff:ffff:ffff:ffff:ffff:ffff,2404c7c0000000000000000000000000,2404c7c0ffffffffffffffffffffffff,32,中国台湾,台湾,,,台湾,,,,country,,2404:c7c0::/32
2404:c800::,2404:c800:ffff:ffff:ffff:ffff:ffff:ffff,2404c800000000000000000000000000,2404c800ffffffffffffffffffffffff,32,中国香港,香港,,,香港,,,,country,,2404:c800::/32
2404:c801::,2404:c801:ffff:ffff:ffff:ffff:ffff:ffff,2404c801000000000000000000000000,2404c801ffffffffffffffffffffffff,32,中国香港,香港,,,香港,,,,country,,2404:c801::/32
2404:c802::,2404:c803:ffff:ffff:ffff:ffff:ffff:ffff,2404c802000000000000000000000000,2404c803ffffffffffffffffffffffff,31,中国香港,香港,,,香港,,,,country,,2404:c802::/31
2404:c804::,2404:c807:ffff:ffff:ffff:ffff:ffff:ffff,2404c804000000000000000000000000,2404c807ffffffffffffffffffffffff,30,中国香港,香港,,,香港,,,,country,,2404:c804::/30
2404:c940::,2404:c940:ffff:ffff:ffff:ffff:ffff:ffff,2404c940000000000000000000000000,2404c940ffffffffffffffffffffffff,32,中国,,,,,,,,country,,2404:c940::/32
2404:c9c0::,2404:c9c0:ffff:ffff:ffff:ffff:ffff:ffff,2404c9c0000000000000000000000000,2404c9c0ffffffffffffffffffffffff,32,中国,,,,,,,,country,,2404:c9c0::/32
2404:ccc0::,2404:ccc0:ffff:ffff:ffff:ffff:ffff:ffff,2404ccc0000000000000000000000000,2404ccc0ffffffffffffffffffffffff,32,中国香港,香港,,,香港,,,,country,,2404:ccc0::/32
2404:cd00::,2404:cd00:ffff:ffff:ffff:ffff:ffff:ffff,2404cd00000000000000000000000000,2404cd00ffffffffffffffffffffffff,32,中国,江苏,南京,,,320100,32.059344,118.796624,city,,2404:cd00::/32
2404:d040::,2404:d040:ffff:ffff:ffff:ffff:ffff:ffff,2404d040000000000000000000000000,2404d040ffffffffffffffffffffffff,32,中国,,,,,,,,country,,2404:d040::/32
2404:d080::,2404:d080:ffff:ffff:ffff:ffff:ffff:ffff,2404d080000000000000000000000000,2404d080ffffffffffffffffffffffff,32,中国,,,,,,,,country,,2404:d080::/32
2404:d140::,2404:d140:ffff:ffff:ffff:ffff:ffff:ffff,2404d140000000000000000000000000,2404d140ffffffffffffffffffffffff,32,中国,,,,,,,,country,,2404:d140::/32
2404:d180::,2404:d180:ffff:ffff:ffff:ffff:ffff:ffff,2404d180000000000000000000000000,2404d180ffffffffffffffffffffffff,32,中国香港,香港,,,香港,,,,country,,2404:d180::/32
2404:d280::,2404:d280:ffff:ffff:ffff:ffff:ffff:ffff,2404d280000000000000000000000000,2404d280ffffffffffffffffffffffff,32,中国,,,,,,,,country,,2404:d280::/32
2404:d2c0::,2404:d2c0:ffff:ffff:ffff:ffff:ffff:ffff,2404d2c0000000000000000000000000,2404d2c0ffffffffffffffffffffffff,32,中国台湾,台湾,,,台湾,,,,country,,2404:d2c0::/32
2404:d3c0::,2404:d3c0:ffff:ffff:ffff:ffff:ffff:ffff,2404d3c0000000000000000000000000,2404d3c0ffffffffffffffffffffffff,32,中国,,,,,,,,country,,2404:d3c0::/32
2404:d640::,2404:d640:ffff:ffff:ffff:ffff:ffff:ffff,2404d640000000000000000000000000,2404d640ffffffffffffffffffffffff,32,中国,,,,,,,,country,,2404:d640::/32
2404:d6c0::,2404:d6c0:ffff:ffff:ffff:ffff:ffff:ffff,2404d6c0000000000000000000000000,2404d6c0ffffffffffffffffffffffff,32,中国,,,,,,,,country,,2404:d6c0::/32
2404:d7c0::,2404:d7c0:ffff:ffff:ffff:ffff:ffff:ffff,2404d7c0000000000000000000000000,2404d7c0ffffffffffffffffffffffff,32,中国,,,,,,,,country,,2404:d7c0::/32
2404:d840::,2404:d840:ffff:ffff:ffff:ffff:ffff:ffff,2404d840000000000000000000000000,2404d840ffffffffffffffffffffffff,32,中国,,,,,,,,country,,2404:d840::/32
2404:da80::,2404:da80:ffff:ffff:ffff:ffff:ffff:ffff,2404da80000000000000000000000000,2404da80ffffffffffffffffffffffff,32,中国香港,香港,,,香港,,,,country,,2404:da80::/32
2404:db00::,2404:db00:ffff:ffff:ffff:ffff:ffff:ffff,2404db00000000000000000000000000,2404db00ffffffffffffffffffffffff,32,中国台湾,台湾,,,台湾,,,,country,,2404:db00::/32
2404:dd80::,2404:dd80:ffff:ffff:ffff:ffff:ffff:ffff,2404dd80000000000000000000000000,2404dd80ffffffffffffffffffffffff,32,中国,,,,,,,,country,,2404:dd80::/32
2404:de80::,2404:de80:ffff:ffff:ffff:ffff:ffff:ffff,2404de80000000000000000000000000,2404de80ffffffffffffffffffffffff,32,中国香港,香港,,,香港,,,,country,,2404:de80::/32
2404:df00::,2404:df00:ffff:ffff:ffff:ffff:ffff:ffff,2404df00000000000000000000000000,2404df00ffffffffffffffffffffffff,32,中国,北京,,,,110000,39.904179,116.407387,province,,2404:df00::/32
2404:e280::,2404:e280:ffff:ffff:ffff:ffff:ffff:ffff,2404e280000000000000000000000000,2404e280ffffffffffffffffffffffff,32,中国,北京,,,,110000,39.904179,116.407387,province,,2404:e280::/32
2404:e540::,2404:e540:ffff:ffff:ffff:ffff:ffff:ffff,2404e540000000000000000000000000,2404e540ffffffffffffffffffffffff,32,中国,,,,,,,,country,,2404:e540::/32
2404:e5c0::,2404:e5c0:ffff:ffff:ffff:ffff:ffff:ffff,2404e5c0000000000000000000000000,2404e5c0ffffffffffffffffffffffff,32,中国,,,,,,,,country,,2404:e5c0::/32
2404:e780::,2404:e780:ffff:ffff:ffff:ffff:ffff:ffff,2404e780000000000000000000000000,2404e780ffffffffffffffffffffffff,32,中国,北京,,,,110000,39.904179,116.407387,province,,2404:e780::/32
2404:e880::,2404:e880:ffff:ffff:ffff:ffff:ffff:ffff,2404e880000000000000000000000000,2404e880ffffffffffffffffffffffff,32,中国,,,,,,,,country,,2404:e880::/32
2404:e8c0::,2404:e8c0:ffff:ffff:ffff:ffff:ffff:ffff,2404e8c0000000000000000000000000,2404e8c0ffffffffffffffffffffffff,32,中国,,,,,,,,country,,2404:e8c0::/32
2404:ea80::,2404:ea80:ffff:ffff:ffff:ffff:ffff:ffff,2404ea80000000000000000000000000,2404ea80ffffffffffffffffffffffff,32,中国香港,香港,,,香港,,,,country,,2404:ea80::/32
2404:eb80::,2404:eb80:ffff:ffff:ffff:ffff:ffff:ffff,2404eb80000000000000000000000000,2404eb80ffffffffffffffffffffffff,32,中国,,,,,,,,country,,2404:eb80::/32
2404:ec40::,2404:ec40:ffff:ffff:ffff:ffff:ffff:ffff,2404ec40000000000000000000000000,2404ec40ffffffffffffffffffffffff,32,中国,,,,,,,,country,,2404:ec40::/32
2404:ecc0::,2404:ecc0:ffff:ffff:ffff:ffff:ffff:ffff,2404ecc0000000000000000000000000,2404ecc0ffffffffffffffffffffffff,32,中国,,,,,,,,country,,2404:ecc0::/32
2404:edc0::,2404:edc0:ffff:ffff:ffff:ffff:ffff:ffff,2404edc0000000000000000000000000,2404edc0ffffffffffffffffffffffff,32,中国,,,,,,,,country,,2404:edc0::/32
2404:ee00::,2404:ee00:ffff:ffff:ffff:ffff:ffff:ffff,2404ee00000000000000000000000000,2404ee00ffffffffffffffffffffffff,32,中国香港,香港,,,香港,,,,country,,2404:ee00::/32
2404:f040::,2404:f040:ffff:ffff:ffff:ffff:ffff:ffff,2404f040000000000000000000000000,2404f040ffffffffffffffffffffffff,32,中国,,,,,,,,country,,2404:f040::/32
2404:f4c0::,2404:f4c0:ffff:ffff:ffff:ffff:ffff:ffff,2404f4c0000000000000000000000000,2404f4c0ffffffffffffffffffffffff,32,中国,湖北,武汉,,,420100,30.593354,114.304569,city,,2404:f4c0::/32
2404:f7c0::,2404:f7c0:ffff:ffff:ffff:ffff:ffff:ffff,2404f7c0000000000000000000000000,2404f7c0ffffffffffffffffffffffff,32,中国,,,,,,,,country,,2404:f7c0::/32
2404:f880::,2404:f880:ffff:ffff:ffff:ffff:ffff:ffff,2404f880000000000000000000000000,2404f880ffffffffffffffffffffffff,32,中国香港,香港,,,香港,,,,country,,2404:f880::/32
2404:fc00::,2404:fc00:ffff:ffff:ffff:ffff:ffff:ffff,2404fc00000000000000000000000000,2404fc00ffffffffffffffffffffffff,32,中国香港,香港,,,香港,,,,country,,2404:fc00::/32
2404:ff80::,2404:ff80:ffff:ffff:ffff:ffff:ffff:ffff,2404ff80000000000000000000000000,2404ff80ffffffffffffffffffffffff,32,中国香港,香港,,,香港,,,,country,,2404:ff80::/32
2405:40::,2405:40:ffff:ffff:ffff:ffff:ffff:ffff,24050040000000000000000000000000,24050040ffffffffffffffffffffffff,32,中国香港,香港,,,香港,,,,country,,2405:40::/32
2405:80::,2405:80:ffff:ffff:ffff:ffff:ffff:ffff,24050080000000000000000000000000,24050080ffffffffffffffffffffffff,32,中国,,,,,,,,country,,2405:80::/32
2405:480::,2405:480:ffff:ffff:ffff:ffff:ffff:ffff,24050480000000000000000000000000,24050480ffffffffffffffffffffffff,32,中国,江苏,南通,,,320600,31.981269,120.894522,city,,2405:480::/32
2405:580::,2405:580:ffff:ffff:ffff:ffff:ffff:ffff,24050580000000000000000000000000,24050580ffffffffffffffffffffffff,32,中国,湖北,襄阳,,,420600,32.010161,112.121743,city,,2405:580::/32
2405:680::,2405:680:ffff:ffff:ffff:ffff:ffff:ffff,24050680000000000000000000000000,24050680ffffffffffffffffffffffff,32,中国,江苏,常州,,,320400,31.811313,119.974092,city,,2405:680::/32
2405:6c0::,2405:6c0:ffff:ffff:ffff:ffff:ffff:ffff,240506c0000000000000000000000000,240506c0ffffffffffffffffffffffff,32,中国,上海,,,,310000,31.230525,121.473667,province,,2405:6c0::/32
2405:740::,2405:740:ffff:ffff:ffff:ffff:ffff:ffff,24050740000000000000000000000000,24050740ffffffffffffffffffffffff,32,中国台湾,台湾,,,台湾,,,,country,,2405:740::/32
2405:780::,2405:780:ffff:ffff:ffff:ffff:ffff:ffff,24050780000000000000000000000000,24050780ffffffffffffffffffffffff,32,中国,重庆,,,,500000,29.56268,106.551787,province,,2405:780::/32
2405:880::,2405:880:ffff:ffff:ffff:ffff:ffff:ffff,24050880000000000000000000000000,24050880ffffffffffffffffffffffff,32,中国,辽宁,大连,,,210200,38.913962,121.614786,city,,2405:880::/32
2405:940::,2405:940:ffff:ffff:ffff:ffff:ffff:ffff,24050940000000000000000000000000,24050940ffffffffffffffffffffffff,32,中国,,,,,,,,country,,2405:940::/32
2405:980::,2405:980:ffff:ffff:ffff:ffff:ffff:ffff,24050980000000000000000000000000,24050980ffffffffffffffffffffffff,32,中国,山西,大同,,,140200,40.09711,113.366749,city,,2405:980::/32
2405:9c0::,2405:9c0:ffff:ffff:ffff:ffff:ffff:ffff,240509c0000000000000000000000000,240509c0ffffffffffffffffffffffff,32,中国,,,,,,,,country,,2405:9c0::/32
2405:a00::,2405:a00:ffff:ffff:ffff:ffff:ffff:ffff,24050a00000000000000000000000000,24050a00ffffffffffffffffffffffff,32,中国台湾,台湾,,,台湾,,,,country,,2405:a00::/32
2405:a80::,2405:a80:ffff:ffff:ffff:ffff:ffff:ffff,24050a80000000000000000000000000,24050a80ffffffffffffffffffffffff,32,中国,山东,东营,,,370500,37.433992,118.674633,city,,2405:a80::/32
2405:b80::,2405:b80:ffff:ffff:ffff:ffff:ffff:ffff,24050b80000000000000000000000000,24050b80ffffffffffffffffffffffff,32,中国,广东,佛山,,,440600,23.021351,113.121586,city,,2405:b80::/32
2405:c80::,2405:c80:ffff:ffff:ffff:ffff:ffff:ffff,24050c80000000000000000000000000,24050c80ffffffffffffffffffffffff,32,中国,辽宁,抚顺,,,210400,41.881311,123.957053,city,,2405:c80::/32
2405:d80::,2405:d80:ffff:ffff:ffff:ffff:ffff:ffff,24050d80000000000000000000000000,24050d80ffffffffffffffffffffffff,32,中国,广东,广州,番禺,,440113,22.93756,113.383917,district,,2405:d80::/32
2405:dc0::,2405:dc0:ffff:ffff:ffff:ffff:ffff:ffff,24050dc0000000000000000000000000,24050dc0ffffffffffffffffffffffff,32,中国香港,香港,,,香港,,,,country,,2405:dc0::/32
2405:e80::,2405:e80:ffff:ffff:ffff:ffff:ffff:ffff,24050e80000000000000000000000000,24050e80ffffffffffffffffffffffff,32,中国,贵州,贵阳,,,520100,26.646694,106.628201,city,,2405:e80::/32
2405:f80::,2405:f80:ffff:ffff:ffff:ffff:ffff:ffff,24050f80000000000000000000000000,24050f80ffffffffffffffffffffffff,32,中国,黑龙江,哈尔滨,,,230100,45.802981,126.53505,city,,2405:f80::/32
2405:1080::,2405:1080:ffff:ffff:ffff:ffff:ffff:ffff,24051080000000000000000000000000,24051080ffffffffffffffffffffffff,32,中国,河北,邯郸,,,130400,36.625849,114.53915,city,,2405:1080::/32
2405:1180::,2405:1180:ffff:ffff:ffff:ffff:ffff:ffff,24051180000000000000000000000000,24051180ffffffffffffffffffffffff,32,中国,湖南,衡阳,,,430400,26.894216,112.572016,city,,2405:1180::/32
2405:1280::,2405:1280:ffff:ffff:ffff:ffff:ffff:ffff,24051280000000000000000000000000,24051280ffffffffffffffffffffffff,32,中国,江苏,淮安,,,320800,33.551495,119.113166,city,,2405:1280::/32
2405:1380::,2405:1380:ffff:ffff:ffff:ffff:ffff:ffff,24051380000000000000000000000000,24051380ffffffffffffffffffffffff,32,中国,广东,惠州,,,441300,23.112368,114.415587,city,,2405:1380::/32
2405:1400::,2405:1400:ffff:ffff:ffff:ffff:ffff:ffff,24051400000000000000000000000000,24051400ffffffffffffffffffffffff,32,中国香港,香港,,,香港,,,,country,,2405:1400::/32
2405:1480::,2405:1480:ffff:ffff:ffff:ffff:ffff:ffff,24051480000000000000000000000000,24051480ffffffffffffffffffffffff,32,中国,湖北,荆门,,,420800,31.035445,112.199009,city,,2405:1480::/32
2405:1580::,2405:1580:ffff:ffff:ffff:ffff:ffff:ffff,24051580000000000000000000000000,24051580ffffffffffffffffffffffff,32,中国,浙江,金华,,,330700,29.079195,119.647265,city,,2405:1580::/32
2405:1680::,2405:1680:ffff:ffff:ffff:ffff:ffff:ffff,24051680000000000000000000000000,24051680ffffffffffffffffffffffff,32,中国,山东,济宁,,,370800,35.415117,116.587116,city,,2405:1680::/32
2405:1740::,2405:1740:ffff:ffff:ffff:ffff:ffff:ffff,24051740000000000000000000000000,24051740ffffffffffffffffffffffff,32,中国台湾,台湾,,,台湾,,,,country,,2405:1740::/32
2405:18c0::,2405:18c0:ffff:ffff:ffff:ffff:ffff:ffff,240518c0000000000000000000000000,240518c0ffffffffffffffffffffffff,32,中国,,,,,,,,country,,2405:18c0::/32
2405:1940::,2405:1940:ffff:ffff:ffff:ffff:ffff:ffff,24051940000000000000000000000000,24051940ffffffffffffffffffffffff,32,中国香港,香港,,,香港,,,,country,,2405:1940::/32
2405:1c00::,2405:1c00:ffff:ffff:ffff:ffff:ffff:ffff,24051c00000000000000000000000000,24051c00ffffffffffffffffffffffff,32,中国香港,香港,,,香港,,,,country,,2405:1c00::/32
2405:1c80::,2405:1c80:ffff:ffff:ffff:ffff:ffff:ffff,24051c80000000000000000000000000,24051c80ffffffffffffffffffffffff,32,中国,河北,廊坊,,,131000,39.538304,116.683546,city,,2405:1c80::/32
2405:1d80::,2405:1d80:ffff:ffff:ffff:ffff:ffff:ffff,24051d80000000000000000000000000,24051d80ffffffffffffffffffffffff,32,中国,江苏,连云港,,,320700,34.596639,119.221487,city,,2405:1d80::/32
2405:1e80::,2405:1e80:ffff:ffff:ffff:ffff:ffff:ffff,24051e80000000000000000000000000,24051e80ffffffffffffffffffffffff,32,中国,山西,临汾,,,141000,36.088581,111.51931,city,,2405:1e80::/32
2405:1f80::,2405:1f80:ffff:ffff:ffff:ffff:ffff:ffff,24051f80000000000000000000000000,24051f80ffffffffffffffffffffffff,32,中国,山东,临沂,,,371300,35.103771,118.356464,city,,2405:1f80::/32
2405:1fc0::,2405:1fc0:ffff:ffff:ffff:ffff:ffff:ffff,24051fc0000000000000000000000000,24051fc0ffffffffffffffffffffffff,32,中国,广东,深圳,,,440300,22.543527,114.057939,city,,2405:1fc0::/32
2405:2080::,2405:2080:ffff:ffff:ffff:ffff:ffff:ffff,24052080000000000000000000000000,24052080ffffffffffffffffffffffff,32,中国,广西,南宁,,,450100,22.8177,108.366407,city,,2405:2080::/32
2405:2180::,2405:2180:ffff:ffff:ffff:ffff:ffff:ffff,24052180000000000000000000000000,24052180ffffffffffffffffffffffff,32,中国,浙江,宁波,,,330200,29.860258,121.62454,city,,2405:2180::/32
2405:2280::,2405:2280:ffff:ffff:ffff:ffff:ffff:ffff,24052280000000000000000000000000,24052280ffffffffffffffffffffffff,32,中国,黑龙江,齐齐哈尔,,,230200,47.354892,123.918193,city,,2405:2280::/32
2405:2340::,2405:2340:ffff:ffff:ffff:ffff:ffff:ffff,24052340000000000000000000000000,24052340ffffffffffffffffffffffff,32,中国,,,,,,,,country,,2405:2340::/32
2405:2380::,2405:2380:ffff:ffff:ffff:ffff:ffff:ffff,24052380000000000000000000000000,24052380ffffffffffffffffffffffff,32,中国,上海,上海,静安,,310106,31.227718,121.447348,district,,2405:2380::/32
2405:2480::,2405:2480:ffff:ffff:ffff:ffff:ffff:ffff,24052480000000000000000000000000,24052480ffffffffffffffffffffffff,32,中国,广东,深圳,宝安,,440306,22.554986,113.883831,district,,2405:2480::/32
2405:24c0::,2405:24c0:ffff:ffff:ffff:ffff:ffff:ffff,240524c0000000000000000000000000,240524c0ffffffffffffffffffffffff,32,中国,,,,,,,,country,,2405:24c0::/32
2405:2580::,2405:2580:ffff:ffff:ffff:ffff:ffff:ffff,24052580000000000000000000000000,24052580ffffffffffffffffffffffff,32,中国,河北,石家庄,,,130100,38.042007,114.514976,city,,2405:2580::/32
2405:2680::,2405:2680:ffff:ffff:ffff:ffff:ffff:ffff,24052680000000000000000000000000,24052680ffffffffffffffffffffffff,32,中国,浙江,台州,,,331000,28.655716,121.42079,city,,2405:2680::/32
2405:2780::,2405:2780:ffff:ffff:ffff:ffff:ffff:ffff,24052780000000000000000000000000,24052780ffffffffffffffffffffffff,32,中国,安徽,芜湖,,,340200,31.352614,118.433065,city,,2405:2780::/32
2405:2880::,2405:2880:ffff:ffff:ffff:ffff:ffff:ffff,24052880000000000000000000000000,24052880ffffffffffffffffffffffff,32,中国,江苏,盐城,,,320900,33.348176,120.16263,city,,2405:2880::/32
2405:2980::,2405:2980:ffff:ffff:ffff:ffff:ffff:ffff,24052980000000000000000000000000,24052980ffffffffffffffffffffffff,32,中国,山西,运城,,,140800,35.02667,111.007051,city,,2405:2980::/32
2405:2a80::,2405:2a80:ffff:ffff:ffff:ffff:ffff:ffff,24052a80000000000000000000000000,24052a80ffffffffffffffffffffffff,32,中国,江苏,镇江,,,321100,32.188141,119.424441,city,,2405:2a80::/32
2405:2b80::,2405:2b80:ffff:ffff:ffff:ffff:ffff:ffff,24052b80000000000000000000000000,24052b80ffffffffffffffffffffffff,32,中国,吉林,吉林市,,,220200,43.838132,126.549719,city,,2405:2b80::/32
2405:2bc0::,2405:2bc0:ffff:ffff:ffff:ffff:ffff:ffff,24052bc0000000000000000000000000,24052bc0ffffffffffffffffffffffff,32,中国,,,,,,,,country,,2405:2bc0::/32
2405:2c80::,2405:2c80:ffff:ffff:ffff:ffff:ffff:ffff,24052c80000000000000000000000000,24052c80ffffffffffffffffffffffff,32,中国,辽宁,鞍山,,,210300,41.108239,122.994183,city,,2405:2c80::/32
2405:2d80::,2405:2d80:ffff:ffff:ffff:ffff:ffff:ffff,24052d80000000000000000000000000,24052d80ffffffffffffffffffffffff,32,中国,内蒙古,包头,,,150200,40.621327,109.95315,city,,2405:2d80::/32
2405:2e80::,2405:2e80:ffff:ffff:ffff:ffff:ffff:ffff,24052e80000000000000000000000000,24052e80ffffffffffffffffffffffff,32,中国,湖南,常德,,,430700,29.031446,111.69905,city,,2405:2e80::/32
2405:2ec0::,2405:2ec0:ffff:ffff:ffff:ffff:ffff:ffff,24052ec0000000000000000000000000,24052ec0ffffffffffffffffffffffff,32,中国,,,,,,,,country,,2405:2ec0::/32
2405:2f40::,2405:2f40:ffff:ffff:ffff:ffff:ffff:ffff,24052f40000000000000000000000000,24052f40ffffffffffffffffffffffff,32,中国,,,,,,,,country,,2405:2f40::/32
2405:2f80::,2405:2f80:ffff:ffff:ffff:ffff:ffff:ffff,24052f80000000000000000000000000,24052f80ffffffffffffffffffffffff,32,中国,湖南,长沙,,,430100,28.228304,112.938882,city,,2405:2f80::/32
2405:3000::,2405:3000:ffff:ffff:ffff:ffff:ffff:ffff,24053000000000000000000000000000,24053000ffffffffffffffffffffffff,32,中国香港,香港,,,香港,,,,country,,2405:3000::/32
2405:3001::,2405:3001:ffff:ffff:ffff:ffff:ffff:ffff,24053001000000000000000000000000,24053001ffffffffffffffffffffffff,32,中国香港,香港,,,香港,,,,country,,2405:3001::/32
2405:3140::,2405:3140:ffff:ffff:ffff:ffff:ffff:ffff,24053140000000000000000000000000,24053140ffffffffffffffffffffffff,32,中国,上海,,,,310000,31.230525,121.473667,province,,2405:3140::/32
2405:31c0::,2405:31c0:ffff:ffff:ffff:ffff:ffff:ffff,240531c0000000000000000000000000,240531c0ffffffffffffffffffffffff,32,中国,,,,,,,,country,,2405:31c0::/32
2405:3300::,2405:3300:ffff:ffff:ffff:ffff:ffff:ffff,24053300000000000000000000000000,24053300ffffffffffffffffffffffff,32,中国台湾,台湾,,,台湾,,,,country,,2405:3300::/32
2405:37c0::,2405:37c0:ffff:ffff:ffff:ffff:ffff:ffff,240537c0000000000000000000000000,240537c0ffffffffffffffffffffffff,32,中国,,,,,,,,country,,2405:37c0::/32
2405:3880::,2405:3880:ffff:ffff:ffff:ffff:ffff:ffff,24053880000000000000000000000000,24053880ffffffffffffffffffffffff,32,中国,四川,成都,,,510100,30.572961,104.066301,city,,2405:3880::/32
2405:3980::,2405:3980:ffff:ffff:ffff:ffff:ffff:ffff,24053980000000000000000000000000,24053980ffffffffffffffffffffffff,32,中国,云南,大理,大理市,,532901,25.678466,100.301614,district,,2405:3980::/32
2405:39c0::,2405:39c0:ffff:ffff:ffff:ffff:ffff:ffff,240539c0000000000000000000000000,240539c0ffffffffffffffffffffffff,32,中国,,,,,,,,country,,2405:39c0::/32
2405:3a80::,2405:3a80:ffff:ffff:ffff:ffff:ffff:ffff,24053a80000000000000000000000000,24053a80ffffffffffffffffffffffff,32,中国,广东,东莞,,,441900,23.021016,113.751884,city,,2405:3a80::/32
2405:3ac0::,2405:3ac0:ffff:ffff:ffff:ffff:ffff:ffff,24053ac0000000000000000000000000,24053ac0ffffffffffffffffffffffff,32,中国,,,,,,,,country,,2405:3ac0::/32
2405:3b00::,2405:3b00:ffff:ffff:ffff:ffff:ffff:ffff,24053b00000000000000000000000000,24053b00ffffffffffffffffffffffff,32,中国,北京,,,,110000,39.904179,116.407387,province,,2405:3b00::/32
2405:3b80::,2405:3b80:ffff:ffff:ffff:ffff:ffff:ffff,24053b80000000000000000000000000,24053b80ffffffffffffffffffffffff,32,中国,湖北,恩施,恩施市,,422801,30.295148,109.479572,district,,2405:3b80::/32
2405:3bc0::,2405:3bc0:ffff:ffff:ffff:ffff:ffff:ffff,24053bc0000000000000000000000000,24053bc0ffffffffffffffffffffffff,32,中国,,,,,,,,country,,2405:3bc0::/32
2405:3c40::,2405:3c40:ffff:ffff:ffff:ffff:ffff:ffff,24053c40000000000000000000000000,24053c40ffffffffffffffffffffffff,32,中国,,,,,,,,country,,2405:3c40::/32
2405:3c80::,2405:3c80:ffff:ffff:ffff:ffff:ffff:ffff,24053c80000000000000000000000000,24053c80ffffffffffffffffffffffff,32,中国,湖北,鄂州,,,420700,30.391461,114.894909,city,,2405:3c80::/32
2405:3d80::,2405:3d80:ffff:ffff:ffff:ffff:ffff:ffff,24053d80000000000000000000000000,24053d80ffffffffffffffffffffffff,32,中国,福建,福州,,,350100,26.074286,119.296411,city,,2405:3d80::/32
2405:3e00::,2405:3e00:ffff:ffff:ffff:ffff:ffff:ffff,24053e00000000000000000000000000,24053e00ffffffffffffffffffffffff,32,中国香港,香港,,,香港,,,,country,,2405:3e00::/32
2405:3e80::,2405:3e80:ffff:ffff:ffff:ffff:ffff:ffff,24053e80000000000000000000000000,24053e80ffffffffffffffffffffffff,32,中国,广东,广州,越秀,,440104,23.128673,113.267065,district,,2405:3e80::/32
2405:3ec0::,2405:3ec0:ffff:ffff:ffff:ffff:ffff:ffff,24053ec0000000000000000000000000,24053ec0ffffffffffffffffffffffff,32,中国台湾,台湾,,,台湾,,,,country,,2405:3ec0::/32
2405:3f40::,2405:3f40:ffff:ffff:ffff:ffff:ffff:ffff,24053f40000000000000000000000000,24053f40ffffffffffffffffffffffff,32,中国,,,,,,,,country,,2405:3f40::/32
2405:3f80::,2405:3f80:ffff:ffff:ffff:ffff:ffff:ffff,24053f80000000000000000000000000,24053f80ffffffffffffffffffffffff,32,中国,广东,广州,天河,,440106,23.124817,113.361597,district,,2405:3f80::/32
2405:4080::,2405:4080:ffff:ffff:ffff:ffff:ffff:ffff,24054080000000000000000000000000,24054080ffffffffffffffffffffffff,32,中国,广西,桂林,,,450300,25.235615,110.179752,city,,2405:4080::/32
2405:4140::,2405:4140:ffff:ffff:ffff:ffff:ffff:ffff,24054140000000000000000000000000,24054140ffffffffffffffffffffffff,32,中国,,,,,,,,country,,2405:4140::/32
2405:4180::,2405:4180:ffff:ffff:ffff:ffff:ffff:ffff,24054180000000000000000000000000,24054180ffffffffffffffffffffffff,32,中国,海南,海口,,,460100,20.046316,110.200162,city,,2405:4180::/32
2405:41c0::,2405:41c0:ffff:ffff:ffff:ffff:ffff:ffff,240541c0000000000000000000000000,240541c0ffffffffffffffffffffffff,32,中国,,,,,,,,country,,2405:41c0::/32
2405:4280::,2405:4280:ffff:ffff:ffff:ffff:ffff:ffff,24054280000000000000000000000000,24054280ffffffffffffffffffffffff,32,中国,安徽,合肥,,,340100,31.820567,117.227267,city,,2405:4280::/32
2405:4380::,2405:4380:ffff:ffff:ffff:ffff:ffff:ffff,24054380000000000000000000000000,24054380ffffffffffffffffffffffff,32,中国,湖南,怀化,,,431200,27.569813,110.001598,city,,2405:4380::/32
2405:4480::,2405:4480:ffff:ffff:ffff:ffff:ffff:ffff,24054480000000000000000000000000,24054480ffffffffffffffffffffffff,32,中国,湖北,黄石,,,420200,30.201082,115.038999,city,,2405:4480::/32
2405:44c0::,2405:44c0:ffff:ffff:ffff:ffff:ffff:ffff,240544c0000000000000000000000000,240544c0ffffffffffffffffffffffff,32,中国,,,,,,,,country,,2405:44c0::/32
2405:4500::,2405:4500:ffff:ffff:ffff:ffff:ffff:ffff,24054500000000000000000000000000,24054500ffffffffffffffffffffffff,32,中国台湾,台湾,,,台湾,,,,country,,2405:4500::/32
2405:4540::,2405:4540:ffff:ffff:ffff:ffff:ffff:ffff,24054540000000000000000000000000,24054540ffffffffffffffffffffffff,32,中国,,,,,,,,country,,2405:4540::/32
2405:4580::,2405:4580:ffff:ffff:ffff:ffff:ffff:ffff,24054580000000000000000000000000,24054580ffffffffffffffffffffffff,32,中国,内蒙古,呼和浩特,,,150100,40.842127,111.748814,city,,2405:4580::/32
2405:4680::,2405:4680:ffff:ffff:ffff:ffff:ffff:ffff,24054680000000000000000000000000,24054680ffffffffffffffffffffffff,32,中国,浙江,湖州,,,330500,30.894178,120.086881,city,,2405:4680::/32
2405:4780::,2405:4780:ffff:ffff:ffff:ffff:ffff:ffff,24054780000000000000000000000000,24054780ffffffffffffffffffffffff,32,中国,广东,江门,,,440700,22.578948,113.081548,city,,2405:4780::/32
2405:4880::,2405:4880:ffff:ffff:ffff:ffff:ffff:ffff,24054880000000000000000000000000,24054880ffffffffffffffffffffffff,32,中国,江苏,无锡,江阴,,320281,31.921642,120.284794,district,,2405:4880::/32
2405:4980::,2405:4980:ffff:ffff:ffff:ffff:ffff:ffff,24054980000000000000000000000000,24054980ffffffffffffffffffffffff,32,中国,浙江,嘉兴,,,330400,30.746814,120.755623,city,,2405:4980::/32
2405:4a80::,2405:4a80:ffff:ffff:ffff:ffff:ffff:ffff,24054a80000000000000000000000000,24054a80ffffffffffffffffffffffff,32,中国,吉林,吉林市,,,220200,43.838132,126.549719,city,,2405:4a80::/32
2405:4b80::,2405:4b80:ffff:ffff:ffff:ffff:ffff:ffff,24054b80000000000000000000000000,24054b80ffffffffffffffffffffffff,32,中国,湖北,荆州,,,421000,30.336282,112.24143,city,,2405:4b80::/32
2405:4d00::,2405:4d00:ffff:ffff:ffff:ffff:ffff:ffff,24054d00000000000000000000000000,24054d00ffffffffffffffffffffffff,32,中国台湾,台湾,,,台湾,,,,country,,2405:4d00::/32
2405:4d40::,2405:4d40:ffff:ffff:ffff:ffff:ffff:ffff,24054d40000000000000000000000000,24054d40ffffffffffffffffffffffff,32,中国,,,,,,,,country,,2405:4d40::/32
2405:4e80::,2405:4e80:ffff:ffff:ffff:ffff:ffff:ffff,24054e80000000000000000000000000,24054e80ffffffffffffffffffffffff,32,中国,云南,昆明,,,530100,24.88149,102.833669,city,,2405:4e80::/32
2405:4f80::,2405:4f80:ffff:ffff:ffff:ffff:ffff:ffff,24054f80000000000000000000000000,24054f80ffffffffffffffffffffffff,32,中国,江苏,苏州,昆山,,320583,31.385476,120.980795,district,,2405:4f80::/32
2405:5080::,2405:5080:ffff:ffff:ffff:ffff:ffff:ffff,24055080000000000000000000000000,24055080ffffffffffffffffffffffff,32,中国,甘肃,兰州,,,620100,36.060798,103.834228,city,,2405:5080::/32
2405:5180::,2405:5180:ffff:ffff:ffff:ffff:ffff:ffff,24055180000000000000000000000000,24055180ffffffffffffffffffffffff,32,中国,四川,乐山,,,511100,29.552275,103.766085,city,,2405:5180::/32
2405:5240::,2405:5240:ffff:ffff:ffff:ffff:ffff:ffff,24055240000000000000000000000000,24055240ffffffffffffffffffffffff,32,中国,,,,,,,,country,,2405:5240::/32
2405:5280::,2405:5280:ffff:ffff:ffff:ffff:ffff:ffff,24055280000000000000000000000000,24055280ffffffffffffffffffffffff,32,中国,广西,柳州,,,450200,24.326442,109.428071,city,,2405:5280::/32
2405:52c0::,2405:52c0:ffff:ffff:ffff:ffff:ffff:ffff,240552c0000000000000000000000000,240552c0ffffffffffffffffffffffff,32,中国,,,,,,,,country,,2405:52c0::/32
2405:5380::,2405:5380:ffff:ffff:ffff:ffff:ffff:ffff,24055380000000000000000000000000,24055380ffffffffffffffffffffffff,32,中国,湖南,娄底,,,431300,27.699838,111.994468,city,,2405:5380::/32
2405:5480::,2405:5480:ffff:ffff:ffff:ffff:ffff:ffff,24055480000000000000000000000000,24055480ffffffffffffffffffffffff,32,中国,河南,洛阳,,,410300,34.619702,112.453895,city,,2405:5480::/32
2405:5580::,2405:5580:ffff:ffff:ffff:ffff:ffff:ffff,24055580000000000000000000000000,24055580ffffffffffffffffffffffff,32,中国,安徽,马鞍山,,,340500,31.668765,118.50685,city,,2405:5580::/32
2405:5600::,2405:5600:ffff:ffff:ffff:ffff:ffff:ffff,24055600000000000000000000000000,24055600ffffffffffffffffffffffff,32,中国台湾,台湾,,,台湾,,,,country,,2405:5600::/32
2405:5680::,2405:5680:ffff:ffff:ffff:ffff:ffff:ffff,24055680000000000000000000000000,24055680ffffffffffffffffffffffff,32,中国,江西,南昌,,,360100,28.682976,115.857972,city,,2405:5680::/32
2405:5780::,2405:5780:ffff:ffff:ffff:ffff:ffff:ffff,24055780000000000000000000000000,24055780ffffffffffffffffffffffff,32,中国,河南,南阳,,,411300,33.016102,112.584753,city,,2405:5780::/32
2405:57c0::,2405:57c0:ffff:ffff:ffff:ffff:ffff:ffff,240557c0000000000000000000000000,240557c0ffffffffffffffffffffffff,32,中国,广东,广州,,,440100,23.130061,113.264499,city,,2405:57c0::/32
2405:5880::,2405:5880:ffff:ffff:ffff:ffff:ffff:ffff,24055880000000000000000000000000,24055880ffffffffffffffffffffffff,32,中国,河北,秦皇岛,,,130300,39.888243,119.52022,city,,2405:5880::/32
2405:5980::,2405:5980:ffff:ffff:ffff:ffff:ffff:ffff,24055980000000000000000000000000,24055980ffffffffffffffffffffffff,32,中国,广东,清远,,,441800,23.682064,113.056098,city,,2405:5980::/32
2405:5a80::,2405:5a80:ffff:ffff:ffff:ffff:ffff:ffff,24055a80000000000000000000000000,24055a80ffffffffffffffffffffffff,32,中国,福建,泉州,,,350500,24.874452,118.675724,city,,2405:5a80::/32
2405:5b80::,2405:5b80:ffff:ffff:ffff:ffff:ffff:ffff,24055b80000000000000000000000000,24055b80ffffffffffffffffffffffff,32,中国,浙江,衢州,,,330800,28.970229,118.859307,city,,2405:5b80::/32
2405:5c00::,2405:5c00:ffff:ffff:ffff:ffff:ffff:ffff,24055c00000000000000000000000000,24055c00ffffffffffffffffffffffff,32,中国香港,香港,,,香港,,,,country,,2405:5c00::/32
2405:5c80::,2405:5c80:ffff:ffff:ffff:ffff:ffff:ffff,24055c80000000000000000000000000,24055c80ffffffffffffffffffffffff,32,中国,海南,三亚,,,460200,18.252865,109.511709,city,,2405:5c80::/32
2405:5cc0::,2405:5cc0:ffff:ffff:ffff:ffff:ffff:ffff,24055cc0000000000000000000000000,24055cc0ffffffffffffffffffffffff,32,中国,,,,,,,,country,,2405:5cc0::/32
2405:5d00::,2405:5d00:ffff:ffff:ffff:ffff:ffff:ffff,24055d00000000000000000000000000,24055d00ffffffffffffffffffffffff,32,中国香港,香港,,,香港,,,,country,,2405:5d00::/32
2405:5d40::,2405:5d40:ffff:ffff:ffff:ffff:ffff:ffff,24055d40000000000000000000000000,24055d40ffffffffffffffffffffffff,32,中国,,,,,,,,country,,2405:5d40::/32
2405:5d80::,2405:5d80:ffff:ffff:ffff:ffff:ffff:ffff,24055d80000000000000000000000000,24055d80ffffffffffffffffffffffff,32,中国,上海,上海,徐汇,,310104,31.188334,121.436307,district,,2405:5d80::/32
2405:5dc0::,2405:5dc0:ffff:ffff:ffff:ffff:ffff:ffff,24055dc0000000000000000000000000,24055dc0ffffffffffffffffffffffff,32,中国,,,,,,,,country,,2405:5dc0::/32
2405:5e00::,2405:5e00:ffff:ffff:ffff:ffff:ffff:ffff,24055e00000000000000000000000000,24055e00ffffffffffffffffffffffff,32,中国香港,香港,,,香港,,,,country,,2405:5e00::/32
2405:5e80::,2405:5e80:ffff:ffff:ffff:ffff:ffff:ffff,24055e80000000000000000000000000,24055e80ffffffffffffffffffffffff,32,中国,上海,上海,浦东新区,,310115,31.221461,121.544346,district,,2405:5e80::/32
2405:5f80::,2405:5f80:ffff:ffff:ffff:ffff:ffff:ffff,24055f80000000000000000000000000,24055f80ffffffffffffffffffffffff,32,中国,广东,汕头,,,440500,23.354152,116.681956,city,,2405:5f80::/32
2405:6080::,2405:6080:ffff:ffff:ffff:ffff:ffff:ffff,24056080000000000000000000000000,24056080ffffffffffffffffffffffff,32,中国,广东,韶关,,,440200,24.810977,113.597324,city,,2405:6080::/32
2405:6100::,2405:6100:ffff:ffff:ffff:ffff:ffff:ffff,24056100000000000000000000000000,24056100ffffffffffffffffffffffff,32,中国台湾,台湾,,,台湾,,,,country,,2405:6100::/32
2405:6180::,2405:6180:ffff:ffff:ffff:ffff:ffff:ffff,24056180000000000000000000000000,24056180ffffffffffffffffffffffff,32,中国,浙江,绍兴,,,330600,30.051549,120.582886,city,,2405:6180::/32
2405:6200::,2405:6200:ffff:ffff:ffff:ffff:ffff:ffff,24056200000000000000000000000000,24056200ffffffffffffffffffffffff,32,中国,上海,,,,310000,31.230525,121.473667,province,,2405:6200::/32
2405:6440::,2405:6440:ffff:ffff:ffff:ffff:ffff:ffff,24056440000000000000000000000000,24056440ffffffffffffffffffffffff,32,中国台湾,台湾,,,台湾,,,,country,,2405:6440::/32
2405:66c0::,2405:66c0:ffff:ffff:ffff:ffff:ffff:ffff,240566c0000000000000000000000000,240566c0ffffffffffffffffffffffff,32,中国,,,,,,,,country,,2405:66c0::/32
2405:67c0::,2405:67c0:ffff:ffff:ffff:ffff:ffff:ffff,240567c0000000000000000000000000,240567c0ffffffffffffffffffffffff,32,中国台湾,台湾,,,台湾,,,,country,,2405:67c0::/32
2405:6880::,2405:6880:ffff:ffff:ffff:ffff:ffff:ffff,24056880000000000000000000000000,24056880ffffffffffffffffffffffff,32,中国,福建,厦门,,,350200,24.479627,118.08891,city,,2405:6880::/32
2405:68c0::,2405:68c0:ffff:ffff:ffff:ffff:ffff:ffff,240568c0000000000000000000000000,240568c0ffffffffffffffffffffffff,32,中国,上海,,,,310000,31.230525,121.473667,province,,2405:68c0::/32
2405:6940::,2405:6940:ffff:ffff:ffff:ffff:ffff:ffff,24056940000000000000000000000000,24056940ffffffffffffffffffffffff,32,中国,北京,,,,110000,39.904179,116.407387,province,,2405:6940::/32
2405:69c0::,2405:69c0:ffff:ffff:ffff:ffff:ffff:ffff,240569c0000000000000000000000000,240569c0ffffffffffffffffffffffff,32,中国,,,,,,,,country,,2405:69c0::/32
2405:6a80::,2405:6a80:ffff:ffff:ffff:ffff:ffff:ffff,24056a80000000000000000000000000,24056a80ffffffffffffffffffffffff,32,中国,辽宁,沈阳,,,210100,41.677576,123.464675,city,,2405:6a80::/32
2405:6b80::,2405:6b80:ffff:ffff:ffff:ffff:ffff:ffff,24056b80000000000000000000000000,24056b80ffffffffffffffffffffffff,32,中国,江苏,苏州,,,320500,31.299758,120.585294,city,,2405:6b80::/32
2405:6c80::,2405:6c80:ffff:ffff:ffff:ffff:ffff:ffff,24056c80000000000000000000000000,24056c80ffffffffffffffffffffffff,32,中国,山东,泰安,,,370900,36.201784,117.086963,city,,2405:6c80::/32
2405:6d80::,2405:6d80:ffff:ffff:ffff:ffff:ffff:ffff,24056d80000000000000000000000000,24056d80ffffffffffffffffffffffff,32,中国,山西,太原,,,140100,37.870451,112.549656,city,,2405:6d80::/32
2405:6e80::,2405:6e80:ffff:ffff:ffff:ffff:ffff:ffff,24056e80000000000000000000000000,24056e80ffffffffffffffffffffffff,32,中国,江苏,泰州,,,321200,32.456692,119.922883,city,,2405:6e80::/32
2405:6f00::,2405:6f00:ffff:ffff:ffff:ffff:ffff:ffff,24056f00000000000000000000000000,24056f00ffffffffffffffffffffffff,32,中国,,,,,,,,country,,2405:6f00::/32
2405:6f80::,2405:6f80:ffff:ffff:ffff:ffff:ffff:ffff,24056f80000000000000000000000000,24056f80ffffffffffffffffffffffff,32,中国,河北,唐山,,,130200,39.63068,118.180149,city,,2405:6f80::/32
2405:7040::,2405:7040:ffff:ffff:ffff:ffff:ffff:ffff,24057040000000000000000000000000,24057040ffffffffffffffffffffffff,32,中国,上海,,,,310000,31.230525,121.473667,province,,2405:7040::/32
2405:7080::,2405:7080:ffff:ffff:ffff:ffff:ffff:ffff,24057080000000000000000000000000,24057080ffffffffffffffffffffffff,32,中国,北京,北京,东城,,110101,39.928359,116.416334,district,,2405:7080::/32
2405:7180::,2405:7180:ffff:ffff:ffff:ffff:ffff:ffff,24057180000000000000000000000000,24057180ffffffffffffffffffffffff,32,中国,天津,天津,南开,,120104,39.138551,117.150638,district,,2405:7180::/32
2405:7240::,2405:7240:ffff:ffff:ffff:ffff:ffff:ffff,24057240000000000000000000000000,24057240ffffffffffffffffffffffff,32,中国,,,,,,,,country,,2405:7240::/32
2405:7280::,2405:7280:ffff:ffff:ffff:ffff:ffff:ffff,24057280000000000000000000000000,24057280ffffffffffffffffffffffff,32,中国,浙江,温州,,,330300,27.993849,120.699279,city,,2405:7280::/32
2405:7380::,2405:7380:ffff:ffff:ffff:ffff:ffff:ffff,24057380000000000000000000000000,24057380ffffffffffffffffffffffff,32,中国,湖北,武汉,,,420100,30.593354,114.304569,city,,2405:7380::/32
2405:7480::,2405:7480:ffff:ffff:ffff:ffff:ffff:ffff,24057480000000000000000000000000,24057480ffffffffffffffffffffffff,32,中国,福建,厦门,,,350200,24.479627,118.08891,city,,2405:7480::/32
2405:7580::,2405:7580:ffff:ffff:ffff:ffff:ffff:ffff,24057580000000000000000000000000,24057580ffffffffffffffffffffffff,32,中国,陕西,西安,,,610100,34.343207,108.939645,city,,2405:7580::/32
2405:7680::,2405:7680:ffff:ffff:ffff:ffff:ffff:ffff,24057680000000000000000000000000,24057680ffffffffffffffffffffffff,32,中国,江苏,徐州,,,320300,34.204224,117.283752,city,,2405:7680::/32
2405:7780::,2405:7780:ffff:ffff:ffff:ffff:ffff:ffff,24057780000000000000000000000000,24057780ffffffffffffffffffffffff,32,中国,江苏,扬州,,,321000,32.394404,119.412834,city,,2405:7780::/32
2405:7880::,2405:7880:ffff:ffff:ffff:ffff:ffff:ffff,24057880000000000000000000000000,24057880ffffffffffffffffffffffff,32,中国,湖北,宜昌,,,420500,30.69217,111.286962,city,,2405:7880::/32
2405:78c0::,2405:78c0:ffff:ffff:ffff:ffff:ffff:ffff,240578c0000000000000000000000000,240578c0ffffffffffffffffffffffff,32,中国,上海,,,,310000,31.230525,121.473667,province,,2405:78c0::/32
2405:7980::,2405:7980:ffff:ffff:ffff:ffff:ffff:ffff,24057980000000000000000000000000,24057980ffffffffffffffffffffffff,32,中国,宁夏,银川,,,640100,38.487783,106.230977,city,,2405:7980::/32
2405:79c0::,2405:79c0:ffff:ffff:ffff:ffff:ffff:ffff,240579c0000000000000000000000000,240579c0ffffffffffffffffffffffff,32,中国,,,,,,,,country,,2405:79c0::/32
2405:7a80::,2405:7a80:ffff:ffff:ffff:ffff:ffff:ffff,24057a80000000000000000000000000,24057a80ffffffffffffffffffffffff,32,中国,浙江,金华,义乌,,330782,29.306296,120.075679,district,,2405:7a80::/32
2405:7b80::,2405:7b80:ffff:ffff:ffff:ffff:ffff:ffff,24057b80000000000000000000000000,24057b80ffffffffffffffffffffffff,32,中国,湖南,益阳,,,430900,28.554853,112.355994,city,,2405:7b80::/32
2405:7c80::,2405:7c80:ffff:ffff:ffff:ffff:ffff:ffff,24057c80000000000000000000000000,24057c80ffffffffffffffffffffffff,32,中国,湖南,岳阳,,,430600,29.35648,113.128922,city,,2405:7c80::/32
2405:7d40::,2405:7d40:ffff:ffff:ffff:ffff:ffff:ffff,24057d40000000000000000000000000,24057d40ffffffffffffffffffffffff,32,中国,,,,,,,,country,,2405:7d40::/32
2405:7e00::,2405:7e00:ffff:ffff:ffff:ffff:ffff:ffff,24057e00000000000000000000000000,24057e00ffffffffffffffffffffffff,32,中国台湾,台湾,,,台湾,,,,country,,2405:7e00::/32
2405:7ec0::,2405:7ec0:ffff:ffff:ffff:ffff:ffff:ffff,24057ec0000000000000000000000000,24057ec0ffffffffffffffffffffffff,32,中国香港,香港,,,香港,,,,country,,2405:7ec0::/32
2405:7f40::,2405:7f40:ffff:ffff:ffff:ffff:ffff:ffff,24057f40000000000000000000000000,24057f40ffffffffffffffffffffffff,32,中国,,,,,,,,country,,2405:7f40::/32
2405:7fc0::,2405:7fc0:ffff:ffff:ffff:ffff:ffff:ffff,24057fc0000000000000000000000000,24057fc0ffffffffffffffffffffffff,32,中国,,,,,,,,country,,2405:7fc0::/32
2405:8280::,2405:8280:ffff:ffff:ffff:ffff:ffff:ffff,24058280000000000000000000000000,24058280ffffffffffffffffffffffff,32,中国,安徽,,,,340000,31.734559,117.330139,province,,2405:8280::/32
2405:8480::,2405:8480:ffff:ffff:ffff:ffff:ffff:ffff,24058480000000000000000000000000,24058480ffffffffffffffffffffffff,32,中国,福建,漳州,,,350600,24.515297,117.647298,city,,2405:8480::/32
2405:84c0::,2405:84c0:ffff:ffff:ffff:ffff:ffff:ffff,240584c0000000000000000000000000,240584c0ffffffffffffffffffffffff,32,中国,广东,珠海,,,440400,22.271644,113.576892,city,,2405:84c0::/32
2405:8580::,2405:8580:ffff:ffff:ffff:ffff:ffff:ffff,24058580000000000000000000000000,24058580ffffffffffffffffffffffff,32,中国,广东,中山,,,442000,22.517024,113.392517,city,,2405:8580::/32
2405:8680::,2405:8680:ffff:ffff:ffff:ffff:ffff:ffff,24058680000000000000000000000000,24058680ffffffffffffffffffffffff,32,中国,浙江,舟山,,,330900,29.985578,122.207395,city,,2405:8680::/32
2405:8700::,2405:8700:ffff:ffff:ffff:ffff:ffff:ffff,24058700000000000000000000000000,24058700ffffffffffffffffffffffff,32,中国台湾,台湾,,,台湾,,,,country,,2405:8700::/32
2405:8780::,2405:8780:ffff:ffff:ffff:ffff:ffff:ffff,24058780000000000000000000000000,24058780ffffffffffffffffffffffff,32,中国,广东,珠海,,,440400,22.271644,113.576892,city,,2405:8780::/32
2405:8880::,2405:8880:ffff:ffff:ffff:ffff:ffff:ffff,24058880000000000000000000000000,24058880ffffffffffffffffffffffff,32,中国,湖南,株洲,,,430200,27.828862,113.132783,city,,2405:8880::/32
2405:88c0::,2405:88c0:ffff:ffff:ffff:ffff:ffff:ffff,240588c0000000000000000000000000,240588c0ffffffffffffffffffffffff,32,中国香港,香港,,,香港,,,,country,,2405:88c0::/32
2405:8980::,2405:8980:ffff:ffff:ffff:ffff:ffff:ffff,24058980000000000000000000000000,24058980ffffffffffffffffffffffff,32,中国,山东,淄博,,,370300,36.813787,118.054994,city,,2405:8980::/32
2405:8a40::,2405:8a40:ffff:ffff:ffff:ffff:ffff:ffff,24058a40000000000000000000000000,24058a40ffffffffffffffffffffffff,32,中国,,,,,,,,country,,2405:8a40::/32
2405:8a80::,2405:8a80:ffff:ffff:ffff:ffff:ffff:ffff,24058a80000000000000000000000000,24058a80ffffffffffffffffffffffff,32,中国,辽宁,鞍山,,,210300,41.108239,122.994183,city,,2405:8a80::/32
2405:8ac0::,2405:8ac0:ffff:ffff:ffff:ffff:ffff:ffff,24058ac0000000000000000000000000,24058ac0ffffffffffffffffffffffff,32,中国,,,,,,,,country,,2405:8ac0::/32
2405:8b80::,2405:8b80:ffff:ffff:ffff:ffff:ffff:ffff,24058b80000000000000000000000000,24058b80ffffffffffffffffffffffff,32,中国,吉林,长春,,,220100,43.816996,125.323643,city,,2405:8b80::/32
2405:8c80::,2405:8c80:ffff:ffff:ffff:ffff:ffff:ffff,24058c80000000000000000000000000,24058c80ffffffffffffffffffffffff,32,中国,湖南,常德,,,430700,29.031446,111.69905,city,,2405:8c80::/32
2405:8d80::,2405:8d80:ffff:ffff:ffff:ffff:ffff:ffff,24058d80000000000000000000000000,24058d80ffffffffffffffffffffffff,32,中国,辽宁,丹东,,,210600,40.000646,124.354419,city,,2405:8d80::/32
2405:8e80::,2405:8e80:ffff:ffff:ffff:ffff:ffff:ffff,24058e80000000000000000000000000,24058e80ffffffffffffffffffffffff,32,中国,黑龙江,哈尔滨,,,230100,45.802981,126.53505,city,,2405:8e80::/32
2405:8f80::,2405:8f80:ffff:ffff:ffff:ffff:ffff:ffff,24058f80000000000000000000000000,24058f80ffffffffffffffffffffffff,32,中国,辽宁,葫芦岛,,,211400,40.710974,120.836783,city,,2405:8f80::/32
2405:9080::,2405:9080:ffff:ffff:ffff:ffff:ffff:ffff,24059080000000000000000000000000,24059080ffffffffffffffffffffffff,32,中国,山东,济南,,,370100,36.652069,117.120128,city,,2405:9080::/32
2405:9180::,2405:9180:ffff:ffff:ffff:ffff:ffff:ffff,24059180000000000000000000000000,24059180ffffffffffffffffffffffff,32,中国,山东,济宁,,,370800,35.415117,116.587116,city,,2405:9180::/32
2405:9200::,2405:9200:ffff:ffff:ffff:ffff:ffff:ffff,24059200000000000000000000000000,24059200ffffffffffffffffffffffff,32,中国台湾,台湾,,,台湾,,,,country,,2405:9200::/32
2405:9280::,2405:9280:ffff:ffff:ffff:ffff:ffff:ffff,24059280000000000000000000000000,24059280ffffffffffffffffffffffff,32,中国,山东,聊城,,,371500,36.455857,115.985238,city,,2405:9280::/32
2405:9300::,2405:9300:ffff:ffff:ffff:ffff:ffff:ffff,24059300000000000000000000000000,24059300ffffffffffffffffffffffff,32,中国,北京,,,,110000,39.904179,116.407387,province,,2405:9300::/32
2405:9340::,2405:9340:ffff:ffff:ffff:ffff:ffff:ffff,24059340000000000000000000000000,24059340ffffffffffffffffffffffff,32,中国,,,,,,,,country,,2405:9340::/32
2405:9380::,2405:9380:ffff:ffff:ffff:ffff:ffff:ffff,24059380000000000000000000000000,24059380ffffffffffffffffffffffff,32,中国,河北,秦皇岛,,,130300,39.888243,119.52022,city,,2405:9380::/32
2405:93c0::,2405:93c0:ffff:ffff:ffff:ffff:ffff:ffff,240593c0000000000000000000000000,240593c0ffffffffffffffffffffffff,32,中国,,,,,,,,country,,2405:93c0::/32
2405:9480::,2405:9480:ffff:ffff:ffff:ffff:ffff:ffff,24059480000000000000000000000000,24059480ffffffffffffffffffffffff,32,中国,辽宁,沈阳,,,210100,41.677576,123.464675,city,,2405:9480::/32
2405:94c0::,2405:94c0:ffff:ffff:ffff:ffff:ffff:ffff,240594c0000000000000000000000000,240594c0ffffffffffffffffffffffff,32,中国,,,,,,,,country,,2405:94c0::/32
2405:9580::,2405:9580:ffff:ffff:ffff:ffff:ffff:ffff,24059580000000000000000000000000,24059580ffffffffffffffffffffffff,32,中国,吉林,四平,,,220300,43.166764,124.350599,city,,2405:9580::/32
2405:9680::,2405:9680:ffff:ffff:ffff:ffff:ffff:ffff,24059680000000000000000000000000,24059680ffffffffffffffffffffffff,32,中国,吉林,通化,,,220500,41.728312,125.939721,city,,2405:9680::/32
2405:9700::,2405:9700:ffff:ffff:ffff:ffff:ffff:ffff,24059700000000000000000000000000,24059700ffffffffffffffffffffffff,32,中国,浙江,杭州,西湖,,330106,30.259242,120.130396,district,,2405:9700::/32
2405:9780::,2405:9780:ffff:ffff:ffff:ffff:ffff:ffff,24059780000000000000000000000000,24059780ffffffffffffffffffffffff,32,中国,浙江,杭州,西湖,,330106,30.259242,120.130396,district,,2405:9780::/32
2405:97c0::,2405:97c0:ffff:ffff:ffff:ffff:ffff:ffff,240597c0000000000000000000000000,240597c0ffffffffffffffffffffffff,32,中国,,,,,,,,country,,2405:97c0::/32
2405:9880::,2405:9880:ffff:ffff:ffff:ffff:ffff:ffff,24059880000000000000000000000000,24059880ffffffffffffffffffffffff,32,中国,浙江,杭州,淳安,,330127,29.609678,119.042015,district,,2405:9880::/32
2405:9900::,2405:9900:ffff:ffff:ffff:ffff:ffff:ffff,24059900000000000000000000000000,24059900ffffffffffffffffffffffff,32,中国,北京,,,,110000,39.904179,116.407387,province,,2405:9900::/32
2405:9980::,2405:9980:ffff:ffff:ffff:ffff:ffff:ffff,24059980000000000000000000000000,24059980ffffffffffffffffffffffff,32,中国,浙江,杭州,临安,,330112,30.234375,119.724457,district,,2405:9980::/32
2405:99c0::,2405:99c0:ffff:ffff:ffff:ffff:ffff:ffff,240599c0000000000000000000000000,240599c0ffffffffffffffffffffffff,32,中国,,,,,,,,country,,2405:99c0::/32
2405:9a80::,2405:9a80:ffff:ffff:ffff:ffff:ffff:ffff,24059a80000000000000000000000000,24059a80ffffffffffffffffffffffff,32,中国,浙江,杭州,滨江,,330108,30.208332,120.211981,district,,2405:9a80::/32
2405:9b00::,2405:9b00:ffff:ffff:ffff:ffff:ffff:ffff,24059b00000000000000000000000000,24059b00ffffffffffffffffffffffff,32,中国,北京,,,,110000,39.904179,116.407387,province,,2405:9b00::/32
2405:9b40::,2405:9b40:ffff:ffff:ffff:ffff:ffff:ffff,24059b40000000000000000000000000,24059b40ffffffffffffffffffffffff,32,中国台湾,台湾,,,台湾,,,,country,,2405:9b40::/32
2405:9b80::,2405:9b80:ffff:ffff:ffff:ffff:ffff:ffff,24059b80000000000000000000000000,24059b80ffffffffffffffffffffffff,32,中国,广东,深圳,,,440300,22.543527,114.057939,city,,2405:9b80::/32
2405:9bc0::,2405:9bc0:ffff:ffff:ffff:ffff:ffff:ffff,24059bc0000000000000000000000000,24059bc0ffffffffffffffffffffffff,32,中国,,,,,,,,country,,2405:9bc0::/32
2405:9e00::,2405:9e00:ffff:ffff:ffff:ffff:ffff:ffff,24059e00000000000000000000000000,24059e00ffffffffffffffffffffffff,32,中国,广东,珠海,,,440400,22.271644,113.576892,city,,2405:9e00::/32
2405:a040::,2405:a040:ffff:ffff:ffff:ffff:ffff:ffff,2405a040000000000000000000000000,2405a040ffffffffffffffffffffffff,32,中国台湾,台湾,,,台湾,,,,country,,2405:a040::/32
2405:a0c0::,2405:a0c0:ffff:ffff:ffff:ffff:ffff:ffff,2405a0c0000000000000000000000000,2405a0c0ffffffffffffffffffffffff,32,中国台湾,台湾,,,台湾,,,,country,,2405:a0c0::/32
2405:a240::,2405:a240:ffff:ffff:ffff:ffff:ffff:ffff,2405a240000000000000000000000000,2405a240ffffffffffffffffffffffff,32,中国,,,,,,,,country,,2405:a240::/32
2405:a480::,2405:a480:ffff:ffff:ffff:ffff:ffff:ffff,2405a480000000000000000000000000,2405a480ffffffffffffffffffffffff,32,中国香港,香港,,,香港,,,,country,,2405:a480::/32
2405:a500::,2405:a500:ffff:ffff:ffff:ffff:ffff:ffff,2405a500000000000000000000000000,2405a500ffffffffffffffffffffffff,32,中国,江苏,南京,,,320100,32.059344,118.796624,city,,2405:a500::/32
2405:a640::,2405:a640:ffff:ffff:ffff:ffff:ffff:ffff,2405a640000000000000000000000000,2405a640ffffffffffffffffffffffff,32,中国台湾,台湾,,,台湾,,,,country,,2405:a640::/32
2405:a680::,2405:a680:ffff:ffff:ffff:ffff:ffff:ffff,2405a680000000000000000000000000,2405a680ffffffffffffffffffffffff,32,中国,四川,成都,,,510100,30.572961,104.066301,city,,2405:a680::/32
2405:a780::,2405:a780:ffff:ffff:ffff:ffff:ffff:ffff,2405a780000000000000000000000000,2405a780ffffffffffffffffffffffff,32,中国香港,香港,,,香港,,,,country,,2405:a780::/32
2405:a900::,2405:a900:ffff:ffff:ffff:ffff:ffff:ffff,2405a900000000000000000000000000,2405a900ffffffffffffffffffffffff,32,中国,北京,,,,110000,39.904179,116.407387,province,,2405:a900::/32
2405:a980::,2405:a980:ffff:ffff:ffff:ffff:ffff:ffff,2405a980000000000000000000000000,2405a980ffffffffffffffffffffffff,32,中国,重庆,,,,500000,29.56268,106.551787,province,,2405:a980::/32
2405:aa80::,2405:aa80:ffff:ffff:ffff:ffff:ffff:ffff,2405aa80000000000000000000000000,2405aa80ffffffffffffffffffffffff,32,中国,,,,,,,,country,,2405:aa80::/32
2405:ab00::,2405:ab00:ffff:ffff:ffff:ffff:ffff:ffff,2405ab00000000000000000000000000,2405ab00ffffffffffffffffffffffff,32,中国,上海,,,,310000,31.230525,121.473667,province,,2405:ab00::/32
2405:ad00::,2405:ad00:ffff:ffff:ffff:ffff:ffff:ffff,2405ad00000000000000000000000000,2405ad00ffffffffffffffffffffffff,32,中国,北京,,,,110000,39.904179,116.407387,province,,2405:ad00::/32
2405:adc0::,2405:adc0:ffff:ffff:ffff:ffff:ffff:ffff,2405adc0000000000000000000000000,2405adc0ffffffffffffffffffffffff,32,中国香港,香港,,,香港,,,,country,,2405:adc0::/32
2405:af00::,2405:af00:ffff:ffff:ffff:ffff:ffff:ffff,2405af00000000000000000000000000,2405af00ffffffffffffffffffffffff,32,中国,上海,,,,310000,31.230525,121.473667,province,,2405:af00::/32
2405:b100::,2405:b100:ffff:ffff:ffff:ffff:ffff:ffff,2405b100000000000000000000000000,2405b100ffffffffffffffffffffffff,32,中国,上海,,,,310000,31.230525,121.473667,province,,2405:b100::/32
2405:b200::,2405:b200:ffff:ffff:ffff:ffff:ffff:ffff,2405b200000000000000000000000000,2405b200ffffffffffffffffffffffff,32,中国香港,香港,,,香港,,,,country,,2405:b200::/32
2405:b300::,2405:b300:ffff:ffff:ffff:ffff:ffff:ffff,2405b300000000000000000000000000,2405b300ffffffffffffffffffffffff,32,中国,广东,深圳,,,440300,22.543527,114.057939,city,,2405:b300::/32
2405:b5c0::,2405:b5c0:ffff:ffff:ffff:ffff:ffff:ffff,2405b5c0000000000000000000000000,2405b5c0ffffffffffffffffffffffff,32,中国香港,香港,,,香港,,,,country,,2405:b5c0::/32
2405:b7c0::,2405:b7c0:ffff:ffff:ffff:ffff:ffff:ffff,2405b7c0000000000000000000000000,2405b7c0ffffffffffffffffffffffff,32,中国,上海,,,,310000,31.230525,121.473667,province,,2405:b7c0::/32
2405:b880::,2405:b880:ffff:ffff:ffff:ffff:ffff:ffff,2405b880000000000000000000000000,2405b880ffffffffffffffffffffffff,32,中国,,,,,,,,country,,2405:b880::/32
2405:b8c0::,2405:b8c0:ffff:ffff:ffff:ffff:ffff:ffff,2405b8c0000000000000000000000000,2405b8c0ffffffffffffffffffffffff,32,中国台湾,台湾,,,台湾,,,,country,,2405:b8c0::/32
2405:b980::,2405:b980:ffff:ffff:ffff:ffff:ffff:ffff,2405b980000000000000000000000000,2405b980ffffffffffffffffffffffff,32,中国,,,,,,,,country,,2405:b980::/32
2405:ba80::,2405:ba80:ffff:ffff:ffff:ffff:ffff:ffff,2405ba80000000000000000000000000,2405ba80ffffffffffffffffffffffff,32,中国香港,香港,,,香港,,,,country,,2405:ba80::/32
2405:bb00::,2405:bb00:ffff:ffff:ffff:ffff:ffff:ffff,2405bb00000000000000000000000000,2405bb00ffffffffffffffffffffffff,32,中国,广东,深圳,南山,,440305,22.533191,113.930478,district,,2405:bb00::/32
2405:bd00::,2405:bd00:ffff:ffff:ffff:ffff:ffff:ffff,2405bd00000000000000000000000000,2405bd00ffffffffffffffffffffffff,32,中国,安徽,合肥,,,340100,31.820567,117.227267,city,,2405:bd00::/32
2405:bd80::,2405:bd80:ffff:ffff:ffff:ffff:ffff:ffff,2405bd80000000000000000000000000,2405bd80ffffffffffffffffffffffff,32,中国,,,,,,,,country,,2405:bd80::/32
2405:bdc0::,2405:bdc0:ffff:ffff:ffff:ffff:ffff:ffff,2405bdc0000000000000000000000000,2405bdc0ffffffffffffffffffffffff,32,中国,,,,,,,,country,,2405:bdc0::/32
2405:be80::,2405:be80:ffff:ffff:ffff:ffff:ffff:ffff,2405be80000000000000000000000000,2405be80ffffffffffffffffffffffff,32,中国,,,,,,,,country,,2405:be80::/32
2405:bf00::,2405:bf00:ffff:ffff:ffff:ffff:ffff:ffff,2405bf00000000000000000000000000,2405bf00ffffffffffffffffffffffff,32,中国,辽宁,阜新,,,210900,42.022028,121.670052,city,,2405:bf00::/32
2405:bf80::,2405:bf80:ffff:ffff:ffff:ffff:ffff:ffff,2405bf80000000000000000000000000,2405bf80ffffffffffffffffffffffff,32,中国香港,香港,,,香港,,,,country,,2405:bf80::/32
2405:bfc0::,2405:bfc0:ffff:ffff:ffff:ffff:ffff:ffff,2405bfc0000000000000000000000000,2405bfc0ffffffffffffffffffffffff,32,中国香港,香港,,,香港,,,,country,,2405:bfc0::/32
2405:c040::,2405:c040:ffff:ffff:ffff:ffff:ffff:ffff,2405c040000000000000000000000000,2405c040ffffffffffffffffffffffff,32,中国,,,,,,,,country,,2405:c040::/32
2405:c180::,2405:c180:ffff:ffff:ffff:ffff:ffff:ffff,2405c180000000000000000000000000,2405c180ffffffffffffffffffffffff,32,中国香港,香港,,,香港,,,,country,,2405:c180::/32
2405:c280::,2405:c280:ffff:ffff:ffff:ffff:ffff:ffff,2405c280000000000000000000000000,2405c280ffffffffffffffffffffffff,32,中国,河北,邢台,,,130500,37.060227,114.49742,city,,2405:c280::/32
2405:c2c0::,2405:c2c0:ffff:ffff:ffff:ffff:ffff:ffff,2405c2c0000000000000000000000000,2405c2c0ffffffffffffffffffffffff,32,中国香港,香港,,,香港,,,,country,,2405:c2c0::/32
2405:c300::,2405:c300:ffff:ffff:ffff:ffff:ffff:ffff,2405c300000000000000000000000000,2405c300ffffffffffffffffffffffff,32,中国香港,香港,,,香港,,,,country,,2405:c300::/32
2405:c380::,2405:c380:ffff:ffff:ffff:ffff:ffff:ffff,2405c380000000000000000000000000,2405c380ffffffffffffffffffffffff,32,中国,山东,烟台,,,370600,37.464551,121.447755,city,,2405:c380::/32
2405:c480::,2405:c480:ffff:ffff:ffff:ffff:ffff:ffff,2405c480000000000000000000000000,2405c480ffffffffffffffffffffffff,32,中国,辽宁,营口,,,210800,40.625027,122.219148,city,,2405:c480::/32
2405:c500::,2405:c500:ffff:ffff:ffff:ffff:ffff:ffff,2405c500000000000000000000000000,2405c500ffffffffffffffffffffffff,32,中国,上海,,,,310000,31.230525,121.473667,province,,2405:c500::/32
2405:c580::,2405:c580:ffff:ffff:ffff:ffff:ffff:ffff,2405c580000000000000000000000000,2405c580ffffffffffffffffffffffff,32,中国,山东,枣庄,,,370400,34.810858,117.323759,city,,2405:c580::/32
2405:c600::,2405:c600:ffff:ffff:ffff:ffff:ffff:ffff,2405c600000000000000000000000000,2405c600ffffffffffffffffffffffff,32,中国台湾,台湾,,,台湾,,,,country,,2405:c600::/32
2405:c680::,2405:c680:ffff:ffff:ffff:ffff:ffff:ffff,2405c680000000000000000000000000,2405c680ffffffffffffffffffffffff,32,中国,河北,张家口,,,130700,40.768931,114.885895,city,,2405:c680::/32
2405:c740::,2405:c740:ffff:ffff:ffff:ffff:ffff:ffff,2405c740000000000000000000000000,2405c740ffffffffffffffffffffffff,32,中国香港,香港,,,香港,,,,country,,2405:c740::/32
2405:c780::,2405:c780:ffff:ffff:ffff:ffff:ffff:ffff,2405c780000000000000000000000000,2405c780ffffffffffffffffffffffff,32,中国,山东,淄博,,,370300,36.813787,118.054994,city,,2405:c780::/32
2405:c880::,2405:c880:ffff:ffff:ffff:ffff:ffff:ffff,2405c880000000000000000000000000,2405c880ffffffffffffffffffffffff,32,中国,贵州,安顺,,,520400,26.253103,105.9476,city,,2405:c880::/32
2405:c980::,2405:c980:ffff:ffff:ffff:ffff:ffff:ffff,2405c980000000000000000000000000,2405c980ffffffffffffffffffffffff,32,中国,安徽,蚌埠,,,340300,32.91682,117.388566,city,,2405:c980::/32
2405:ca80::,2405:ca80:ffff:ffff:ffff:ffff:ffff:ffff,2405ca80000000000000000000000000,2405ca80ffffffffffffffffffffffff,32,中国,江西,赣州,,,360700,25.831139,114.933494,city,,2405:ca80::/32
2405:cb80::,2405:cb80:ffff:ffff:ffff:ffff:ffff:ffff,2405cb80000000000000000000000000,2405cb80ffffffffffffffffffffffff,32,中国,江苏,南京,,,320100,32.059344,118.796624,city,,2405:cb80::/32
2405:cc80::,2405:cc80:ffff:ffff:ffff:ffff:ffff:ffff,2405cc80000000000000000000000000,2405cc80ffffffffffffffffffffffff,32,中国,江苏,无锡,,,320200,31.491064,120.311889,city,,2405:cc80::/32
2405:ccc0::,2405:ccc0:ffff:ffff:ffff:ffff:ffff:ffff,2405ccc0000000000000000000000000,2405ccc0ffffffffffffffffffffffff,32,中国台湾,台湾,,,台湾,,,,country,,2405:ccc0::/32
2405:cd80::,2405:cd80:ffff:ffff:ffff:ffff:ffff:ffff,2405cd80000000000000000000000000,2405cd80ffffffffffffffffffffffff,32,中国,四川,自贡,,,510300,29.33924,104.779307,city,,2405:cd80::/32
2405:cdc0::,2405:cdc0:ffff:ffff:ffff:ffff:ffff:ffff,2405cdc0000000000000000000000000,2405cdc0ffffffffffffffffffffffff,32,中国台湾,台湾,,,台湾,,,,country,,2405:cdc0::/32
2405:ce80::,2405:ce80:ffff:ffff:ffff:ffff:ffff:ffff,2405ce80000000000000000000000000,2405ce80ffffffffffffffffffffffff,32,中国,北京,北京,朝阳,,110105,39.921444,116.443136,district,,2405:ce80::/32
2405:d140::,2405:d140:ffff:ffff:ffff:ffff:ffff:ffff,2405d140000000000000000000000000,2405d140ffffffffffffffffffffffff,32,中国台湾,台湾,,,台湾,,,,country,,2405:d140::/32
2405:d1c0::,2405:d1c0:ffff:ffff:ffff:ffff:ffff:ffff,2405d1c0000000000000000000000000,2405d1c0ffffffffffffffffffffffff,32,中国香港,香港,,,香港,,,,country,,2405:d1c0::/32
2405:d280::,2405:d280:ffff:ffff:ffff:ffff:ffff:ffff,2405d280000000000000000000000000,2405d280ffffffffffffffffffffffff,32,中国,,,,,,,,country,,2405:d280::/32
2405:d4c0::,2405:d4c0:ffff:ffff:ffff:ffff:ffff:ffff,2405d4c0000000000000000000000000,2405d4c0ffffffffffffffffffffffff,32,中国,,,,,,,,country,,2405:d4c0::/32
2405:d6c0::,2405:d6c0:ffff:ffff:ffff:ffff:ffff:ffff,2405d6c0000000000000000000000000,2405d6c0ffffffffffffffffffffffff,32,中国香港,香港,,,香港,,,,country,,2405:d6c0::/32
2405:d700::,2405:d700:ffff:ffff:ffff:ffff:ffff:ffff,2405d700000000000000000000000000,2405d700ffffffffffffffffffffffff,32,中国,北京,,,,110000,39.904179,116.407387,province,,2405:d700::/32
2405:d800::,2405:d800:ffff:ffff:ffff:ffff:ffff:ffff,2405d800000000000000000000000000,2405d800ffffffffffffffffffffffff,32,中国香港,香港,,,香港,,,,country,,2405:d800::/32
2405:d900::,2405:d900:ffff:ffff:ffff:ffff:ffff:ffff,2405d900000000000000000000000000,2405d900ffffffffffffffffffffffff,32,中国,上海,上海,黄浦,,310101,31.231661,121.48442,district,,2405:d900::/32
2405:df40::,2405:df40:ffff:ffff:ffff:ffff:ffff:ffff,2405df40000000000000000000000000,2405df40ffffffffffffffffffffffff,32,中国,,,,,,,,country,,2405:df40::/32
2405:dfc0::,2405:dfc0:ffff:ffff:ffff:ffff:ffff:ffff,2405dfc0000000000000000000000000,2405dfc0ffffffffffffffffffffffff,32,中国香港,香港,,,香港,,,,country,,2405:dfc0::/32
2405:e000::,2405:e000:ffff:ffff:ffff:ffff:ffff:ffff,2405e000000000000000000000000000,2405e000ffffffffffffffffffffffff,32,中国,北京,,,,110000,39.904179,116.407387,province,,2405:e000::/32
2405:e040::,2405:e040:ffff:ffff:ffff:ffff:ffff:ffff,2405e040000000000000000000000000,2405e040ffffffffffffffffffffffff,32,中国,,,,,,,,country,,2405:e040::/32
2405:e1c0::,2405:e1c0:ffff:ffff:ffff:ffff:ffff:ffff,2405e1c0000000000000000000000000,2405e1c0ffffffffffffffffffffffff,32,中国,,,,,,,,country,,2405:e1c0::/32
2405:e440::,2405:e440:ffff:ffff:ffff:ffff:ffff:ffff,2405e440000000000000000000000000,2405e440ffffffffffffffffffffffff,32,中国香港,香港,,,香港,,,,country,,2405:e440::/32
2405:e4c0::,2405:e4c0:ffff:ffff:ffff:ffff:ffff:ffff,2405e4c0000000000000000000000000,2405e4c0ffffffffffffffffffffffff,32,中国台湾,台湾,,,台湾,,,,country,,2405:e4c0::/32
2405:e500::,2405:e500:ffff:ffff:ffff:ffff:ffff:ffff,2405e500000000000000000000000000,2405e500ffffffffffffffffffffffff,32,中国香港,香港,,,香港,,,,country,,2405:e500::/32
2405:e580::,2405:e580:ffff:ffff:ffff:ffff:ffff:ffff,2405e580000000000000000000000000,2405e580ffffffffffffffffffffffff,32,中国香港,香港,,,香港,,,,country,,2405:e580::/32
2405:e600::,2405:e600:ffff:ffff:ffff:ffff:ffff:ffff,2405e600000000000000000000000000,2405e600ffffffffffffffffffffffff,32,中国,陕西,西安,,,610100,34.343207,108.939645,city,,2405:e600::/32
2405:e780::,2405:e780:ffff:ffff:ffff:ffff:ffff:ffff,2405e780000000000000000000000000,2405e780ffffffffffffffffffffffff,32,中国香港,香港,,,香港,,,,country,,2405:e780::/32
2405:e9c0::,2405:e9c0:ffff:ffff:ffff:ffff:ffff:ffff,2405e9c0000000000000000000000000,2405e9c0ffffffffffffffffffffffff,32,中国香港,香港,,,香港,,,,country,,2405:e9c0::/32
2405:ef00::,2405:ef00:ffff:ffff:ffff:ffff:ffff:ffff,2405ef00000000000000000000000000,2405ef00ffffffffffffffffffffffff,32,中国香港,香港,,,香港,,,,country,,2405:ef00::/32
2405:ef40::,2405:ef43:ffff:ffff:ffff:ffff:ffff:ffff,2405ef40000000000000000000000000,2405ef43ffffffffffffffffffffffff,30,中国,,,,,,,,country,,2405:ef40::/30
2405:ef80::,2405:ef80:ffff:ffff:ffff:ffff:ffff:ffff,2405ef80000000000000000000000000,2405ef80ffffffffffffffffffffffff,32,中国香港,香港,,,香港,,,,country,,2405:ef80::/32
2405:efc0::,2405:efc0:ffff:ffff:ffff:ffff:ffff:ffff,2405efc0000000000000000000000000,2405efc0ffffffffffffffffffffffff,32,中国香港,香港,,,香港,,,,country,,2405:efc0::/32
2405:f340::,2405:f340:ffff:ffff:ffff:ffff:ffff:ffff,2405f340000000000000000000000000,2405f340ffffffffffffffffffffffff,32,中国,,,,,,,,country,,2405:f340::/32
2405:f580::,2405:f580:ffff:ffff:ffff:ffff:ffff:ffff,2405f580000000000000000000000000,2405f580ffffffffffffffffffffffff,32,中国,上海,,,,310000,31.230525,121.473667,province,,2405:f580::/32
2405:f6c0::,2405:f6c0:ffff:ffff:ffff:ffff:ffff:ffff,2405f6c0000000000000000000000000,2405f6c0ffffffffffffffffffffffff,32,中国,,,,,,,,country,,2405:f6c0::/32
2405:f940::,2405:f940:ffff:ffff:ffff:ffff:ffff:ffff,2405f940000000000000000000000000,2405f940ffffffffffffffffffffffff,32,中国,,,,,,,,country,,2405:f940::/32
2405:fbc0::,2405:fbc0:ffff:ffff:ffff:ffff:ffff:ffff,2405fbc0000000000000000000000000,2405fbc0ffffffffffffffffffffffff,32,中国台湾,台湾,,,台湾,,,,country,,2405:fbc0::/32
2405:fc40::,2405:fc40:ffff:ffff:ffff:ffff:ffff:ffff,2405fc40000000000000000000000000,2405fc40ffffffffffffffffffffffff,32,中国香港,香港,,,香港,,,,country,,2405:fc40::/32
2405:fcc0::,2405:fcc0:ffff:ffff:ffff:ffff:ffff:ffff,2405fcc0000000000000000000000000,2405fcc0ffffffffffffffffffffffff,32,中国香港,香港,,,香港,,,,country,,2405:fcc0::/32
2405:fd80::,2405:fd80:ffff:ffff:ffff:ffff:ffff:ffff,2405fd80000000000000000000000000,2405fd80ffffffffffffffffffffffff,32,中国香港,香港,,,香港,,,,country,,2405:fd80::/32
2405:fdc0::,2405:fdc0:ffff:ffff:ffff:ffff:ffff:ffff,2405fdc0000000000000000000000000,2405fdc0ffffffffffffffffffffffff,32,中国,,,,,,,,country,,2405:fdc0::/32
2406::,2406:0:ffff:ffff:ffff:ffff:ffff:ffff,24060000000000000000000000000000,24060000ffffffffffffffffffffffff,32,中国香港,香港,,,香港,,,,country,,2406::/32
2406:40::,2406:40:ffff:ffff:ffff:ffff:ffff:ffff,24060040000000000000000000000000,24060040ffffffffffffffffffffffff,32,中国,,,,,,,,country,,2406:40::/32
2406:80::,2406:80:ffff:ffff:ffff:ffff:ffff:ffff,24060080000000000000000000000000,24060080ffffffffffffffffffffffff,32,中国,,,,,,,,country,,2406:80::/32
2406:c0::,2406:c0:ffff:ffff:ffff:ffff:ffff:ffff,240600c0000000000000000000000000,240600c0ffffffffffffffffffffffff,32,中国,,,,,,,,country,,2406:c0::/32
2406:140::,2406:140:ffff:ffff:ffff:ffff:ffff:ffff,24060140000000000000000000000000,24060140ffffffffffffffffffffffff,32,中国,,,,,,,,country,,2406:140::/32
2406:280::,2406:280:ffff:ffff:ffff:ffff:ffff:ffff,24060280000000000000000000000000,24060280ffffffffffffffffffffffff,32,中国,黑龙江,哈尔滨,,教育网,230100,45.802981,126.53505,city,,2406:280::/32
2406:300::,2406:300:ffff:ffff:ffff:ffff:ffff:ffff,24060300000000000000000000000000,24060300ffffffffffffffffffffffff,32,中国台湾,台湾,,,台湾,,,,country,,2406:300::/32
2406:380::,2406:380:ffff:ffff:ffff:ffff:ffff:ffff,24060380000000000000000000000000,24060380ffffffffffffffffffffffff,32,中国香港,香港,,,香港,,,,country,,2406:380::/32
2406:381::,2406:381:ffff:ffff:ffff:ffff:ffff:ffff,24060381000000000000000000000000,24060381ffffffffffffffffffffffff,32,中国香港,香港,,,香港,,,,country,,2406:381::/32
2406:440::,2406:440:ffff:ffff:ffff:ffff:ffff:ffff,24060440000000000000000000000000,24060440ffffffffffffffffffffffff,32,中国,,,,,,,,country,,2406:440::/32
2406:4c0::,2406:4c0:ffff:ffff:ffff:ffff:ffff:ffff,240604c0000000000000000000000000,240604c0ffffffffffffffffffffffff,32,中国,,,,,,,,country,,2406:4c0::/32
2406:7c0::,2406:7c0:ffff:ffff:ffff:ffff:ffff:ffff,240607c0000000000000000000000000,240607c0ffffffffffffffffffffffff,32,中国,广东,深圳,,,440300,22.543527,114.057939,city,,2406:7c0::/32
2406:840::,2406:840:ffff:ffff:ffff:ffff:ffff:ffff,24060840000000000000000000000000,24060840ffffffffffffffffffffffff,32,中国,浙江,宁波,,,330200,29.860258,121.62454,city,,2406:840::/32
2406:880::,2406:880:ffff:ffff:ffff:ffff:ffff:ffff,24060880000000000000000000000000,24060880ffffffffffffffffffffffff,32,中国,,,,,,,,country,,2406:880::/32
2406:8c0::,2406:8c0:ffff:ffff:ffff:ffff:ffff:ffff,240608c0000000000000000000000000,240608c0ffffffffffffffffffffffff,32,中国,甘肃,兰州,,,620100,36.060798,103.834228,city,,2406:8c0::/32
2406:d80::,2406:d80:ffff:ffff:ffff:ffff:ffff:ffff,24060d80000000000000000000000000,24060d80ffffffffffffffffffffffff,32,中国,,,,,,,,country,,2406:d80::/32
2406:dc0::,2406:dc0:ffff:ffff:ffff:ffff:ffff:ffff,24060dc0000000000000000000000000,24060dc0ffffffffffffffffffffffff,32,中国香港,香港,,,香港,,,,country,,2406:dc0::/32
2406:e80::,2406:e80:ffff:ffff:ffff:ffff:ffff:ffff,24060e80000000000000000000000000,24060e80ffffffffffffffffffffffff,32,中国,,,,,,,,country,,2406:e80::/32
2406:f80::,2406:f80:ffff:ffff:ffff:ffff:ffff:ffff,24060f80000000000000000000000000,24060f80ffffffffffffffffffffffff,32,中国,,,,,,,,country,,2406:f80::/32
2406:1040::,2406:1040:ffff:ffff:ffff:ffff:ffff:ffff,24061040000000000000000000000000,24061040ffffffffffffffffffffffff,32,中国香港,香港,,,香港,,,,country,,2406:1040::/32
2406:1080::,2406:1080:ffff:ffff:ffff:ffff:ffff:ffff,24061080000000000000000000000000,24061080ffffffffffffffffffffffff,32,中国,,,,,,,,country,,2406:1080::/32
2406:1100::,2406:1100:ffff:ffff:ffff:ffff:ffff:ffff,24061100000000000000000000000000,24061100ffffffffffffffffffffffff,32,中国,北京,,,,110000,39.904179,116.407387,province,,2406:1100::/32
2406:1180::,2406:1180:ffff:ffff:ffff:ffff:ffff:ffff,24061180000000000000000000000000,24061180ffffffffffffffffffffffff,32,中国,,,,,,,,country,,2406:1180::/32
2406:1280::,2406:1280:ffff:ffff:ffff:ffff:ffff:ffff,24061280000000000000000000000000,24061280ffffffffffffffffffffffff,32,中国,,,,,,,,country,,2406:1280::/32
2406:1380::,2406:1380:ffff:ffff:ffff:ffff:ffff:ffff,24061380000000000000000000000000,24061380ffffffffffffffffffffffff,32,中国,,,,,,,,country,,2406:1380::/32
2406:1480::,2406:1480:ffff:ffff:ffff:ffff:ffff:ffff,24061480000000000000000000000000,24061480ffffffffffffffffffffffff,32,中国,,,,,,,,country,,2406:1480::/32
2406:1580::,2406:1580:ffff:ffff:ffff:ffff:ffff:ffff,24061580000000000000000000000000,24061580ffffffffffffffffffffffff,32,中国,,,,,,,,country,,2406:1580::/32
2406:15c0::,2406:15c0:ffff:ffff:ffff:ffff:ffff:ffff,240615c0000000000000000000000000,240615c0ffffffffffffffffffffffff,32,中国,,,,,,,,country,,2406:15c0::/32
2406:1680::,2406:1680:ffff:ffff:ffff:ffff:ffff:ffff,24061680000000000000000000000000,24061680ffffffffffffffffffffffff,32,中国,,,,,,,,country,,2406:1680::/32
2406:1740::,2406:1740:ffff:ffff:ffff:ffff:ffff:ffff,24061740000000000000000000000000,24061740ffffffffffffffffffffffff,32,中国台湾,台湾,,,台湾,,,,country,,2406:1740::/32
2406:1780::,2406:1780:ffff:ffff:ffff:ffff:ffff:ffff,24061780000000000000000000000000,24061780ffffffffffffffffffffffff,32,中国,上海,,,,310000,31.230525,121.473667,province,,2406:1780::/32
2406:1880::,2406:1880:ffff:ffff:ffff:ffff:ffff:ffff,24061880000000000000000000000000,24061880ffffffffffffffffffffffff,32,中国,,,,,,,,country,,2406:1880::/32
2406:1980::,2406:1980:ffff:ffff:ffff:ffff:ffff:ffff,24061980000000000000000000000000,24061980ffffffffffffffffffffffff,32,中国,,,,,,,,country,,2406:1980::/32
2406:1a80::,2406:1a80:ffff:ffff:ffff:ffff:ffff:ffff,24061a80000000000000000000000000,24061a80ffffffffffffffffffffffff,32,中国,,,,,,,,country,,2406:1a80::/32
2406:1b80::,2406:1b80:ffff:ffff:ffff:ffff:ffff:ffff,24061b80000000000000000000000000,24061b80ffffffffffffffffffffffff,32,中国,,,,,,,,country,,2406:1b80::/32
2406:1c80::,2406:1c80:ffff:ffff:ffff:ffff:ffff:ffff,24061c80000000000000000000000000,24061c80ffffffffffffffffffffffff,32,中国,,,,,,,,country,,2406:1c80::/32
2406:1d80::,2406:1d80:ffff:ffff:ffff:ffff:ffff:ffff,24061d80000000000000000000000000,24061d80ffffffffffffffffffffffff,32,中国,,,,,,,,country,,2406:1d80::/32
2406:1e40::,2406:1e40:ffff:ffff:ffff:ffff:ffff:ffff,24061e40000000000000000000000000,24061e40ffffffffffffffffffffffff,32,中国,福建,福州,,,350100,26.074286,119.296411,city,,2406:1e40::/32
2406:1e80::,2406:1e80:ffff:ffff:ffff:ffff:ffff:ffff,24061e80000000000000000000000000,24061e80ffffffffffffffffffffffff,32,中国,,,,,,,,country,,2406:1e80::/32
2406:1ec0::,2406:1ec0:ffff:ffff:ffff:ffff:ffff:ffff,24061ec0000000000000000000000000,24061ec0ffffffffffffffffffffffff,32,中国香港,香港,,,香港,,,,country,,2406:1ec0::/32
2406:1f80::,2406:1f80:ffff:ffff:ffff:ffff:ffff:ffff,24061f80000000000000000000000000,24061f80ffffffffffffffffffffffff,32,中国,,,,,,,,country,,2406:1f80::/32
2406:2000::,2406:2000:ffff:ffff:ffff:ffff:ffff:ffff,24062000000000000000000000000000,24062000ffffffffffffffffffffffff,32,中国台湾,台湾,,,台湾,,,,country,,2406:2000::/32
2406:2080::,2406:2080:ffff:ffff:ffff:ffff:ffff:ffff,24062080000000000000000000000000,24062080ffffffffffffffffffffffff,32,中国,,,,,,,,country,,2406:2080::/32
2406:2640::,2406:2640:ffff:ffff:ffff:ffff:ffff:ffff,24062640000000000000000000000000,24062640ffffffffffffffffffffffff,32,中国,,,,,,,,country,,2406:2640::/32
2406:2700::,2406:2700:ffff:ffff:ffff:ffff:ffff:ffff,24062700000000000000000000000000,24062700ffffffffffffffffffffffff,32,中国,四川,,,,510000,30.651696,104.076452,province,,2406:2700::/32
2406:2780::,2406:2780:ffff:ffff:ffff:ffff:ffff:ffff,24062780000000000000000000000000,24062780ffffffffffffffffffffffff,32,中国,,,,,,,,country,,2406:2780::/32
2406:2880::,2406:2880:ffff:ffff:ffff:ffff:ffff:ffff,24062880000000000000000000000000,24062880ffffffffffffffffffffffff,32,中国,上海,,,,310000,31.230525,121.473667,province,,2406:2880::/32
2406:2980::,2406:2980:ffff:ffff:ffff:ffff:ffff:ffff,24062980000000000000000000000000,24062980ffffffffffffffffffffffff,32,中国,广东,广州,,,440100,23.130061,113.264499,city,,2406:2980::/32
2406:2a80::,2406:2a80:ffff:ffff:ffff:ffff:ffff:ffff,24062a80000000000000000000000000,24062a80ffffffffffffffffffffffff,32,中国,广东,广州,,,440100,23.130061,113.264499,city,,2406:2a80::/32
2406:2b80::,2406:2b80:ffff:ffff:ffff:ffff:ffff:ffff,24062b80000000000000000000000000,24062b80ffffffffffffffffffffffff,32,中国,,,,,,,,country,,2406:2b80::/32
2406:2c40::,2406:2c40:ffff:ffff:ffff:ffff:ffff:ffff,24062c40000000000000000000000000,24062c40ffffffffffffffffffffffff,32,中国,,,,,,,,country,,2406:2c40::/32
2406:2c80::,2406:2c80:ffff:ffff:ffff:ffff:ffff:ffff,24062c80000000000000000000000000,24062c80ffffffffffffffffffffffff,32,中国,广东,广州,,,440100,23.130061,113.264499,city,,2406:2c80::/32
2406:2d80::,2406:2d80:ffff:ffff:ffff:ffff:ffff:ffff,24062d80000000000000000000000000,24062d80ffffffffffffffffffffffff,32,中国,广东,广州,,,440100,23.130061,113.264499,city,,2406:2d80::/32
2406:2e80::,2406:2e80:ffff:ffff:ffff:ffff:ffff:ffff,24062e80000000000000000000000000,24062e80ffffffffffffffffffffffff,32,中国,广东,广州,,,440100,23.130061,113.264499,city,,2406:2e80::/32
2406:2f40::,2406:2f40:ffff:ffff:ffff:ffff:ffff:ffff,24062f40000000000000000000000000,24062f40ffffffffffffffffffffffff,32,中国台湾,台湾,,,台湾,,,,country,,2406:2f40::/32
2406:2f80::,2406:2f80:ffff:ffff:ffff:ffff:ffff:ffff,24062f80000000000000000000000000,24062f80ffffffffffffffffffffffff,32,中国,广东,广州,,,440100,23.130061,113.264499,city,,2406:2f80::/32
2406:2fc0::,2406:2fc0:ffff:ffff:ffff:ffff:ffff:ffff,24062fc0000000000000000000000000,24062fc0ffffffffffffffffffffffff,32,中国台湾,台湾,,,台湾,,,,country,,2406:2fc0::/32
2406:3080::,2406:3080:ffff:ffff:ffff:ffff:ffff:ffff,24063080000000000000000000000000,24063080ffffffffffffffffffffffff,32,中国,广东,广州,,,440100,23.130061,113.264499,city,,2406:3080::/32
2406:3180::,2406:3180:ffff:ffff:ffff:ffff:ffff:ffff,24063180000000000000000000000000,24063180ffffffffffffffffffffffff,32,中国,广东,广州,,,440100,23.130061,113.264499,city,,2406:3180::/32
2406:31c0::,2406:31c0:ffff:ffff:ffff:ffff:ffff:ffff,240631c0000000000000000000000000,240631c0ffffffffffffffffffffffff,32,中国,,,,,,,,country,,2406:31c0::/32
2406:3280::,2406:3280:ffff:ffff:ffff:ffff:ffff:ffff,24063280000000000000000000000000,24063280ffffffffffffffffffffffff,32,中国,广东,广州,,,440100,23.130061,113.264499,city,,2406:3280::/32
2406:3300::,2406:3300:ffff:ffff:ffff:ffff:ffff:ffff,24063300000000000000000000000000,24063300ffffffffffffffffffffffff,32,中国,北京,,,,110000,39.904179,116.407387,province,,2406:3300::/32
2406:3340::,2406:3340:ffff:ffff:ffff:ffff:ffff:ffff,24063340000000000000000000000000,24063340ffffffffffffffffffffffff,32,中国,辽宁,沈阳,,,210100,41.677576,123.464675,city,,2406:3340::/32
2406:3380::,2406:3380:ffff:ffff:ffff:ffff:ffff:ffff,24063380000000000000000000000000,24063380ffffffffffffffffffffffff,32,中国,广东,广州,,,440100,23.130061,113.264499,city,,2406:3380::/32
2406:3480::,2406:3480:ffff:ffff:ffff:ffff:ffff:ffff,24063480000000000000000000000000,24063480ffffffffffffffffffffffff,32,中国,广东,广州,,,440100,23.130061,113.264499,city,,2406:3480::/32
2406:34c0::,2406:34c0:ffff:ffff:ffff:ffff:ffff:ffff,240634c0000000000000000000000000,240634c0ffffffffffffffffffffffff,32,中国,,,,,,,,country,,2406:34c0::/32
2406:3540::,2406:3540:ffff:ffff:ffff:ffff:ffff:ffff,24063540000000000000000000000000,24063540ffffffffffffffffffffffff,32,中国台湾,台湾,,,台湾,,,,country,,2406:3540::/32
2406:3580::,2406:3580:ffff:ffff:ffff:ffff:ffff:ffff,24063580000000000000000000000000,24063580ffffffffffffffffffffffff,32,中国,广东,广州,,,440100,23.130061,113.264499,city,,2406:3580::/32
2406:3640::,2406:3640:ffff:ffff:ffff:ffff:ffff:ffff,24063640000000000000000000000000,24063640ffffffffffffffffffffffff,32,中国,,,,,,,,country,,2406:3640::/32
2406:3680::,2406:3680:ffff:ffff:ffff:ffff:ffff:ffff,24063680000000000000000000000000,24063680ffffffffffffffffffffffff,32,中国,广东,广州,,,440100,23.130061,113.264499,city,,2406:3680::/32
2406:3700::,2406:3700:ffff:ffff:ffff:ffff:ffff:ffff,24063700000000000000000000000000,24063700ffffffffffffffffffffffff,32,中国,广东,深圳,,,440300,22.543527,114.057939,city,,2406:3700::/32
2406:3780::,2406:3780:ffff:ffff:ffff:ffff:ffff:ffff,24063780000000000000000000000000,24063780ffffffffffffffffffffffff,32,中国,广东,广州,,,440100,23.130061,113.264499,city,,2406:3780::/32
2406:3800::,2406:3800:ffff:ffff:ffff:ffff:ffff:ffff,24063800000000000000000000000000,24063800ffffffffffffffffffffffff,32,中国香港,香港,,,香港,,,,country,,2406:3800::/32
2406:3880::,2406:3880:ffff:ffff:ffff:ffff:ffff:ffff,24063880000000000000000000000000,24063880ffffffffffffffffffffffff,32,中国,江苏,南京,,,320100,32.059344,118.796624,city,,2406:3880::/32
2406:3980::,2406:3980:ffff:ffff:ffff:ffff:ffff:ffff,24063980000000000000000000000000,24063980ffffffffffffffffffffffff,32,中国,,,,,,,,country,,2406:3980::/32
2406:39c0::,2406:39c0:ffff:ffff:ffff:ffff:ffff:ffff,240639c0000000000000000000000000,240639c0ffffffffffffffffffffffff,32,中国,,,,,,,,country,,2406:39c0::/32
2406:3a40::,2406:3a40:ffff:ffff:ffff:ffff:ffff:ffff,24063a40000000000000000000000000,24063a40ffffffffffffffffffffffff,32,中国台湾,台湾,,,台湾,,,,country,,2406:3a40::/32
2406:3ac0::,2406:3ac0:ffff:ffff:ffff:ffff:ffff:ffff,24063ac0000000000000000000000000,24063ac0ffffffffffffffffffffffff,32,中国,,,,,,,,country,,2406:3ac0::/32
2406:3d80::,2406:3d80:ffff:ffff:ffff:ffff:ffff:ffff,24063d80000000000000000000000000,24063d80ffffffffffffffffffffffff,32,中国,广东,深圳,,,440300,22.543527,114.057939,city,,2406:3d80::/32
2406:3e80::,2406:3e80:ffff:ffff:ffff:ffff:ffff:ffff,24063e80000000000000000000000000,24063e80ffffffffffffffffffffffff,32,中国,,,,,,,,country,,2406:3e80::/32
2406:3f80::,2406:3f80:ffff:ffff:ffff:ffff:ffff:ffff,24063f80000000000000000000000000,24063f80ffffffffffffffffffffffff,32,中国,,,,,,,,country,,2406:3f80::/32
2406:4080::,2406:4080:ffff:ffff:ffff:ffff:ffff:ffff,24064080000000000000000000000000,24064080ffffffffffffffffffffffff,32,中国,,,,,,,,country,,2406:4080::/32
2406:40c0::,2406:40c0:ffff:ffff:ffff:ffff:ffff:ffff,240640c0000000000000000000000000,240640c0ffffffffffffffffffffffff,32,中国,,,,,,,,country,,2406:40c0::/32
2406:4180::,2406:4180:ffff:ffff:ffff:ffff:ffff:ffff,24064180000000000000000000000000,24064180ffffffffffffffffffffffff,32,中国,,,,,,,,country,,2406:4180::/32
2406:4280::,2406:4280:ffff:ffff:ffff:ffff:ffff:ffff,24064280000000000000000000000000,24064280ffffffffffffffffffffffff,32,中国,,,,,,,,country,,2406:4280::/32
2406:42c0::,2406:42c0:ffff:ffff:ffff:ffff:ffff:ffff,240642c0000000000000000000000000,240642c0ffffffffffffffffffffffff,32,中国,,,,,,,,country,,2406:42c0::/32
2406:4300::,2406:4300:ffff:ffff:ffff:ffff:ffff:ffff,24064300000000000000000000000000,24064300ffffffffffffffffffffffff,32,中国香港,香港,,,香港,,,,country,,2406:4300::/32
2406:4340::,2406:4340:ffff:ffff:ffff:ffff:ffff:ffff,24064340000000000000000000000000,24064340ffffffffffffffffffffffff,32,中国,,,,,,,,country,,2406:4340::/32
2406:4380::,2406:4380:ffff:ffff:ffff:ffff:ffff:ffff,24064380000000000000000000000000,24064380ffffffffffffffffffffffff,32,中国,,,,,,,,country,,2406:4380::/32
2406:43c0::,2406:43c0:ffff:ffff:ffff:ffff:ffff:ffff,240643c0000000000000000000000000,240643c0ffffffffffffffffffffffff,32,中国,,,,,,,,country,,2406:43c0::/32
2406:4440::,2406:4440:ffff:ffff:ffff:ffff:ffff:ffff,24064440000000000000000000000000,24064440ffffffffffffffffffffffff,32,中国香港,香港,,,香港,,,,country,,2406:4440::/32
2406:4480::,2406:4480:ffff:ffff:ffff:ffff:ffff:ffff,24064480000000000000000000000000,24064480ffffffffffffffffffffffff,32,中国,,,,,,,,country,,2406:4480::/32
2406:4500::,2406:4500:ffff:ffff:ffff:ffff:ffff:ffff,24064500000000000000000000000000,24064500ffffffffffffffffffffffff,32,中国,上海,,,,310000,31.230525,121.473667,province,,2406:4500::/32
2406:4680::,2406:4680:ffff:ffff:ffff:ffff:ffff:ffff,24064680000000000000000000000000,24064680ffffffffffffffffffffffff,32,中国,,,,,,,,country,,2406:4680::/32
2406:48c0::,2406:48c0:ffff:ffff:ffff:ffff:ffff:ffff,240648c0000000000000000000000000,240648c0ffffffffffffffffffffffff,32,中国台湾,台湾,,,台湾,,,,country,,2406:48c0::/32
2406:4ac0::,2406:4ac0:ffff:ffff:ffff:ffff:ffff:ffff,24064ac0000000000000000000000000,24064ac0ffffffffffffffffffffffff,32,中国台湾,台湾,,,台湾,,,,country,,2406:4ac0::/32
2406:4b80::,2406:4b80:ffff:ffff:ffff:ffff:ffff:ffff,24064b80000000000000000000000000,24064b80ffffffffffffffffffffffff,32,中国,,,,,,,,country,,2406:4b80::/32
2406:4c80::,2406:4c80:ffff:ffff:ffff:ffff:ffff:ffff,24064c80000000000000000000000000,24064c80ffffffffffffffffffffffff,32,中国,,,,,,,,country,,2406:4c80::/32
2406:4d00::,2406:4d00:ffff:ffff:ffff:ffff:ffff:ffff,24064d00000000000000000000000000,24064d00ffffffffffffffffffffffff,32,中国,北京,,,,110000,39.904179,116.407387,province,,2406:4d00::/32
2406:4d80::,2406:4d80:ffff:ffff:ffff:ffff:ffff:ffff,24064d80000000000000000000000000,24064d80ffffffffffffffffffffffff,32,中国,,,,,,,,country,,2406:4d80::/32
2406:4e80::,2406:4e80:ffff:ffff:ffff:ffff:ffff:ffff,24064e80000000000000000000000000,24064e80ffffffffffffffffffffffff,32,中国,,,,,,,,country,,2406:4e80::/32
2406:4f00::,2406:4f00:ffff:ffff:ffff:ffff:ffff:ffff,24064f00000000000000000000000000,24064f00ffffffffffffffffffffffff,32,中国,北京,,,,110000,39.904179,116.407387,province,,2406:4f00::/32
2406:4f80::,2406:4f80:ffff:ffff:ffff:ffff:ffff:ffff,24064f80000000000000000000000000,24064f80ffffffffffffffffffffffff,32,中国,,,,,,,,country,,2406:4f80::/32
2406:5080::,2406:5080:ffff:ffff:ffff:ffff:ffff:ffff,24065080000000000000000000000000,24065080ffffffffffffffffffffffff,32,中国,,,,,,,,country,,2406:5080::/32
2406:50c0::,2406:50c0:ffff:ffff:ffff:ffff:ffff:ffff,240650c0000000000000000000000000,240650c0ffffffffffffffffffffffff,32,中国,,,,,,,,country,,2406:50c0::/32
2406:5180::,2406:5180:ffff:ffff:ffff:ffff:ffff:ffff,24065180000000000000000000000000,24065180ffffffffffffffffffffffff,32,中国,,,,,,,,country,,2406:5180::/32
2406:5280::,2406:5280:ffff:ffff:ffff:ffff:ffff:ffff,24065280000000000000000000000000,24065280ffffffffffffffffffffffff,32,中国,,,,,,,,country,,2406:5280::/32
2406:52c0::,2406:52c0:ffff:ffff:ffff:ffff:ffff:ffff,240652c0000000000000000000000000,240652c0ffffffffffffffffffffffff,32,中国,北京,,,,110000,39.904179,116.407387,province,,2406:52c0::/32
2406:5340::,2406:5340:ffff:ffff:ffff:ffff:ffff:ffff,24065340000000000000000000000000,24065340ffffffffffffffffffffffff,32,中国,浙江,杭州,萧山,,330109,30.184119,120.264263,district,,2406:5340::/32
2406:5380::,2406:5380:ffff:ffff:ffff:ffff:ffff:ffff,24065380000000000000000000000000,24065380ffffffffffffffffffffffff,32,中国,,,,,,,,country,,2406:5380::/32
2406:5480::,2406:5480:ffff:ffff:ffff:ffff:ffff:ffff,24065480000000000000000000000000,24065480ffffffffffffffffffffffff,32,中国,,,,,,,,country,,2406:5480::/32
2406:5580::,2406:5580:ffff:ffff:ffff:ffff:ffff:ffff,24065580000000000000000000000000,24065580ffffffffffffffffffffffff,32,中国,,,,,,,,country,,2406:5580::/32
2406:5680::,2406:5680:ffff:ffff:ffff:ffff:ffff:ffff,24065680000000000000000000000000,24065680ffffffffffffffffffffffff,32,中国,,,,,,,,country,,2406:5680::/32
2406:5780::,2406:5780:ffff:ffff:ffff:ffff:ffff:ffff,24065780000000000000000000000000,24065780ffffffffffffffffffffffff,32,中国,,,,,,,,country,,2406:5780::/32
2406:5840::,2406:5840:ffff:ffff:ffff:ffff:ffff:ffff,24065840000000000000000000000000,24065840ffffffffffffffffffffffff,32,中国,,,,,,,,country,,2406:5840::/32
2406:5841::,2406:5841:ffff:ffff:ffff:ffff:ffff:ffff,24065841000000000000000000000000,24065841ffffffffffffffffffffffff,32,中国,,,,,,,,country,,2406:5841::/32
2406:5880::,2406:5880:ffff:ffff:ffff:ffff:ffff:ffff,24065880000000000000000000000000,24065880ffffffffffffffffffffffff,32,中国,江苏,南京,,,320100,32.059344,118.796624,city,,2406:5880::/32
2406:5940::,2406:5940:ffff:ffff:ffff:ffff:ffff:ffff,24065940000000000000000000000000,24065940ffffffffffffffffffffffff,32,中国,,,,,,,,country,,2406:5940::/32
2406:5980::,2406:5980:ffff:ffff:ffff:ffff:ffff:ffff,24065980000000000000000000000000,24065980ffffffffffffffffffffffff,32,中国,,,,,,,,country,,2406:5980::/32
2406:5a40::,2406:5a40:ffff:ffff:ffff:ffff:ffff:ffff,24065a40000000000000000000000000,24065a40ffffffffffffffffffffffff,32,中国,,,,,,,,country,,2406:5a40::/32
2406:5ac0::,2406:5ac0:ffff:ffff:ffff:ffff:ffff:ffff,24065ac0000000000000000000000000,24065ac0ffffffffffffffffffffffff,32,中国,,,,,,,,country,,2406:5ac0::/32
2406:5b40::,2406:5b40:ffff:ffff:ffff:ffff:ffff:ffff,24065b40000000000000000000000000,24065b40ffffffffffffffffffffffff,32,中国,,,,,,,,country,,2406:5b40::/32
2406:5d80::,2406:5d80:ffff:ffff:ffff:ffff:ffff:ffff,24065d80000000000000000000000000,24065d80ffffffffffffffffffffffff,32,中国,,,,,,,,country,,2406:5d80::/32
2406:5e80::,2406:5e80:ffff:ffff:ffff:ffff:ffff:ffff,24065e80000000000000000000000000,24065e80ffffffffffffffffffffffff,32,中国,,,,,,,,country,,2406:5e80::/32
2406:5f80::,2406:5f80:ffff:ffff:ffff:ffff:ffff:ffff,24065f80000000000000000000000000,24065f80ffffffffffffffffffffffff,32,中国,,,,,,,,country,,2406:5f80::/32
2406:6080::,2406:6080:ffff:ffff:ffff:ffff:ffff:ffff,24066080000000000000000000000000,24066080ffffffffffffffffffffffff,32,中国,,,,,,,,country,,2406:6080::/32
2406:6100::,2406:6100:ffff:ffff:ffff:ffff:ffff:ffff,24066100000000000000000000000000,24066100ffffffffffffffffffffffff,32,中国,浙江,杭州,,,330100,30.246566,120.209903,city,,2406:6100::/32
2406:6180::,2406:6180:ffff:ffff:ffff:ffff:ffff:ffff,24066180000000000000000000000000,24066180ffffffffffffffffffffffff,32,中国,,,,,,,,country,,2406:6180::/32
2406:61c0::,2406:61c3:ffff:ffff:ffff:ffff:ffff:ffff,240661c0000000000000000000000000,240661c3ffffffffffffffffffffffff,30,中国,,,,,,,,country,,2406:61c0::/30
2406:61c4::,2406:61c7:ffff:ffff:ffff:ffff:ffff:ffff,240661c4000000000000000000000000,240661c7ffffffffffffffffffffffff,30,中国,,,,,,,,country,,2406:61c4::/30
2406:6280::,2406:6280:ffff:ffff:ffff:ffff:ffff:ffff,24066280000000000000000000000000,24066280ffffffffffffffffffffffff,32,中国,,,,,,,,country,,2406:6280::/32
2406:6300::,2406:6300:ffff:ffff:ffff:ffff:ffff:ffff,24066300000000000000000000000000,24066300ffffffffffffffffffffffff,32,中国,陕西,西安,,,610100,34.343207,108.939645,city,,2406:6300::/32
2406:6340::,2406:6340:ffff:ffff:ffff:ffff:ffff:ffff,24066340000000000000000000000000,24066340ffffffffffffffffffffffff,32,中国,,,,,,,,country,,2406:6340::/32
2406:6380::,2406:6380:ffff:ffff:ffff:ffff:ffff:ffff,24066380000000000000000000000000,24066380ffffffffffffffffffffffff,32,中国,,,,,,,,country,,2406:6380::/32
2406:6480::,2406:6480:ffff:ffff:ffff:ffff:ffff:ffff,24066480000000000000000000000000,24066480ffffffffffffffffffffffff,32,中国,,,,,,,,country,,2406:6480::/32
2406:6500::,2406:6500:ffff:ffff:ffff:ffff:ffff:ffff,24066500000000000000000000000000,24066500ffffffffffffffffffffffff,32,中国,北京,,,,110000,39.904179,116.407387,province,,2406:6500::/32
2406:6580::,2406:6580:ffff:ffff:ffff:ffff:ffff:ffff,24066580000000000000000000000000,24066580ffffffffffffffffffffffff,32,中国,,,,,,,,country,,2406:6580::/32
2406:65c0::,2406:65c0:ffff:ffff:ffff:ffff:ffff:ffff,240665c0000000000000000000000000,240665c0ffffffffffffffffffffffff,32,中国,,,,,,,,country,,2406:65c0::/32
2406:6640::,2406:6640:ffff:ffff:ffff:ffff:ffff:ffff,24066640000000000000000000000000,24066640ffffffffffffffffffffffff,32,中国,,,,,,,,country,,2406:6640::/32
2406:6680::,2406:6680:ffff:ffff:ffff:ffff:ffff:ffff,24066680000000000000000000000000,24066680ffffffffffffffffffffffff,32,中国,,,,,,,,country,,2406:6680::/32
2406:6780::,2406:6780:ffff:ffff:ffff:ffff:ffff:ffff,24066780000000000000000000000000,24066780ffffffffffffffffffffffff,32,中国,,,,,,,,country,,2406:6780::/32
2406:6880::,2406:6880:ffff:ffff:ffff:ffff:ffff:ffff,24066880000000000000000000000000,24066880ffffffffffffffffffffffff,32,中国,,,,,,,,country,,2406:6880::/32
2406:6980::,2406:6980:ffff:ffff:ffff:ffff:ffff:ffff,24066980000000000000000000000000,24066980ffffffffffffffffffffffff,32,中国,,,,,,,,country,,2406:6980::/32
2406:6a80::,2406:6a80:ffff:ffff:ffff:ffff:ffff:ffff,24066a80000000000000000000000000,24066a80ffffffffffffffffffffffff,32,中国,,,,,,,,country,,2406:6a80::/32
2406:6b40::,2406:6b40:ffff:ffff:ffff:ffff:ffff:ffff,24066b40000000000000000000000000,24066b40ffffffffffffffffffffffff,32,中国香港,香港,,,香港,,,,country,,2406:6b40::/32
2406:6b80::,2406:6b80:ffff:ffff:ffff:ffff:ffff:ffff,24066b80000000000000000000000000,24066b80ffffffffffffffffffffffff,32,中国,,,,,,,,country,,2406:6b80::/32
2406:6bc0::,2406:6bc0:ffff:ffff:ffff:ffff:ffff:ffff,24066bc0000000000000000000000000,24066bc0ffffffffffffffffffffffff,32,中国,,,,,,,,country,,2406:6bc0::/32
2406:6c80::,2406:6c80:ffff:ffff:ffff:ffff:ffff:ffff,24066c80000000000000000000000000,24066c80ffffffffffffffffffffffff,32,中国,,,,,,,,country,,2406:6c80::/32
2406:6d80::,2406:6d80:ffff:ffff:ffff:ffff:ffff:ffff,24066d80000000000000000000000000,24066d80ffffffffffffffffffffffff,32,中国,,,,,,,,country,,2406:6d80::/32
2406:6e80::,2406:6e80:ffff:ffff:ffff:ffff:ffff:ffff,24066e80000000000000000000000000,24066e80ffffffffffffffffffffffff,32,中国,,,,,,,,country,,2406:6e80::/32
2406:6f40::,2406:6f40:ffff:ffff:ffff:ffff:ffff:ffff,24066f40000000000000000000000000,24066f40ffffffffffffffffffffffff,32,中国香港,香港,,,香港,,,,country,,2406:6f40::/32
2406:6f80::,2406:6f80:ffff:ffff:ffff:ffff:ffff:ffff,24066f80000000000000000000000000,24066f80ffffffffffffffffffffffff,32,中国,,,,,,,,country,,2406:6f80::/32
2406:7080::,2406:7080:ffff:ffff:ffff:ffff:ffff:ffff,24067080000000000000000000000000,24067080ffffffffffffffffffffffff,32,中国,上海,,,,310000,31.230525,121.473667,province,,2406:7080::/32
2406:7180::,2406:7180:ffff:ffff:ffff:ffff:ffff:ffff,24067180000000000000000000000000,24067180ffffffffffffffffffffffff,32,中国香港,香港,,,香港,,,,country,,2406:7180::/32
2406:7280::,2406:7280:ffff:ffff:ffff:ffff:ffff:ffff,24067280000000000000000000000000,24067280ffffffffffffffffffffffff,32,中国,广东,东莞,,,441900,23.021016,113.751884,city,,2406:7280::/32
2406:7380::,2406:7380:ffff:ffff:ffff:ffff:ffff:ffff,24067380000000000000000000000000,24067380ffffffffffffffffffffffff,32,中国,上海,,,,310000,31.230525,121.473667,province,,2406:7380::/32
2406:7480::,2406:7480:ffff:ffff:ffff:ffff:ffff:ffff,24067480000000000000000000000000,24067480ffffffffffffffffffffffff,32,中国,,,,,,,,country,,2406:7480::/32
2406:7580::,2406:7580:ffff:ffff:ffff:ffff:ffff:ffff,24067580000000000000000000000000,24067580ffffffffffffffffffffffff,32,中国,,,,,,,,country,,2406:7580::/32
2406:7680::,2406:7680:ffff:ffff:ffff:ffff:ffff:ffff,24067680000000000000000000000000,24067680ffffffffffffffffffffffff,32,中国,,,,,,,,country,,2406:7680::/32
2406:7780::,2406:7780:ffff:ffff:ffff:ffff:ffff:ffff,24067780000000000000000000000000,24067780ffffffffffffffffffffffff,32,中国,,,,,,,,country,,2406:7780::/32
2406:77c0::,2406:77c0:ffff:ffff:ffff:ffff:ffff:ffff,240677c0000000000000000000000000,240677c0ffffffffffffffffffffffff,32,中国台湾,台湾,,,台湾,,,,country,,2406:77c0::/32
2406:7840::,2406:7840:ffff:ffff:ffff:ffff:ffff:ffff,24067840000000000000000000000000,24067840ffffffffffffffffffffffff,32,中国香港,香港,,,香港,,,,country,,2406:7840::/32
2406:7880::,2406:7880:ffff:ffff:ffff:ffff:ffff:ffff,24067880000000000000000000000000,24067880ffffffffffffffffffffffff,32,中国,,,,,,,,country,,2406:7880::/32
2406:7980::,2406:7980:ffff:ffff:ffff:ffff:ffff:ffff,24067980000000000000000000000000,24067980ffffffffffffffffffffffff,32,中国,,,,,,,,country,,2406:7980::/32
2406:7a40::,2406:7a40:ffff:ffff:ffff:ffff:ffff:ffff,24067a40000000000000000000000000,24067a40ffffffffffffffffffffffff,32,中国香港,香港,,,香港,,,,country,,2406:7a40::/32
2406:7a80::,2406:7a80:ffff:ffff:ffff:ffff:ffff:ffff,24067a80000000000000000000000000,24067a80ffffffffffffffffffffffff,32,中国,,,,,,,,country,,2406:7a80::/32
2406:7b80::,2406:7b80:ffff:ffff:ffff:ffff:ffff:ffff,24067b80000000000000000000000000,24067b80ffffffffffffffffffffffff,32,中国,,,,,,,,country,,2406:7b80::/32
2406:7c80::,2406:7c80:ffff:ffff:ffff:ffff:ffff:ffff,24067c80000000000000000000000000,24067c80ffffffffffffffffffffffff,32,中国,,,,,,,,country,,2406:7c80::/32
2406:7d00::,2406:7d00:ffff:ffff:ffff:ffff:ffff:ffff,24067d00000000000000000000000000,24067d00ffffffffffffffffffffffff,32,中国,,,,,,,,country,,2406:7d00::/32
2406:7d80::,2406:7d80:ffff:ffff:ffff:ffff:ffff:ffff,24067d80000000000000000000000000,24067d80ffffffffffffffffffffffff,32,中国,,,,,,,,country,,2406:7d80::/32
2406:7e80::,2406:7e80:ffff:ffff:ffff:ffff:ffff:ffff,24067e80000000000000000000000000,24067e80ffffffffffffffffffffffff,32,中国,,,,,,,,country,,2406:7e80::/32
2406:7f80::,2406:7f80:ffff:ffff:ffff:ffff:ffff:ffff,24067f80000000000000000000000000,24067f80ffffffffffffffffffffffff,32,中国,,,,,,,,country,,2406:7f80::/32
2406:7fc0::,2406:7fc0:ffff:ffff:ffff:ffff:ffff:ffff,24067fc0000000000000000000000000,24067fc0ffffffffffffffffffffffff,32,中国,,,,,,,,country,,2406:7fc0::/32
2406:8080::,2406:8080:ffff:ffff:ffff:ffff:ffff:ffff,24068080000000000000000000000000,24068080ffffffffffffffffffffffff,32,中国,江苏,南京,,,320100,32.059344,118.796624,city,,2406:8080::/32
2406:8100::,2406:8100:ffff:ffff:ffff:ffff:ffff:ffff,24068100000000000000000000000000,24068100ffffffffffffffffffffffff,32,中国香港,香港,,,香港,,,,country,,2406:8100::/32
2406:8180::,2406:8180:ffff:ffff:ffff:ffff:ffff:ffff,24068180000000000000000000000000,24068180ffffffffffffffffffffffff,32,中国,浙江,宁波,,,330200,29.860258,121.62454,city,,2406:8180::/32
2406:81c0::,2406:81c0:ffff:ffff:ffff:ffff:ffff:ffff,240681c0000000000000000000000000,240681c0ffffffffffffffffffffffff,32,中国香港,香港,,,香港,,,,country,,2406:81c0::/32
2406:8280::,2406:8280:ffff:ffff:ffff:ffff:ffff:ffff,24068280000000000000000000000000,24068280ffffffffffffffffffffffff,32,中国,浙江,宁波,,,330200,29.860258,121.62454,city,,2406:8280::/32
2406:8380::,2406:8380:ffff:ffff:ffff:ffff:ffff:ffff,24068380000000000000000000000000,24068380ffffffffffffffffffffffff,32,中国,浙江,宁波,,,330200,29.860258,121.62454,city,,2406:8380::/32
2406:8480::,2406:8480:ffff:ffff:ffff:ffff:ffff:ffff,24068480000000000000000000000000,24068480ffffffffffffffffffffffff,32,中国,上海,,,,310000,31.230525,121.473667,province,,2406:8480::/32
2406:8500::,2406:8500:ffff:ffff:ffff:ffff:ffff:ffff,24068500000000000000000000000000,24068500ffffffffffffffffffffffff,32,中国,广东,广州,,,440100,23.130061,113.264499,city,,2406:8500::/32
2406:8580::,2406:8580:ffff:ffff:ffff:ffff:ffff:ffff,24068580000000000000000000000000,24068580ffffffffffffffffffffffff,32,中国,上海,,,,310000,31.230525,121.473667,province,,2406:8580::/32
2406:8680::,2406:8680:ffff:ffff:ffff:ffff:ffff:ffff,24068680000000000000000000000000,24068680ffffffffffffffffffffffff,32,中国香港,香港,,,香港,,,,country,,2406:8680::/32
2406:86c0::,2406:86c0:ffff:ffff:ffff:ffff:ffff:ffff,240686c0000000000000000000000000,240686c0ffffffffffffffffffffffff,32,中国台湾,台湾,,,台湾,,,,country,,2406:86c0::/32
2406:8780::,2406:8780:ffff:ffff:ffff:ffff:ffff:ffff,24068780000000000000000000000000,24068780ffffffffffffffffffffffff,32,中国,,,,,,,,country,,2406:8780::/32
2406:8880::,2406:8880:ffff:ffff:ffff:ffff:ffff:ffff,24068880000000000000000000000000,24068880ffffffffffffffffffffffff,32,中国,江苏,常州,,,320400,31.811313,119.974092,city,,2406:8880::/32
2406:8980::,2406:8980:ffff:ffff:ffff:ffff:ffff:ffff,24068980000000000000000000000000,24068980ffffffffffffffffffffffff,32,中国,江苏,无锡,,,320200,31.491064,120.311889,city,,2406:8980::/32
2406:8a80::,2406:8a80:ffff:ffff:ffff:ffff:ffff:ffff,24068a80000000000000000000000000,24068a80ffffffffffffffffffffffff,32,中国,江苏,无锡,,,320200,31.491064,120.311889,city,,2406:8a80::/32
2406:8b80::,2406:8b80:ffff:ffff:ffff:ffff:ffff:ffff,24068b80000000000000000000000000,24068b80ffffffffffffffffffffffff,32,中国,江苏,无锡,,,320200,31.491064,120.311889,city,,2406:8b80::/32
2406:8c80::,2406:8c80:ffff:ffff:ffff:ffff:ffff:ffff,24068c80000000000000000000000000,24068c80ffffffffffffffffffffffff,32,中国,,,,,,,,country,,2406:8c80::/32
2406:8d80::,2406:8d80:ffff:ffff:ffff:ffff:ffff:ffff,24068d80000000000000000000000000,24068d80ffffffffffffffffffffffff,32,中国,,,,,,,,country,,2406:8d80::/32
2406:8e80::,2406:8e80:ffff:ffff:ffff:ffff:ffff:ffff,24068e80000000000000000000000000,24068e80ffffffffffffffffffffffff,32,中国,,,,,,,,country,,2406:8e80::/32
2406:8f40::,2406:8f40:ffff:ffff:ffff:ffff:ffff:ffff,24068f40000000000000000000000000,24068f40ffffffffffffffffffffffff,32,中国,,,,,,,,country,,2406:8f40::/32
2406:8f80::,2406:8f80:ffff:ffff:ffff:ffff:ffff:ffff,24068f80000000000000000000000000,24068f80ffffffffffffffffffffffff,32,中国,,,,,,,,country,,2406:8f80::/32
2406:9040::,2406:9040:ffff:ffff:ffff:ffff:ffff:ffff,24069040000000000000000000000000,24069040ffffffffffffffffffffffff,32,中国台湾,台湾,,,台湾,,,,country,,2406:9040::/32
2406:9100::,2406:9100:ffff:ffff:ffff:ffff:ffff:ffff,24069100000000000000000000000000,24069100ffffffffffffffffffffffff,32,中国香港,香港,,,香港,,,,country,,2406:9100::/32
2406:9200::,2406:9200:ffff:ffff:ffff:ffff:ffff:ffff,24069200000000000000000000000000,24069200ffffffffffffffffffffffff,32,中国,上海,,,,310000,31.230525,121.473667,province,,2406:9200::/32
2406:9380::,2406:9380:ffff:ffff:ffff:ffff:ffff:ffff,24069380000000000000000000000000,24069380ffffffffffffffffffffffff,32,中国,,,,,,,,country,,2406:9380::/32
2406:9400::,2406:9400:ffff:ffff:ffff:ffff:ffff:ffff,24069400000000000000000000000000,24069400ffffffffffffffffffffffff,32,中国香港,香港,,,香港,,,,country,,2406:9400::/32
2406:9480::,2406:9480:ffff:ffff:ffff:ffff:ffff:ffff,24069480000000000000000000000000,24069480ffffffffffffffffffffffff,32,中国,,,,,,,,country,,2406:9480::/32
2406:94c0::,2406:94c0:ffff:ffff:ffff:ffff:ffff:ffff,240694c0000000000000000000000000,240694c0ffffffffffffffffffffffff,32,中国,,,,,,,,country,,2406:94c0::/32
2406:9580::,2406:9580:ffff:ffff:ffff:ffff:ffff:ffff,24069580000000000000000000000000,24069580ffffffffffffffffffffffff,32,中国台湾,台湾,,,台湾,,,,country,,2406:9580::/32
2406:95c0::,2406:95c0:ffff:ffff:ffff:ffff:ffff:ffff,240695c0000000000000000000000000,240695c0ffffffffffffffffffffffff,32,中国香港,香港,,,香港,,,,country,,2406:95c0::/32
2406:9640::,2406:9640:ffff:ffff:ffff:ffff:ffff:ffff,24069640000000000000000000000000,24069640ffffffffffffffffffffffff,32,中国香港,香港,,,香港,,,,country,,2406:9640::/32
2406:9780::,2406:9780:ffff:ffff:ffff:ffff:ffff:ffff,24069780000000000000000000000000,24069780ffffffffffffffffffffffff,32,中国,,,,,,,,country,,2406:9780::/32
2406:9b80::,2406:9b80:ffff:ffff:ffff:ffff:ffff:ffff,24069b80000000000000000000000000,24069b80ffffffffffffffffffffffff,32,中国香港,香港,,,香港,,,,country,,2406:9b80::/32
2406:9c00::,2406:9c00:ffff:ffff:ffff:ffff:ffff:ffff,24069c00000000000000000000000000,24069c00ffffffffffffffffffffffff,32,中国香港,香港,,,香港,,,,country,,2406:9c00::/32
2406:9d80::,2406:9d80:ffff:ffff:ffff:ffff:ffff:ffff,24069d80000000000000000000000000,24069d80ffffffffffffffffffffffff,32,中国,,,,,,,,country,,2406:9d80::/32
2406:9e80::,2406:9e80:ffff:ffff:ffff:ffff:ffff:ffff,24069e80000000000000000000000000,24069e80ffffffffffffffffffffffff,32,中国,,,,,,,,country,,2406:9e80::/32
2406:9f80::,2406:9f80:ffff:ffff:ffff:ffff:ffff:ffff,24069f80000000000000000000000000,24069f80ffffffffffffffffffffffff,32,中国,,,,,,,,country,,2406:9f80::/32
2406:a080::,2406:a080:ffff:ffff:ffff:ffff:ffff:ffff,2406a080000000000000000000000000,2406a080ffffffffffffffffffffffff,32,中国,,,,,,,,country,,2406:a080::/32
2406:a180::,2406:a180:ffff:ffff:ffff:ffff:ffff:ffff,2406a180000000000000000000000000,2406a180ffffffffffffffffffffffff,32,中国,,,,,,,,country,,2406:a180::/32
2406:a280::,2406:a280:ffff:ffff:ffff:ffff:ffff:ffff,2406a280000000000000000000000000,2406a280ffffffffffffffffffffffff,32,中国,,,,,,,,country,,2406:a280::/32
2406:a380::,2406:a380:ffff:ffff:ffff:ffff:ffff:ffff,2406a380000000000000000000000000,2406a380ffffffffffffffffffffffff,32,中国,,,,,,,,country,,2406:a380::/32
2406:a480::,2406:a480:ffff:ffff:ffff:ffff:ffff:ffff,2406a480000000000000000000000000,2406a480ffffffffffffffffffffffff,32,中国,,,,,,,,country,,2406:a480::/32
2406:a580::,2406:a580:ffff:ffff:ffff:ffff:ffff:ffff,2406a580000000000000000000000000,2406a580ffffffffffffffffffffffff,32,中国,,,,,,,,country,,2406:a580::/32
2406:a680::,2406:a680:ffff:ffff:ffff:ffff:ffff:ffff,2406a680000000000000000000000000,2406a680ffffffffffffffffffffffff,32,中国,,,,,,,,country,,2406:a680::/32
2406:a780::,2406:a780:ffff:ffff:ffff:ffff:ffff:ffff,2406a780000000000000000000000000,2406a780ffffffffffffffffffffffff,32,中国,,,,,,,,country,,2406:a780::/32
2406:a7c0::,2406:a7c0:ffff:ffff:ffff:ffff:ffff:ffff,2406a7c0000000000000000000000000,2406a7c0ffffffffffffffffffffffff,32,中国,,,,,,,,country,,2406:a7c0::/32
2406:a880::,2406:a880:ffff:ffff:ffff:ffff:ffff:ffff,2406a880000000000000000000000000,2406a880ffffffffffffffffffffffff,32,中国,,,,,,,,country,,2406:a880::/32
2406:a8c0::,2406:a8c0:ffff:ffff:ffff:ffff:ffff:ffff,2406a8c0000000000000000000000000,2406a8c0ffffffffffffffffffffffff,32,中国,,,,,,,,country,,2406:a8c0::/32
2406:a980::,2406:a980:ffff:ffff:ffff:ffff:ffff:ffff,2406a980000000000000000000000000,2406a980ffffffffffffffffffffffff,32,中国,,,,,,,,country,,2406:a980::/32
2406:aa80::,2406:aa80:ffff:ffff:ffff:ffff:ffff:ffff,2406aa80000000000000000000000000,2406aa80ffffffffffffffffffffffff,32,中国,,,,,,,,country,,2406:aa80::/32
2406:aac0::,2406:aac0:ffff:ffff:ffff:ffff:ffff:ffff,2406aac0000000000000000000000000,2406aac0ffffffffffffffffffffffff,32,中国,,,,,,,,country,,2406:aac0::/32
2406:ab80::,2406:ab80:ffff:ffff:ffff:ffff:ffff:ffff,2406ab80000000000000000000000000,2406ab80ffffffffffffffffffffffff,32,中国,,,,,,,,country,,2406:ab80::/32
2406:ac80::,2406:ac80:ffff:ffff:ffff:ffff:ffff:ffff,2406ac80000000000000000000000000,2406ac80ffffffffffffffffffffffff,32,中国,,,,,,,,country,,2406:ac80::/32
2406:acc0::,2406:acc0:ffff:ffff:ffff:ffff:ffff:ffff,2406acc0000000000000000000000000,2406acc0ffffffffffffffffffffffff,32,中国,,,,,,,,country,,2406:acc0::/32
2406:ad40::,2406:ad40:ffff:ffff:ffff:ffff:ffff:ffff,2406ad40000000000000000000000000,2406ad40ffffffffffffffffffffffff,32,中国,,,,,,,,country,,2406:ad40::/32
2406:ad80::,2406:ad80:ffff:ffff:ffff:ffff:ffff:ffff,2406ad80000000000000000000000000,2406ad80ffffffffffffffffffffffff,32,中国,,,,,,,,country,,2406:ad80::/32
2406:ae80::,2406:ae80:ffff:ffff:ffff:ffff:ffff:ffff,2406ae80000000000000000000000000,2406ae80ffffffffffffffffffffffff,32,中国,,,,,,,,country,,2406:ae80::/32
2406:af40::,2406:af40:ffff:ffff:ffff:ffff:ffff:ffff,2406af40000000000000000000000000,2406af40ffffffffffffffffffffffff,32,中国香港,香港,,,香港,,,,country,,2406:af40::/32
2406:af80::,2406:af80:ffff:ffff:ffff:ffff:ffff:ffff,2406af80000000000000000000000000,2406af80ffffffffffffffffffffffff,32,中国,,,,,,,,country,,2406:af80::/32
2406:b080::,2406:b080:ffff:ffff:ffff:ffff:ffff:ffff,2406b080000000000000000000000000,2406b080ffffffffffffffffffffffff,32,中国,,,,,,,,country,,2406:b080::/32
2406:b4c0::,2406:b4c0:ffff:ffff:ffff:ffff:ffff:ffff,2406b4c0000000000000000000000000,2406b4c0ffffffffffffffffffffffff,32,中国台湾,台湾,,,台湾,,,,country,,2406:b4c0::/32
2406:b640::,2406:b640:ffff:ffff:ffff:ffff:ffff:ffff,2406b640000000000000000000000000,2406b640ffffffffffffffffffffffff,32,中国,,,,,,,,country,,2406:b640::/32
2406:b880::,2406:b880:ffff:ffff:ffff:ffff:ffff:ffff,2406b880000000000000000000000000,2406b880ffffffffffffffffffffffff,32,中国,,,,,,,,country,,2406:b880::/32
2406:b980::,2406:b980:ffff:ffff:ffff:ffff:ffff:ffff,2406b980000000000000000000000000,2406b980ffffffffffffffffffffffff,32,中国,,,,,,,,country,,2406:b980::/32
2406:ba80::,2406:ba80:ffff:ffff:ffff:ffff:ffff:ffff,2406ba80000000000000000000000000,2406ba80ffffffffffffffffffffffff,32,中国,,,,,,,,country,,2406:ba80::/32
2406:bb80::,2406:bb80:ffff:ffff:ffff:ffff:ffff:ffff,2406bb80000000000000000000000000,2406bb80ffffffffffffffffffffffff,32,中国,,,,,,,,country,,2406:bb80::/32
2406:bc80::,2406:bc80:ffff:ffff:ffff:ffff:ffff:ffff,2406bc80000000000000000000000000,2406bc80ffffffffffffffffffffffff,32,中国,,,,,,,,country,,2406:bc80::/32
2406:bcc0::,2406:bcc0:ffff:ffff:ffff:ffff:ffff:ffff,2406bcc0000000000000000000000000,2406bcc0ffffffffffffffffffffffff,32,中国香港,香港,,,香港,,,,country,,2406:bcc0::/32
2406:bd40::,2406:bd40:ffff:ffff:ffff:ffff:ffff:ffff,2406bd40000000000000000000000000,2406bd40ffffffffffffffffffffffff,32,中国,,,,,,,,country,,2406:bd40::/32
2406:bd80::,2406:bd80:ffff:ffff:ffff:ffff:ffff:ffff,2406bd80000000000000000000000000,2406bd80ffffffffffffffffffffffff,32,中国,,,,,,,,country,,2406:bd80::/32
2406:bdc0::,2406:bdc0:ffff:ffff:ffff:ffff:ffff:ffff,2406bdc0000000000000000000000000,2406bdc0ffffffffffffffffffffffff,32,中国,,,,,,,,country,,2406:bdc0::/32
2406:be80::,2406:be80:ffff:ffff:ffff:ffff:ffff:ffff,2406be80000000000000000000000000,2406be80ffffffffffffffffffffffff,32,中国,,,,,,,,country,,2406:be80::/32
2406:bf80::,2406:bf80:ffff:ffff:ffff:ffff:ffff:ffff,2406bf80000000000000000000000000,2406bf80ffffffffffffffffffffffff,32,中国,,,,,,,,country,,2406:bf80::/32
2406:bfc0::,2406:bfc0:ffff:ffff:ffff:ffff:ffff:ffff,2406bfc0000000000000000000000000,2406bfc0ffffffffffffffffffffffff,32,中国台湾,台湾,,,台湾,,,,country,,2406:bfc0::/32
2406:c080::,2406:c080:ffff:ffff:ffff:ffff:ffff:ffff,2406c080000000000000000000000000,2406c080ffffffffffffffffffffffff,32,中国,,,,,,,,country,,2406:c080::/32
2406:c180::,2406:c180:ffff:ffff:ffff:ffff:ffff:ffff,2406c180000000000000000000000000,2406c180ffffffffffffffffffffffff,32,中国,,,,,,,,country,,2406:c180::/32
2406:c280::,2406:c280:ffff:ffff:ffff:ffff:ffff:ffff,2406c280000000000000000000000000,2406c280ffffffffffffffffffffffff,32,中国,,,,,,,,country,,2406:c280::/32
2406:c340::,2406:c340:ffff:ffff:ffff:ffff:ffff:ffff,2406c340000000000000000000000000,2406c340ffffffffffffffffffffffff,32,中国,,,,,,,,country,,2406:c340::/32
2406:c480::,2406:c480:ffff:ffff:ffff:ffff:ffff:ffff,2406c480000000000000000000000000,2406c480ffffffffffffffffffffffff,32,中国,,,,,,,,country,,2406:c480::/32
2406:c580::,2406:c580:ffff:ffff:ffff:ffff:ffff:ffff,2406c580000000000000000000000000,2406c580ffffffffffffffffffffffff,32,中国,,,,,,,,country,,2406:c580::/32
2406:c680::,2406:c680:ffff:ffff:ffff:ffff:ffff:ffff,2406c680000000000000000000000000,2406c680ffffffffffffffffffffffff,32,中国,,,,,,,,country,,2406:c680::/32
2406:c780::,2406:c780:ffff:ffff:ffff:ffff:ffff:ffff,2406c780000000000000000000000000,2406c780ffffffffffffffffffffffff,32,中国,,,,,,,,country,,2406:c780::/32
2406:c880::,2406:c880:ffff:ffff:ffff:ffff:ffff:ffff,2406c880000000000000000000000000,2406c880ffffffffffffffffffffffff,32,中国,,,,,,,,country,,2406:c880::/32
2406:c900::,2406:c900:ffff:ffff:ffff:ffff:ffff:ffff,2406c900000000000000000000000000,2406c900ffffffffffffffffffffffff,32,中国,浙江,杭州,,,330100,30.246566,120.209903,city,,2406:c900::/32
2406:c980::,2406:c980:ffff:ffff:ffff:ffff:ffff:ffff,2406c980000000000000000000000000,2406c980ffffffffffffffffffffffff,32,中国,,,,,,,,country,,2406:c980::/32
2406:ca80::,2406:ca80:ffff:ffff:ffff:ffff:ffff:ffff,2406ca80000000000000000000000000,2406ca80ffffffffffffffffffffffff,32,中国,,,,,,,,country,,2406:ca80::/32
2406:cac0::,2406:cac0:ffff:ffff:ffff:ffff:ffff:ffff,2406cac0000000000000000000000000,2406cac0ffffffffffffffffffffffff,32,中国,,,,,,,,country,,2406:cac0::/32
2406:cb80::,2406:cb80:ffff:ffff:ffff:ffff:ffff:ffff,2406cb80000000000000000000000000,2406cb80ffffffffffffffffffffffff,32,中国,,,,,,,,country,,2406:cb80::/32
2406:cc80::,2406:cc80:ffff:ffff:ffff:ffff:ffff:ffff,2406cc80000000000000000000000000,2406cc80ffffffffffffffffffffffff,32,中国,,,,,,,,country,,2406:cc80::/32
2406:cd80::,2406:cd80:ffff:ffff:ffff:ffff:ffff:ffff,2406cd80000000000000000000000000,2406cd80ffffffffffffffffffffffff,32,中国,北京,,,,110000,39.904179,116.407387,province,,2406:cd80::/32
2406:ce40::,2406:ce40:ffff:ffff:ffff:ffff:ffff:ffff,2406ce40000000000000000000000000,2406ce40ffffffffffffffffffffffff,32,中国台湾,台湾,,,台湾,,,,country,,2406:ce40::/32
2406:ce80::,2406:ce80:ffff:ffff:ffff:ffff:ffff:ffff,2406ce80000000000000000000000000,2406ce80ffffffffffffffffffffffff,32,中国,四川,成都,,,510100,30.572961,104.066301,city,,2406:ce80::/32
2406:cf00::,2406:cf00:ffff:ffff:ffff:ffff:ffff:ffff,2406cf00000000000000000000000000,2406cf00ffffffffffffffffffffffff,32,中国,北京,,,,110000,39.904179,116.407387,province,,2406:cf00::/32
2406:cf01::,2406:cf01:ffff:ffff:ffff:ffff:ffff:ffff,2406cf01000000000000000000000000,2406cf01ffffffffffffffffffffffff,32,中国,北京,,,,110000,39.904179,116.407387,province,,2406:cf01::/32
2406:cf02::,2406:cf03:ffff:ffff:ffff:ffff:ffff:ffff,2406cf02000000000000000000000000,2406cf03ffffffffffffffffffffffff,31,中国,北京,,,,110000,39.904179,116.407387,province,,2406:cf02::/31
2406:cf80::,2406:cf80:ffff:ffff:ffff:ffff:ffff:ffff,2406cf80000000000000000000000000,2406cf80ffffffffffffffffffffffff,32,中国,浙江,杭州,,,330100,30.246566,120.209903,city,,2406:cf80::/32
2406:d040::,2406:d040:ffff:ffff:ffff:ffff:ffff:ffff,2406d040000000000000000000000000,2406d040ffffffffffffffffffffffff,32,中国台湾,台湾,,,台湾,,,,country,,2406:d040::/32
2406:d080::,2406:d080:ffff:ffff:ffff:ffff:ffff:ffff,2406d080000000000000000000000000,2406d080ffffffffffffffffffffffff,32,中国,湖南,,,,430000,28.116007,112.982951,province,,2406:d080::/32
2406:d0c0::,2406:d0c0:ffff:ffff:ffff:ffff:ffff:ffff,2406d0c0000000000000000000000000,2406d0c0ffffffffffffffffffffffff,32,中国台湾,台湾,,,台湾,,,,country,,2406:d0c0::/32
2406:d140::,2406:d140:ffff:ffff:ffff:ffff:ffff:ffff,2406d140000000000000000000000000,2406d140ffffffffffffffffffffffff,32,中国,,,,,,,,country,,2406:d140::/32
2406:d180::,2406:d180:ffff:ffff:ffff:ffff:ffff:ffff,2406d180000000000000000000000000,2406d180ffffffffffffffffffffffff,32,中国,山东,济南,,,370100,36.652069,117.120128,city,,2406:d180::/32
2406:d280::,2406:d280:ffff:ffff:ffff:ffff:ffff:ffff,2406d280000000000000000000000000,2406d280ffffffffffffffffffffffff,32,中国,山东,济南,,,370100,36.652069,117.120128,city,,2406:d280::/32
2406:d2c0::,2406:d2c0:ffff:ffff:ffff:ffff:ffff:ffff,2406d2c0000000000000000000000000,2406d2c0ffffffffffffffffffffffff,32,中国,,,,,,,,country,,2406:d2c0::/32
2406:d340::,2406:d340:ffff:ffff:ffff:ffff:ffff:ffff,2406d340000000000000000000000000,2406d340ffffffffffffffffffffffff,32,中国香港,香港,,,香港,,,,country,,2406:d340::/32
2406:d380::,2406:d380:ffff:ffff:ffff:ffff:ffff:ffff,2406d380000000000000000000000000,2406d380ffffffffffffffffffffffff,32,中国,江苏,南京,,,320100,32.059344,118.796624,city,,2406:d380::/32
2406:d400::,2406:d400:ffff:ffff:ffff:ffff:ffff:ffff,2406d400000000000000000000000000,2406d400ffffffffffffffffffffffff,32,中国台湾,台湾,,,台湾,,,,country,,2406:d400::/32
2406:d440::,2406:d440:ffff:ffff:ffff:ffff:ffff:ffff,2406d440000000000000000000000000,2406d440ffffffffffffffffffffffff,32,中国,,,,,,,,country,,2406:d440::/32
2406:d480::,2406:d480:ffff:ffff:ffff:ffff:ffff:ffff,2406d480000000000000000000000000,2406d480ffffffffffffffffffffffff,32,中国,福建,厦门,,,350200,24.479627,118.08891,city,,2406:d480::/32
2406:d4c0::,2406:d4c0:ffff:ffff:ffff:ffff:ffff:ffff,2406d4c0000000000000000000000000,2406d4c0ffffffffffffffffffffffff,32,中国香港,香港,,,香港,,,,country,,2406:d4c0::/32
2406:d580::,2406:d580:ffff:ffff:ffff:ffff:ffff:ffff,2406d580000000000000000000000000,2406d580ffffffffffffffffffffffff,32,中国,上海,,,,310000,31.230525,121.473667,province,,2406:d580::/32
2406:d680::,2406:d680:ffff:ffff:ffff:ffff:ffff:ffff,2406d680000000000000000000000000,2406d680ffffffffffffffffffffffff,32,中国,上海,,,,310000,31.230525,121.473667,province,,2406:d680::/32
2406:d780::,2406:d780:ffff:ffff:ffff:ffff:ffff:ffff,2406d780000000000000000000000000,2406d780ffffffffffffffffffffffff,32,中国,广东,深圳,,,440300,22.543527,114.057939,city,,2406:d780::/32
2406:d7c0::,2406:d7c0:ffff:ffff:ffff:ffff:ffff:ffff,2406d7c0000000000000000000000000,2406d7c0ffffffffffffffffffffffff,32,中国台湾,台湾,,,台湾,,,,country,,2406:d7c0::/32
2406:d880::,2406:d880:ffff:ffff:ffff:ffff:ffff:ffff,2406d880000000000000000000000000,2406d880ffffffffffffffffffffffff,32,中国,广东,深圳,,,440300,22.543527,114.057939,city,,2406:d880::/32
2406:d980::,2406:d980:ffff:ffff:ffff:ffff:ffff:ffff,2406d980000000000000000000000000,2406d980ffffffffffffffffffffffff,32,中国,广东,深圳,,,440300,22.543527,114.057939,city,,2406:d980::/32
2406:db40::,2406:db40:ffff:ffff:ffff:ffff:ffff:ffff,2406db40000000000000000000000000,2406db40ffffffffffffffffffffffff,32,中国台湾,台湾,,,台湾,,,,country,,2406:db40::/32
2406:db80::,2406:db80:ffff:ffff:ffff:ffff:ffff:ffff,2406db80000000000000000000000000,2406db80ffffffffffffffffffffffff,32,中国,广东,深圳,,,440300,22.543527,114.057939,city,,2406:db80::/32
2406:dc80::,2406:dc80:ffff:ffff:ffff:ffff:ffff:ffff,2406dc80000000000000000000000000,2406dc80ffffffffffffffffffffffff,32,中国,山西,太原,,,140100,37.870451,112.549656,city,,2406:dc80::/32
2406:dd00::,2406:dd00:ffff:ffff:ffff:ffff:ffff:ffff,2406dd00000000000000000000000000,2406dd00ffffffffffffffffffffffff,32,中国,上海,,,,310000,31.230525,121.473667,province,,2406:dd00::/32
2406:dd80::,2406:dd80:ffff:ffff:ffff:ffff:ffff:ffff,2406dd80000000000000000000000000,2406dd80ffffffffffffffffffffffff,32,中国,上海,,,,310000,31.230525,121.473667,province,,2406:dd80::/32
2406:de80::,2406:de80:ffff:ffff:ffff:ffff:ffff:ffff,2406de80000000000000000000000000,2406de80ffffffffffffffffffffffff,32,中国,天津,,,,120000,39.085318,117.201509,province,,2406:de80::/32
2406:df80::,2406:df80:ffff:ffff:ffff:ffff:ffff:ffff,2406df80000000000000000000000000,2406df80ffffffffffffffffffffffff,32,中国,广东,广州,,,440100,23.130061,113.264499,city,,2406:df80::/32
2406:e080::,2406:e080:ffff:ffff:ffff:ffff:ffff:ffff,2406e080000000000000000000000000,2406e080ffffffffffffffffffffffff,32,中国,广东,深圳,,,440300,22.543527,114.057939,city,,2406:e080::/32
2406:e180::,2406:e180:ffff:ffff:ffff:ffff:ffff:ffff,2406e180000000000000000000000000,2406e180ffffffffffffffffffffffff,32,中国,上海,,,,310000,31.230525,121.473667,province,,2406:e180::/32
2406:e2c0::,2406:e2c0:ffff:ffff:ffff:ffff:ffff:ffff,2406e2c0000000000000000000000000,2406e2c0ffffffffffffffffffffffff,32,中国,,,,,,,,country,,2406:e2c0::/32
2406:e300::,2406:e300:ffff:ffff:ffff:ffff:ffff:ffff,2406e300000000000000000000000000,2406e300ffffffffffffffffffffffff,32,中国香港,香港,,,香港,,,,country,,2406:e300::/32
2406:e380::,2406:e380:ffff:ffff:ffff:ffff:ffff:ffff,2406e380000000000000000000000000,2406e380ffffffffffffffffffffffff,32,中国,福建,厦门,,,350200,24.479627,118.08891,city,,2406:e380::/32
2406:e3c0::,2406:e3c0:ffff:ffff:ffff:ffff:ffff:ffff,2406e3c0000000000000000000000000,2406e3c0ffffffffffffffffffffffff,32,中国,,,,,,,,country,,2406:e3c0::/32
2406:e500::,2406:e500:ffff:ffff:ffff:ffff:ffff:ffff,2406e500000000000000000000000000,2406e500ffffffffffffffffffffffff,32,中国,上海,,,,310000,31.230525,121.473667,province,,2406:e500::/32
2406:e580::,2406:e580:ffff:ffff:ffff:ffff:ffff:ffff,2406e580000000000000000000000000,2406e580ffffffffffffffffffffffff,32,中国,江苏,盐城,建湖,,320925,33.438931,119.788743,district,,2406:e580::/32
2406:e5c0::,2406:e5c0:ffff:ffff:ffff:ffff:ffff:ffff,2406e5c0000000000000000000000000,2406e5c0ffffffffffffffffffffffff,32,中国台湾,台湾,,,台湾,,,,country,,2406:e5c0::/32
2406:e680::,2406:e680:ffff:ffff:ffff:ffff:ffff:ffff,2406e680000000000000000000000000,2406e680ffffffffffffffffffffffff,32,中国,,,,,,,,country,,2406:e680::/32
2406:e780::,2406:e780:ffff:ffff:ffff:ffff:ffff:ffff,2406e780000000000000000000000000,2406e780ffffffffffffffffffffffff,32,中国,江苏,无锡,,,320200,31.491064,120.311889,city,,2406:e780::/32
2406:e8c0::,2406:e8c0:ffff:ffff:ffff:ffff:ffff:ffff,2406e8c0000000000000000000000000,2406e8c0ffffffffffffffffffffffff,32,中国,,,,,,,,country,,2406:e8c0::/32
2406:ea40::,2406:ea4f:ffff:ffff:ffff:ffff:ffff:ffff,2406ea40000000000000000000000000,2406ea4fffffffffffffffffffffffff,28,中国,,,,,,,,country,,2406:ea40::/28
2406:ee40::,2406:ee40:ffff:ffff:ffff:ffff:ffff:ffff,2406ee40000000000000000000000000,2406ee40ffffffffffffffffffffffff,32,中国台湾,台湾,,,台湾,,,,country,,2406:ee40::/32
2406:f280::,2406:f280:ffff:ffff:ffff:ffff:ffff:ffff,2406f280000000000000000000000000,2406f280ffffffffffffffffffffffff,32,中国,,,,,,,,country,,2406:f280::/32
2406:f2c0::,2406:f2c0:ffff:ffff:ffff:ffff:ffff:ffff,2406f2c0000000000000000000000000,2406f2c0ffffffffffffffffffffffff,32,中国台湾,台湾,,,台湾,,,,country,,2406:f2c0::/32
2406:f300::,2406:f300:ffff:ffff:ffff:ffff:ffff:ffff,2406f300000000000000000000000000,2406f300ffffffffffffffffffffffff,32,中国,北京,,,,110000,39.904179,116.407387,province,,2406:f300::/32
2406:f340::,2406:f340:ffff:ffff:ffff:ffff:ffff:ffff,2406f340000000000000000000000000,2406f340ffffffffffffffffffffffff,32,中国台湾,台湾,,,台湾,,,,country,,2406:f340::/32
2406:f380::,2406:f380:ffff:ffff:ffff:ffff:ffff:ffff,2406f380000000000000000000000000,2406f380ffffffffffffffffffffffff,32,中国香港,香港,,,香港,,,,country,,2406:f380::/32
2406:f4c0::,2406:f4c0:ffff:ffff:ffff:ffff:ffff:ffff,2406f4c0000000000000000000000000,2406f4c0ffffffffffffffffffffffff,32,中国,,,,,,,,country,,2406:f4c0::/32
2406:f540::,2406:f540:ffff:ffff:ffff:ffff:ffff:ffff,2406f540000000000000000000000000,2406f540ffffffffffffffffffffffff,32,中国台湾,台湾,,,台湾,,,,country,,2406:f540::/32
2406:f5c0::,2406:f5c0:ffff:ffff:ffff:ffff:ffff:ffff,2406f5c0000000000000000000000000,2406f5c0ffffffffffffffffffffffff,32,中国台湾,台湾,,,台湾,,,,country,,2406:f5c0::/32
2406:f7c0::,2406:f7c0:ffff:ffff:ffff:ffff:ffff:ffff,2406f7c0000000000000000000000000,2406f7c0ffffffffffffffffffffffff,32,中国,,,,,,,,country,,2406:f7c0::/32
2406:f980::,2406:f980:ffff:ffff:ffff:ffff:ffff:ffff,2406f980000000000000000000000000,2406f980ffffffffffffffffffffffff,32,中国,,,,,,,,country,,2406:f980::/32
2406:fb00::,2406:fb00:ffff:ffff:ffff:ffff:ffff:ffff,2406fb00000000000000000000000000,2406fb00ffffffffffffffffffffffff,32,中国香港,香港,,,香港,,,,country,,2406:fb00::/32
2406:fb80::,2406:fb80:ffff:ffff:ffff:ffff:ffff:ffff,2406fb80000000000000000000000000,2406fb80ffffffffffffffffffffffff,32,中国香港,香港,,,香港,,,,country,,2406:fb80::/32
2406:fc80::,2406:fc80:ffff:ffff:ffff:ffff:ffff:ffff,2406fc80000000000000000000000000,2406fc80ffffffffffffffffffffffff,32,中国,,,,,,,,country,,2406:fc80::/32
2406:fcc0::,2406:fcc0:ffff:ffff:ffff:ffff:ffff:ffff,2406fcc0000000000000000000000000,2406fcc0ffffffffffffffffffffffff,32,中国台湾,台湾,,,台湾,,,,country,,2406:fcc0::/32
2406:fd80::,2406:fd80:ffff:ffff:ffff:ffff:ffff:ffff,2406fd80000000000000000000000000,2406fd80ffffffffffffffffffffffff,32,中国,,,,,,,,country,,2406:fd80::/32
2406:fdc0::,2406:fdc0:ffff:ffff:ffff:ffff:ffff:ffff,2406fdc0000000000000000000000000,2406fdc0ffffffffffffffffffffffff,32,中国台湾,台湾,,,台湾,,,,country,,2406:fdc0::/32
2406:fe80::,2406:fe80:ffff:ffff:ffff:ffff:ffff:ffff,2406fe80000000000000000000000000,2406fe80ffffffffffffffffffffffff,32,中国,,,,,,,,country,,2406:fe80::/32
2406:ff00::,2406:ff00:ffff:ffff:ffff:ffff:ffff:ffff,2406ff00000000000000000000000000,2406ff00ffffffffffffffffffffffff,32,中国,北京,,,,110000,39.904179,116.407387,province,,2406:ff00::/32
2407:480::,2407:480:ffff:ffff:ffff:ffff:ffff:ffff,24070480000000000000000000000000,24070480ffffffffffffffffffffffff,32,中国,,,,,,,,country,,2407:480::/32
2407:4c0::,2407:4c0:ffff:ffff:ffff:ffff:ffff:ffff,240704c0000000000000000000000000,240704c0ffffffffffffffffffffffff,32,中国香港,香港,,,香港,,,,country,,2407:4c0::/32
2407:580::,2407:580:ffff:ffff:ffff:ffff:ffff:ffff,24070580000000000000000000000000,24070580ffffffffffffffffffffffff,32,中国,,,,,,,,country,,2407:580::/32
2407:680::,2407:680:ffff:ffff:ffff:ffff:ffff:ffff,24070680000000000000000000000000,24070680ffffffffffffffffffffffff,32,中国台湾,台湾,,,台湾,,,,country,,2407:680::/32
2407:880::,2407:880:ffff:ffff:ffff:ffff:ffff:ffff,24070880000000000000000000000000,24070880ffffffffffffffffffffffff,32,中国香港,香港,,,香港,,,,country,,2407:880::/32
2407:900::,2407:900:ffff:ffff:ffff:ffff:ffff:ffff,24070900000000000000000000000000,24070900ffffffffffffffffffffffff,32,中国香港,香港,,,香港,,,,country,,2407:900::/32
2407:a80::,2407:a80:ffff:ffff:ffff:ffff:ffff:ffff,24070a80000000000000000000000000,24070a80ffffffffffffffffffffffff,32,中国香港,香港,,,香港,,,,country,,2407:a80::/32
2407:cc0::,2407:cc0:ffff:ffff:ffff:ffff:ffff:ffff,24070cc0000000000000000000000000,24070cc0ffffffffffffffffffffffff,32,中国,,,,,,,,country,,2407:cc0::/32
2407:f40::,2407:f40:ffff:ffff:ffff:ffff:ffff:ffff,24070f40000000000000000000000000,24070f40ffffffffffffffffffffffff,32,中国,,,,,,,,country,,2407:f40::/32
2407:1080::,2407:1080:ffff:ffff:ffff:ffff:ffff:ffff,24071080000000000000000000000000,24071080ffffffffffffffffffffffff,32,中国香港,香港,,,香港,,,,country,,2407:1080::/32
2407:1380::,2407:1380:ffff:ffff:ffff:ffff:ffff:ffff,24071380000000000000000000000000,24071380ffffffffffffffffffffffff,32,中国香港,香港,,,香港,,,,country,,2407:1380::/32
2407:1440::,2407:1440:ffff:ffff:ffff:ffff:ffff:ffff,24071440000000000000000000000000,24071440ffffffffffffffffffffffff,32,中国台湾,台湾,,,台湾,,,,country,,2407:1440::/32
2407:1540::,2407:1540:ffff:ffff:ffff:ffff:ffff:ffff,24071540000000000000000000000000,24071540ffffffffffffffffffffffff,32,中国香港,香港,,,香港,,,,country,,2407:1540::/32
2407:17c0::,2407:17c0:ffff:ffff:ffff:ffff:ffff:ffff,240717c0000000000000000000000000,240717c0ffffffffffffffffffffffff,32,中国,,,,,,,,country,,2407:17c0::/32
2407:1900::,2407:1900:ffff:ffff:ffff:ffff:ffff:ffff,24071900000000000000000000000000,24071900ffffffffffffffffffffffff,32,中国,上海,,,,310000,31.230525,121.473667,province,,2407:1900::/32
2407:1b80::,2407:1b80:ffff:ffff:ffff:ffff:ffff:ffff,24071b80000000000000000000000000,24071b80ffffffffffffffffffffffff,32,中国香港,香港,,,香港,,,,country,,2407:1b80::/32
2407:1c40::,2407:1c40:ffff:ffff:ffff:ffff:ffff:ffff,24071c40000000000000000000000000,24071c40ffffffffffffffffffffffff,32,中国香港,香港,,,香港,,,,country,,2407:1c40::/32
2407:1d00::,2407:1d00:ffff:ffff:ffff:ffff:ffff:ffff,24071d00000000000000000000000000,24071d00ffffffffffffffffffffffff,32,中国,,,,,,,,country,,2407:1d00::/32
2407:21c0::,2407:21c0:ffff:ffff:ffff:ffff:ffff:ffff,240721c0000000000000000000000000,240721c0ffffffffffffffffffffffff,32,中国香港,香港,,,香港,,,,country,,2407:21c0::/32
2407:2280::,2407:2280:ffff:ffff:ffff:ffff:ffff:ffff,24072280000000000000000000000000,24072280ffffffffffffffffffffffff,32,中国,,,,,,,,country,,2407:2280::/32
2407:2340::,2407:2340:ffff:ffff:ffff:ffff:ffff:ffff,24072340000000000000000000000000,24072340ffffffffffffffffffffffff,32,中国香港,香港,,,香港,,,,country,,2407:2340::/32
2407:2380::,2407:2380:ffff:ffff:ffff:ffff:ffff:ffff,24072380000000000000000000000000,24072380ffffffffffffffffffffffff,32,中国,,,,,,,,country,,2407:2380::/32
2407:23c0::,2407:23c0:ffff:ffff:ffff:ffff:ffff:ffff,240723c0000000000000000000000000,240723c0ffffffffffffffffffffffff,32,中国,,,,,,,,country,,2407:23c0::/32
2407:2780::,2407:2780:ffff:ffff:ffff:ffff:ffff:ffff,24072780000000000000000000000000,24072780ffffffffffffffffffffffff,32,中国,,,,,,,,country,,2407:2780::/32
2407:2840::,2407:2840:ffff:ffff:ffff:ffff:ffff:ffff,24072840000000000000000000000000,24072840ffffffffffffffffffffffff,32,中国,,,,,,,,country,,2407:2840::/32
2407:2940::,2407:2940:ffff:ffff:ffff:ffff:ffff:ffff,24072940000000000000000000000000,24072940ffffffffffffffffffffffff,32,中国香港,香港,,,香港,,,,country,,2407:2940::/32
2407:2ac0::,2407:2ac0:ffff:ffff:ffff:ffff:ffff:ffff,24072ac0000000000000000000000000,24072ac0ffffffffffffffffffffffff,32,中国,,,,,,,,country,,2407:2ac0::/32
2407:3100::,2407:3100:ffff:ffff:ffff:ffff:ffff:ffff,24073100000000000000000000000000,24073100ffffffffffffffffffffffff,32,中国香港,香港,,,香港,,,,country,,2407:3100::/32
2407:31c0::,2407:31c0:ffff:ffff:ffff:ffff:ffff:ffff,240731c0000000000000000000000000,240731c0ffffffffffffffffffffffff,32,中国,,,,,,,,country,,2407:31c0::/32
2407:3240::,2407:3240:ffff:ffff:ffff:ffff:ffff:ffff,24073240000000000000000000000000,24073240ffffffffffffffffffffffff,32,中国香港,香港,,,香港,,,,country,,2407:3240::/32
2407:3340::,2407:3340:ffff:ffff:ffff:ffff:ffff:ffff,24073340000000000000000000000000,24073340ffffffffffffffffffffffff,32,中国,,,,,,,,country,,2407:3340::/32
2407:3540::,2407:3540:ffff:ffff:ffff:ffff:ffff:ffff,24073540000000000000000000000000,24073540ffffffffffffffffffffffff,32,中国,,,,,,,,country,,2407:3540::/32
2407:3700::,2407:3700:ffff:ffff:ffff:ffff:ffff:ffff,24073700000000000000000000000000,24073700ffffffffffffffffffffffff,32,中国,北京,,,,110000,39.904179,116.407387,province,,2407:3700::/32
2407:3740::,2407:3740:ffff:ffff:ffff:ffff:ffff:ffff,24073740000000000000000000000000,24073740ffffffffffffffffffffffff,32,中国,,,,,,,,country,,2407:3740::/32
2407:37c0::,2407:37c0:ffff:ffff:ffff:ffff:ffff:ffff,240737c0000000000000000000000000,240737c0ffffffffffffffffffffffff,32,中国,,,,,,,,country,,2407:37c0::/32
2407:3880::,2407:3880:ffff:ffff:ffff:ffff:ffff:ffff,24073880000000000000000000000000,24073880ffffffffffffffffffffffff,32,中国香港,香港,,,香港,,,,country,,2407:3880::/32
2407:3900::,2407:3900:ffff:ffff:ffff:ffff:ffff:ffff,24073900000000000000000000000000,24073900ffffffffffffffffffffffff,32,中国,北京,,,,110000,39.904179,116.407387,province,,2407:3900::/32
2407:3980::,2407:3980:ffff:ffff:ffff:ffff:ffff:ffff,24073980000000000000000000000000,24073980ffffffffffffffffffffffff,32,中国香港,香港,,,香港,,,,country,,2407:3980::/32
2407:3a40::,2407:3a40:ffff:ffff:ffff:ffff:ffff:ffff,24073a40000000000000000000000000,24073a40ffffffffffffffffffffffff,32,中国香港,香港,,,香港,,,,country,,2407:3a40::/32
2407:3bc0::,2407:3bc0:ffff:ffff:ffff:ffff:ffff:ffff,24073bc0000000000000000000000000,24073bc0ffffffffffffffffffffffff,32,中国香港,香港,,,香港,,,,country,,2407:3bc0::/32
2407:3c40::,2407:3c40:ffff:ffff:ffff:ffff:ffff:ffff,24073c40000000000000000000000000,24073c40ffffffffffffffffffffffff,32,中国香港,香港,,,香港,,,,country,,2407:3c40::/32
2407:3d00::,2407:3d00:ffff:ffff:ffff:ffff:ffff:ffff,24073d00000000000000000000000000,24073d00ffffffffffffffffffffffff,32,中国台湾,台湾,,,台湾,,,,country,,2407:3d00::/32
2407:3d80::,2407:3d80:ffff:ffff:ffff:ffff:ffff:ffff,24073d80000000000000000000000000,24073d80ffffffffffffffffffffffff,32,中国香港,香港,,,香港,,,,country,,2407:3d80::/32
2407:3f40::,2407:3f40:ffff:ffff:ffff:ffff:ffff:ffff,24073f40000000000000000000000000,24073f40ffffffffffffffffffffffff,32,中国,,,,,,,,country,,2407:3f40::/32
2407:3fc0::,2407:3fc0:ffff:ffff:ffff:ffff:ffff:ffff,24073fc0000000000000000000000000,24073fc0ffffffffffffffffffffffff,32,中国香港,香港,,,香港,,,,country,,2407:3fc0::/32
2407:4340::,2407:4340:ffff:ffff:ffff:ffff:ffff:ffff,24074340000000000000000000000000,24074340ffffffffffffffffffffffff,32,中国香港,香港,,,香港,,,,country,,2407:4340::/32
2407:43c0::,2407:43c0:ffff:ffff:ffff:ffff:ffff:ffff,240743c0000000000000000000000000,240743c0ffffffffffffffffffffffff,32,中国,,,,,,,,country,,2407:43c0::/32
2407:4440::,2407:4440:ffff:ffff:ffff:ffff:ffff:ffff,24074440000000000000000000000000,24074440ffffffffffffffffffffffff,32,中国,,,,,,,,country,,2407:4440::/32
2407:4580::,2407:4580:ffff:ffff:ffff:ffff:ffff:ffff,24074580000000000000000000000000,24074580ffffffffffffffffffffffff,32,中国,,,,,,,,country,,2407:4580::/32
2407:4680::,2407:4680:ffff:ffff:ffff:ffff:ffff:ffff,24074680000000000000000000000000,24074680ffffffffffffffffffffffff,32,中国,,,,,,,,country,,2407:4680::/32
2407:4700::,2407:4700:ffff:ffff:ffff:ffff:ffff:ffff,24074700000000000000000000000000,24074700ffffffffffffffffffffffff,32,中国台湾,台湾,,,台湾,,,,country,,2407:4700::/32
2407:4740::,2407:4740:ffff:ffff:ffff:ffff:ffff:ffff,24074740000000000000000000000000,24074740ffffffffffffffffffffffff,32,中国,,,,,,,,country,,2407:4740::/32
2407:4880::,2407:4880:ffff:ffff:ffff:ffff:ffff:ffff,24074880000000000000000000000000,24074880ffffffffffffffffffffffff,32,中国,,,,,,,,country,,2407:4880::/32
2407:4900::,2407:4900:ffff:ffff:ffff:ffff:ffff:ffff,24074900000000000000000000000000,24074900ffffffffffffffffffffffff,32,中国台湾,台湾,,,台湾,,,,country,,2407:4900::/32
2407:4980::,2407:4980:ffff:ffff:ffff:ffff:ffff:ffff,24074980000000000000000000000000,24074980ffffffffffffffffffffffff,32,中国,,,,,,,,country,,2407:4980::/32
2407:4a80::,2407:4a80:ffff:ffff:ffff:ffff:ffff:ffff,24074a80000000000000000000000000,24074a80ffffffffffffffffffffffff,32,中国,,,,,,,,country,,2407:4a80::/32
2407:4b00::,2407:4b00:ffff:ffff:ffff:ffff:ffff:ffff,24074b00000000000000000000000000,24074b00ffffffffffffffffffffffff,32,中国台湾,台湾,,,台湾,,,,country,,2407:4b00::/32
2407:4c80::,2407:4c80:ffff:ffff:ffff:ffff:ffff:ffff,24074c80000000000000000000000000,24074c80ffffffffffffffffffffffff,32,中国,,,,,,,,country,,2407:4c80::/32
2407:4d00::,2407:4d00:ffff:ffff:ffff:ffff:ffff:ffff,24074d00000000000000000000000000,24074d00ffffffffffffffffffffffff,32,中国台湾,台湾,,,台湾,,,,country,,2407:4d00::/32
2407:4d80::,2407:4d80:ffff:ffff:ffff:ffff:ffff:ffff,24074d80000000000000000000000000,24074d80ffffffffffffffffffffffff,32,中国,,,,,,,,country,,2407:4d80::/32
2407:4e40::,2407:4e40:ffff:ffff:ffff:ffff:ffff:ffff,24074e40000000000000000000000000,24074e40ffffffffffffffffffffffff,32,中国香港,香港,,,香港,,,,country,,2407:4e40::/32
2407:4e80::,2407:4e80:ffff:ffff:ffff:ffff:ffff:ffff,24074e80000000000000000000000000,24074e80ffffffffffffffffffffffff,32,中国,,,,,,,,country,,2407:4e80::/32
2407:4f00::,2407:4f00:ffff:ffff:ffff:ffff:ffff:ffff,24074f00000000000000000000000000,24074f00ffffffffffffffffffffffff,32,中国,北京,,,,110000,39.904179,116.407387,province,,2407:4f00::/32
2407:51c0::,2407:51c0:ffff:ffff:ffff:ffff:ffff:ffff,240751c0000000000000000000000000,240751c0ffffffffffffffffffffffff,32,中国台湾,台湾,,,台湾,,,,country,,2407:51c0::/32
2407:5380::,2407:5380:ffff:ffff:ffff:ffff:ffff:ffff,24075380000000000000000000000000,24075380ffffffffffffffffffffffff,32,中国,北京,,,,110000,39.904179,116.407387,province,,2407:5380::/32
2407:53c0::,2407:53c0:ffff:ffff:ffff:ffff:ffff:ffff,240753c0000000000000000000000000,240753c0ffffffffffffffffffffffff,32,中国,,,,,,,,country,,2407:53c0::/32
2407:5500::,2407:5500:ffff:ffff:ffff:ffff:ffff:ffff,24075500000000000000000000000000,24075500ffffffffffffffffffffffff,32,中国,重庆,,,,500000,29.56268,106.551787,province,,2407:5500::/32
2407:5780::,2407:5780:ffff:ffff:ffff:ffff:ffff:ffff,24075780000000000000000000000000,24075780ffffffffffffffffffffffff,32,中国,,,,,,,,country,,2407:5780::/32
2407:5840::,2407:5840:ffff:ffff:ffff:ffff:ffff:ffff,24075840000000000000000000000000,24075840ffffffffffffffffffffffff,32,中国,,,,,,,,country,,2407:5840::/32
2407:6040::,2407:6040:ffff:ffff:ffff:ffff:ffff:ffff,24076040000000000000000000000000,24076040ffffffffffffffffffffffff,32,中国,,,,,,,,country,,2407:6040::/32
2407:6080::,2407:6080:ffff:ffff:ffff:ffff:ffff:ffff,24076080000000000000000000000000,24076080ffffffffffffffffffffffff,32,中国香港,香港,,,香港,,,,country,,2407:6080::/32
2407:62c0::,2407:62c0:ffff:ffff:ffff:ffff:ffff:ffff,240762c0000000000000000000000000,240762c0ffffffffffffffffffffffff,32,中国台湾,台湾,,,台湾,,,,country,,2407:62c0::/32
2407:6480::,2407:6480:ffff:ffff:ffff:ffff:ffff:ffff,24076480000000000000000000000000,24076480ffffffffffffffffffffffff,32,中国香港,香港,,,香港,,,,country,,2407:6480::/32
2407:6580::,2407:6580:ffff:ffff:ffff:ffff:ffff:ffff,24076580000000000000000000000000,24076580ffffffffffffffffffffffff,32,中国,,,,,,,,country,,2407:6580::/32
2407:6880::,2407:6880:ffff:ffff:ffff:ffff:ffff:ffff,24076880000000000000000000000000,24076880ffffffffffffffffffffffff,32,中国香港,香港,,,香港,,,,country,,2407:6880::/32
2407:6c40::,2407:6c40:ffff:ffff:ffff:ffff:ffff:ffff,24076c40000000000000000000000000,24076c40ffffffffffffffffffffffff,32,中国,,,,,,,,country,,2407:6c40::/32
2407:7100::,2407:7100:ffff:ffff:ffff:ffff:ffff:ffff,24077100000000000000000000000000,24077100ffffffffffffffffffffffff,32,中国台湾,台湾,,,台湾,,,,country,,2407:7100::/32
2407:7200::,2407:7200:ffff:ffff:ffff:ffff:ffff:ffff,24077200000000000000000000000000,24077200ffffffffffffffffffffffff,32,中国香港,香港,,,香港,,,,country,,2407:7200::/32
2407:7280::,2407:7280:ffff:ffff:ffff:ffff:ffff:ffff,24077280000000000000000000000000,24077280ffffffffffffffffffffffff,32,中国香港,香港,,,香港,,,,country,,2407:7280::/32
2407:7680::,2407:7680:ffff:ffff:ffff:ffff:ffff:ffff,24077680000000000000000000000000,24077680ffffffffffffffffffffffff,32,中国,,,,,,,,country,,2407:7680::/32
2407:7780::,2407:7780:ffff:ffff:ffff:ffff:ffff:ffff,24077780000000000000000000000000,24077780ffffffffffffffffffffffff,32,中国,,,,,,,,country,,2407:7780::/32
2407:7880::,2407:7880:ffff:ffff:ffff:ffff:ffff:ffff,24077880000000000000000000000000,24077880ffffffffffffffffffffffff,32,中国,,,,,,,,country,,2407:7880::/32
2407:7980::,2407:7980:ffff:ffff:ffff:ffff:ffff:ffff,24077980000000000000000000000000,24077980ffffffffffffffffffffffff,32,中国,宁夏,银川,,,640100,38.487783,106.230977,city,,2407:7980::/32
2407:7c80::,2407:7c80:ffff:ffff:ffff:ffff:ffff:ffff,24077c80000000000000000000000000,24077c80ffffffffffffffffffffffff,32,中国,,,,,,,,country,,2407:7c80::/32
2407:7d00::,2407:7d00:ffff:ffff:ffff:ffff:ffff:ffff,24077d00000000000000000000000000,24077d00ffffffffffffffffffffffff,32,中国,福建,福州,,,350100,26.074286,119.296411,city,,2407:7d00::/32
2407:7d80::,2407:7d80:ffff:ffff:ffff:ffff:ffff:ffff,24077d80000000000000000000000000,24077d80ffffffffffffffffffffffff,32,中国,,,,,,,,country,,2407:7d80::/32
2407:7e80::,2407:7e80:ffff:ffff:ffff:ffff:ffff:ffff,24077e80000000000000000000000000,24077e80ffffffffffffffffffffffff,32,中国,,,,,,,,country,,2407:7e80::/32
2407:8000::,2407:8000:ffff:ffff:ffff:ffff:ffff:ffff,24078000000000000000000000000000,24078000ffffffffffffffffffffffff,32,中国香港,香港,,,香港,,,,country,,2407:8000::/32
2407:8001::,2407:8001:ffff:ffff:ffff:ffff:ffff:ffff,24078001000000000000000000000000,24078001ffffffffffffffffffffffff,32,中国香港,香港,,,香港,,,,country,,2407:8001::/32
2407:8480::,2407:8480:ffff:ffff:ffff:ffff:ffff:ffff,24078480000000000000000000000000,24078480ffffffffffffffffffffffff,32,中国香港,香港,,,香港,,,,country,,2407:8480::/32
2407:8880::,2407:8880:ffff:ffff:ffff:ffff:ffff:ffff,24078880000000000000000000000000,24078880ffffffffffffffffffffffff,32,中国,,,,,,,,country,,2407:8880::/32
2407:8b80::,2407:8b80:ffff:ffff:ffff:ffff:ffff:ffff,24078b80000000000000000000000000,24078b80ffffffffffffffffffffffff,32,中国,广东,广州,,,440100,23.130061,113.264499,city,,2407:8b80::/32
2407:8f40::,2407:8f40:ffff:ffff:ffff:ffff:ffff:ffff,24078f40000000000000000000000000,24078f40ffffffffffffffffffffffff,32,中国,,,,,,,,country,,2407:8f40::/32
2407:9080::,2407:9080:ffff:ffff:ffff:ffff:ffff:ffff,24079080000000000000000000000000,24079080ffffffffffffffffffffffff,32,中国,广东,深圳,,,440300,22.543527,114.057939,city,,2407:9080::/32
2407:9180::,2407:9180:ffff:ffff:ffff:ffff:ffff:ffff,24079180000000000000000000000000,24079180ffffffffffffffffffffffff,32,中国,广东,广州,,,440100,23.130061,113.264499,city,,2407:9180::/32
2407:92c0::,2407:92c0:ffff:ffff:ffff:ffff:ffff:ffff,240792c0000000000000000000000000,240792c0ffffffffffffffffffffffff,32,中国台湾,台湾,,,台湾,,,,country,,2407:92c0::/32
2407:94c0::,2407:94c0:ffff:ffff:ffff:ffff:ffff:ffff,240794c0000000000000000000000000,240794c0ffffffffffffffffffffffff,32,中国,上海,,,,310000,31.230525,121.473667,province,,2407:94c0::/32
2407:9680::,2407:9680:ffff:ffff:ffff:ffff:ffff:ffff,24079680000000000000000000000000,24079680ffffffffffffffffffffffff,32,中国,,,,,,,,country,,2407:9680::/32
2407:9980::,2407:9980:ffff:ffff:ffff:ffff:ffff:ffff,24079980000000000000000000000000,24079980ffffffffffffffffffffffff,32,中国,,,,,,,,country,,2407:9980::/32
2407:9a40::,2407:9a40:ffff:ffff:ffff:ffff:ffff:ffff,24079a40000000000000000000000000,24079a40ffffffffffffffffffffffff,32,中国台湾,台湾,,,台湾,,,,country,,2407:9a40::/32
2407:9b40::,2407:9b40:ffff:ffff:ffff:ffff:ffff:ffff,24079b40000000000000000000000000,24079b40ffffffffffffffffffffffff,32,中国,,,,,,,,country,,2407:9b40::/32
2407:9bc0::,2407:9bc0:ffff:ffff:ffff:ffff:ffff:ffff,24079bc0000000000000000000000000,24079bc0ffffffffffffffffffffffff,32,中国,,,,,,,,country,,2407:9bc0::/32
2407:9f00::,2407:9f00:ffff:ffff:ffff:ffff:ffff:ffff,24079f00000000000000000000000000,24079f00ffffffffffffffffffffffff,32,中国,广东,广州,,,440100,23.130061,113.264499,city,,2407:9f00::/32
2407:9f80::,2407:9f80:ffff:ffff:ffff:ffff:ffff:ffff,24079f80000000000000000000000000,24079f80ffffffffffffffffffffffff,32,中国,,,,,,,,country,,2407:9f80::/32
2407:9fc0::,2407:9fc0:ffff:ffff:ffff:ffff:ffff:ffff,24079fc0000000000000000000000000,24079fc0ffffffffffffffffffffffff,32,中国台湾,台湾,,,台湾,,,,country,,2407:9fc0::/32
2407:a040::,2407:a040:ffff:ffff:ffff:ffff:ffff:ffff,2407a040000000000000000000000000,2407a040ffffffffffffffffffffffff,32,中国,,,,,,,,country,,2407:a040::/32
2407:a0c0::,2407:a0c0:ffff:ffff:ffff:ffff:ffff:ffff,2407a0c0000000000000000000000000,2407a0c0ffffffffffffffffffffffff,32,中国台湾,台湾,,,台湾,,,,country,,2407:a0c0::/32
2407:a3c0::,2407:a3c0:ffff:ffff:ffff:ffff:ffff:ffff,2407a3c0000000000000000000000000,2407a3c0ffffffffffffffffffffffff,32,中国香港,香港,,,香港,,,,country,,2407:a3c0::/32
2407:a640::,2407:a640:ffff:ffff:ffff:ffff:ffff:ffff,2407a640000000000000000000000000,2407a640ffffffffffffffffffffffff,32,中国,,,,,,,,country,,2407:a640::/32
2407:a700::,2407:a700:ffff:ffff:ffff:ffff:ffff:ffff,2407a700000000000000000000000000,2407a700ffffffffffffffffffffffff,32,中国香港,香港,,,香港,,,,country,,2407:a700::/32
2407:a740::,2407:a740:ffff:ffff:ffff:ffff:ffff:ffff,2407a740000000000000000000000000,2407a740ffffffffffffffffffffffff,32,中国台湾,台湾,,,台湾,,,,country,,2407:a740::/32
2407:a7c0::,2407:a7c0:ffff:ffff:ffff:ffff:ffff:ffff,2407a7c0000000000000000000000000,2407a7c0ffffffffffffffffffffffff,32,中国,,,,,,,,country,,2407:a7c0::/32
2407:a880::,2407:a880:ffff:ffff:ffff:ffff:ffff:ffff,2407a880000000000000000000000000,2407a880ffffffffffffffffffffffff,32,中国,,,,,,,,country,,2407:a880::/32
2407:a940::,2407:a940:ffff:ffff:ffff:ffff:ffff:ffff,2407a940000000000000000000000000,2407a940ffffffffffffffffffffffff,32,中国,,,,,,,,country,,2407:a940::/32
2407:a980::,2407:a980:ffff:ffff:ffff:ffff:ffff:ffff,2407a980000000000000000000000000,2407a980ffffffffffffffffffffffff,32,中国香港,香港,,,香港,,,,country,,2407:a980::/32
2407:ad80::,2407:ad80:ffff:ffff:ffff:ffff:ffff:ffff,2407ad80000000000000000000000000,2407ad80ffffffffffffffffffffffff,32,中国,北京,,,,110000,39.904179,116.407387,province,,2407:ad80::/32
2407:ae80::,2407:ae80:ffff:ffff:ffff:ffff:ffff:ffff,2407ae80000000000000000000000000,2407ae80ffffffffffffffffffffffff,32,中国,广东,广州,,,440100,23.130061,113.264499,city,,2407:ae80::/32
2407:af80::,2407:af80:ffff:ffff:ffff:ffff:ffff:ffff,2407af80000000000000000000000000,2407af80ffffffffffffffffffffffff,32,中国,浙江,杭州,,,330100,30.246566,120.209903,city,,2407:af80::/32
2407:b080::,2407:b080:ffff:ffff:ffff:ffff:ffff:ffff,2407b080000000000000000000000000,2407b080ffffffffffffffffffffffff,32,中国,浙江,杭州,,,330100,30.246566,120.209903,city,,2407:b080::/32
2407:b180::,2407:b180:ffff:ffff:ffff:ffff:ffff:ffff,2407b180000000000000000000000000,2407b180ffffffffffffffffffffffff,32,中国,浙江,杭州,,,330100,30.246566,120.209903,city,,2407:b180::/32
2407:b280::,2407:b280:ffff:ffff:ffff:ffff:ffff:ffff,2407b280000000000000000000000000,2407b280ffffffffffffffffffffffff,32,中国,浙江,杭州,,,330100,30.246566,120.209903,city,,2407:b280::/32
2407:b380::,2407:b380:ffff:ffff:ffff:ffff:ffff:ffff,2407b380000000000000000000000000,2407b380ffffffffffffffffffffffff,32,中国,浙江,杭州,,,330100,30.246566,120.209903,city,,2407:b380::/32
2407:b400::,2407:b400:ffff:ffff:ffff:ffff:ffff:ffff,2407b400000000000000000000000000,2407b400ffffffffffffffffffffffff,32,中国香港,香港,,,香港,,,,country,,2407:b400::/32
2407:b580::,2407:b580:ffff:ffff:ffff:ffff:ffff:ffff,2407b580000000000000000000000000,2407b580ffffffffffffffffffffffff,32,中国,浙江,杭州,,,330100,30.246566,120.209903,city,,2407:b580::/32
2407:b680::,2407:b680:ffff:ffff:ffff:ffff:ffff:ffff,2407b680000000000000000000000000,2407b680ffffffffffffffffffffffff,32,中国,浙江,杭州,,,330100,30.246566,120.209903,city,,2407:b680::/32
2407:b700::,2407:b700:ffff:ffff:ffff:ffff:ffff:ffff,2407b700000000000000000000000000,2407b700ffffffffffffffffffffffff,32,中国香港,香港,,,香港,,,,country,,2407:b700::/32
2407:b780::,2407:b780:ffff:ffff:ffff:ffff:ffff:ffff,2407b780000000000000000000000000,2407b780ffffffffffffffffffffffff,32,中国,浙江,杭州,,,330100,30.246566,120.209903,city,,2407:b780::/32
2407:b880::,2407:b880:ffff:ffff:ffff:ffff:ffff:ffff,2407b880000000000000000000000000,2407b880ffffffffffffffffffffffff,32,中国,浙江,杭州,,,330100,30.246566,120.209903,city,,2407:b880::/32
2407:b980::,2407:b980:ffff:ffff:ffff:ffff:ffff:ffff,2407b980000000000000000000000000,2407b980ffffffffffffffffffffffff,32,中国,天津,,,,120000,39.085318,117.201509,province,,2407:b980::/32
2407:ba00::,2407:ba00:ffff:ffff:ffff:ffff:ffff:ffff,2407ba00000000000000000000000000,2407ba00ffffffffffffffffffffffff,32,中国,北京,,,,110000,39.904179,116.407387,province,,2407:ba00::/32
2407:ba80::,2407:ba80:ffff:ffff:ffff:ffff:ffff:ffff,2407ba80000000000000000000000000,2407ba80ffffffffffffffffffffffff,32,中国,浙江,杭州,,,330100,30.246566,120.209903,city,,2407:ba80::/32
2407:bb80::,2407:bb80:ffff:ffff:ffff:ffff:ffff:ffff,2407bb80000000000000000000000000,2407bb80ffffffffffffffffffffffff,32,中国,北京,,,,110000,39.904179,116.407387,province,,2407:bb80::/32
2407:bc00::,2407:bc00:ffff:ffff:ffff:ffff:ffff:ffff,2407bc00000000000000000000000000,2407bc00ffffffffffffffffffffffff,32,中国,北京,,,,110000,39.904179,116.407387,province,,2407:bc00::/32
2407:bc80::,2407:bc80:ffff:ffff:ffff:ffff:ffff:ffff,2407bc80000000000000000000000000,2407bc80ffffffffffffffffffffffff,32,中国,浙江,杭州,,,330100,30.246566,120.209903,city,,2407:bc80::/32
2407:bd00::,2407:bd00:ffff:ffff:ffff:ffff:ffff:ffff,2407bd00000000000000000000000000,2407bd00ffffffffffffffffffffffff,32,中国香港,香港,,,香港,,,,country,,2407:bd00::/32
2407:bd80::,2407:bd80:ffff:ffff:ffff:ffff:ffff:ffff,2407bd80000000000000000000000000,2407bd80ffffffffffffffffffffffff,32,中国,北京,,,,110000,39.904179,116.407387,province,,2407:bd80::/32
2407:bdc0::,2407:bdc0:ffff:ffff:ffff:ffff:ffff:ffff,2407bdc0000000000000000000000000,2407bdc0ffffffffffffffffffffffff,32,中国,,,,,,,,country,,2407:bdc0::/32
2407:be80::,2407:be80:ffff:ffff:ffff:ffff:ffff:ffff,2407be80000000000000000000000000,2407be80ffffffffffffffffffffffff,32,中国,天津,,,,120000,39.085318,117.201509,province,,2407:be80::/32
2407:bf80::,2407:bf80:ffff:ffff:ffff:ffff:ffff:ffff,2407bf80000000000000000000000000,2407bf80ffffffffffffffffffffffff,32,中国,浙江,杭州,,,330100,30.246566,120.209903,city,,2407:bf80::/32
2407:c080::,2407:c080:ffff:ffff:ffff:ffff:ffff:ffff,2407c080000000000000000000000000,2407c080ffffffffffffffffffffffff,32,中国,贵州,贵阳,,,520100,26.646694,106.628201,city,华为云,2407:c080::/32
2407:c380::,2407:c380:ffff:ffff:ffff:ffff:ffff:ffff,2407c380000000000000000000000000,2407c380ffffffffffffffffffffffff,32,中国,北京,,,,110000,39.904179,116.407387,province,,2407:c380::/32
2407:c400::,2407:c400:ffff:ffff:ffff:ffff:ffff:ffff,2407c400000000000000000000000000,2407c400ffffffffffffffffffffffff,32,中国,福建,福州,,,350100,26.074286,119.296411,city,,2407:c400::/32
2407:c480::,2407:c480:ffff:ffff:ffff:ffff:ffff:ffff,2407c480000000000000000000000000,2407c480ffffffffffffffffffffffff,32,中国,北京,,,,110000,39.904179,116.407387,province,,2407:c480::/32
2407:c580::,2407:c580:ffff:ffff:ffff:ffff:ffff:ffff,2407c580000000000000000000000000,2407c580ffffffffffffffffffffffff,32,中国,北京,,,,110000,39.904179,116.407387,province,,2407:c580::/32
2407:c640::,2407:c640:ffff:ffff:ffff:ffff:ffff:ffff,2407c640000000000000000000000000,2407c640ffffffffffffffffffffffff,32,中国香港,香港,,,香港,,,,country,,2407:c640::/32
2407:c680::,2407:c680:ffff:ffff:ffff:ffff:ffff:ffff,2407c680000000000000000000000000,2407c680ffffffffffffffffffffffff,32,中国,浙江,杭州,,,330100,30.246566,120.209903,city,,2407:c680::/32
2407:c780::,2407:c780:ffff:ffff:ffff:ffff:ffff:ffff,2407c780000000000000000000000000,2407c780ffffffffffffffffffffffff,32,中国,浙江,杭州,,,330100,30.246566,120.209903,city,,2407:c780::/32
2407:c880::,2407:c880:ffff:ffff:ffff:ffff:ffff:ffff,2407c880000000000000000000000000,2407c880ffffffffffffffffffffffff,32,中国,浙江,杭州,,,330100,30.246566,120.209903,city,,2407:c880::/32
2407:c900::,2407:c900:ffff:ffff:ffff:ffff:ffff:ffff,2407c900000000000000000000000000,2407c900ffffffffffffffffffffffff,32,中国,广东,深圳,,,440300,22.543527,114.057939,city,,2407:c900::/32
2407:c980::,2407:c980:ffff:ffff:ffff:ffff:ffff:ffff,2407c980000000000000000000000000,2407c980ffffffffffffffffffffffff,32,中国,浙江,杭州,,,330100,30.246566,120.209903,city,,2407:c980::/32
2407:cb80::,2407:cb80:ffff:ffff:ffff:ffff:ffff:ffff,2407cb80000000000000000000000000,2407cb80ffffffffffffffffffffffff,32,中国,浙江,杭州,,,330100,30.246566,120.209903,city,,2407:cb80::/32
2407:cc80::,2407:cc80:ffff:ffff:ffff:ffff:ffff:ffff,2407cc80000000000000000000000000,2407cc80ffffffffffffffffffffffff,32,中国,北京,,,,110000,39.904179,116.407387,province,,2407:cc80::/32
2407:cd80::,2407:cd80:ffff:ffff:ffff:ffff:ffff:ffff,2407cd80000000000000000000000000,2407cd80ffffffffffffffffffffffff,32,中国,辽宁,本溪,,,210500,41.294123,123.766669,city,,2407:cd80::/32
2407:cdc0::,2407:cdc0:ffff:ffff:ffff:ffff:ffff:ffff,2407cdc0000000000000000000000000,2407cdc0ffffffffffffffffffffffff,32,中国香港,香港,,,香港,,,,country,,2407:cdc0::/32
2407:ce80::,2407:ce80:ffff:ffff:ffff:ffff:ffff:ffff,2407ce80000000000000000000000000,2407ce80ffffffffffffffffffffffff,32,中国,广西,南宁,,,450100,22.8177,108.366407,city,,2407:ce80::/32
2407:cf80::,2407:cf80:ffff:ffff:ffff:ffff:ffff:ffff,2407cf80000000000000000000000000,2407cf80ffffffffffffffffffffffff,32,中国,广西,桂林,,,450300,25.235615,110.179752,city,,2407:cf80::/32
2407:d240::,2407:d240:ffff:ffff:ffff:ffff:ffff:ffff,2407d240000000000000000000000000,2407d240ffffffffffffffffffffffff,32,中国台湾,台湾,,,台湾,,,,country,,2407:d240::/32
2407:d2c0::,2407:d2c0:ffff:ffff:ffff:ffff:ffff:ffff,2407d2c0000000000000000000000000,2407d2c0ffffffffffffffffffffffff,32,中国台湾,台湾,,,台湾,,,,country,,2407:d2c0::/32
2407:d340::,2407:d340:ffff:ffff:ffff:ffff:ffff:ffff,2407d340000000000000000000000000,2407d340ffffffffffffffffffffffff,32,中国香港,香港,,,香港,,,,country,,2407:d340::/32
2407:d480::,2407:d480:ffff:ffff:ffff:ffff:ffff:ffff,2407d480000000000000000000000000,2407d480ffffffffffffffffffffffff,32,中国,河北,保定,,,130600,38.874476,115.464523,city,,2407:d480::/32
2407:d580::,2407:d580:ffff:ffff:ffff:ffff:ffff:ffff,2407d580000000000000000000000000,2407d580ffffffffffffffffffffffff,32,中国,河北,沧州,,,130900,38.304676,116.838715,city,,2407:d580::/32
2407:d5c0::,2407:d5c0:ffff:ffff:ffff:ffff:ffff:ffff,2407d5c0000000000000000000000000,2407d5c0ffffffffffffffffffffffff,32,中国香港,香港,,,香港,,,,country,,2407:d5c0::/32
2407:d680::,2407:d680:ffff:ffff:ffff:ffff:ffff:ffff,2407d680000000000000000000000000,2407d680ffffffffffffffffffffffff,32,中国,黑龙江,哈尔滨,,,230100,45.802981,126.53505,city,,2407:d680::/32
2407:d780::,2407:d780:ffff:ffff:ffff:ffff:ffff:ffff,2407d780000000000000000000000000,2407d780ffffffffffffffffffffffff,32,中国,河南,安阳,,,410500,36.098779,114.39248,city,,2407:d780::/32
2407:d7c0::,2407:d7c0:ffff:ffff:ffff:ffff:ffff:ffff,2407d7c0000000000000000000000000,2407d7c0ffffffffffffffffffffffff,32,中国,,,,,,,,country,,2407:d7c0::/32
2407:d880::,2407:d880:ffff:ffff:ffff:ffff:ffff:ffff,2407d880000000000000000000000000,2407d880ffffffffffffffffffffffff,32,中国,上海,上海,静安,,310106,31.227718,121.447348,district,,2407:d880::/32
2407:d8c0::,2407:d8c0:ffff:ffff:ffff:ffff:ffff:ffff,2407d8c0000000000000000000000000,2407d8c0ffffffffffffffffffffffff,32,中国,,,,,,,,country,,2407:d8c0::/32
2407:d980::,2407:d980:ffff:ffff:ffff:ffff:ffff:ffff,2407d980000000000000000000000000,2407d980ffffffffffffffffffffffff,32,中国,河北,石家庄,,,130100,38.042007,114.514976,city,,2407:d980::/32
2407:d9c0::,2407:d9c0:ffff:ffff:ffff:ffff:ffff:ffff,2407d9c0000000000000000000000000,2407d9c0ffffffffffffffffffffffff,32,中国,,,,,,,,country,,2407:d9c0::/32
2407:da80::,2407:da80:ffff:ffff:ffff:ffff:ffff:ffff,2407da80000000000000000000000000,2407da80ffffffffffffffffffffffff,32,中国,云南,昆明,,,530100,24.88149,102.833669,city,,2407:da80::/32
2407:db80::,2407:db80:ffff:ffff:ffff:ffff:ffff:ffff,2407db80000000000000000000000000,2407db80ffffffffffffffffffffffff,32,中国,河北,唐山,,,130200,39.63068,118.180149,city,,2407:db80::/32
2407:dc80::,2407:dc80:ffff:ffff:ffff:ffff:ffff:ffff,2407dc80000000000000000000000000,2407dc80ffffffffffffffffffffffff,32,中国,浙江,温州,,,330300,27.993849,120.699279,city,,2407:dc80::/32
2407:dd80::,2407:dd80:ffff:ffff:ffff:ffff:ffff:ffff,2407dd80000000000000000000000000,2407dd80ffffffffffffffffffffffff,32,中国,云南,昆明,,,530100,24.88149,102.833669,city,,2407:dd80::/32
2407:de80::,2407:de80:ffff:ffff:ffff:ffff:ffff:ffff,2407de80000000000000000000000000,2407de80ffffffffffffffffffffffff,32,中国,河南,安阳,,,410500,36.098779,114.39248,city,,2407:de80::/32
2407:df80::,2407:df80:ffff:ffff:ffff:ffff:ffff:ffff,2407df80000000000000000000000000,2407df80ffffffffffffffffffffffff,32,中国,内蒙古,包头,,,150200,40.621327,109.95315,city,,2407:df80::/32
2407:dfc0::,2407:dfc0:ffff:ffff:ffff:ffff:ffff:ffff,2407dfc0000000000000000000000000,2407dfc0ffffffffffffffffffffffff,32,中国,,,,,,,,country,,2407:dfc0::/32
2407:e080::,2407:e080:ffff:ffff:ffff:ffff:ffff:ffff,2407e080000000000000000000000000,2407e080ffffffffffffffffffffffff,32,中国,山东,德州,,,371400,37.436492,116.359244,city,,2407:e080::/32
2407:e100::,2407:e100:ffff:ffff:ffff:ffff:ffff:ffff,2407e100000000000000000000000000,2407e100ffffffffffffffffffffffff,32,中国香港,香港,,,香港,,,,country,,2407:e100::/32
2407:e180::,2407:e180:ffff:ffff:ffff:ffff:ffff:ffff,2407e180000000000000000000000000,2407e180ffffffffffffffffffffffff,32,中国,湖北,恩施,恩施市,,422801,30.295148,109.479572,district,,2407:e180::/32
2407:e280::,2407:e280:ffff:ffff:ffff:ffff:ffff:ffff,2407e280000000000000000000000000,2407e280ffffffffffffffffffffffff,32,中国,甘肃,兰州,,,620100,36.060798,103.834228,city,,2407:e280::/32
2407:e300::,2407:e300:ffff:ffff:ffff:ffff:ffff:ffff,2407e300000000000000000000000000,2407e300ffffffffffffffffffffffff,32,中国香港,香港,,,香港,,,,country,,2407:e300::/32
2407:e301::,2407:e301:ffff:ffff:ffff:ffff:ffff:ffff,2407e301000000000000000000000000,2407e301ffffffffffffffffffffffff,32,中国香港,香港,,,香港,,,,country,,2407:e301::/32
2407:e380::,2407:e380:ffff:ffff:ffff:ffff:ffff:ffff,2407e380000000000000000000000000,2407e380ffffffffffffffffffffffff,32,中国,贵州,贵阳,,,520100,26.646694,106.628201,city,,2407:e380::/32
2407:e480::,2407:e480:ffff:ffff:ffff:ffff:ffff:ffff,2407e480000000000000000000000000,2407e480ffffffffffffffffffffffff,32,中国,河北,衡水,,,131100,37.739367,115.668987,city,,2407:e480::/32
2407:e4c0::,2407:e4c0:ffff:ffff:ffff:ffff:ffff:ffff,2407e4c0000000000000000000000000,2407e4c0ffffffffffffffffffffffff,32,中国台湾,台湾,,,台湾,,,,country,,2407:e4c0::/32
2407:e580::,2407:e580:ffff:ffff:ffff:ffff:ffff:ffff,2407e580000000000000000000000000,2407e580ffffffffffffffffffffffff,32,中国,山东,济南,,,370100,36.652069,117.120128,city,,2407:e580::/32
2407:e680::,2407:e680:ffff:ffff:ffff:ffff:ffff:ffff,2407e680000000000000000000000000,2407e680ffffffffffffffffffffffff,32,中国,河南,开封,,,410200,34.798083,114.314278,city,,2407:e680::/32
2407:e780::,2407:e780:ffff:ffff:ffff:ffff:ffff:ffff,2407e780000000000000000000000000,2407e780ffffffffffffffffffffffff,32,中国,山东,临沂,,,371300,35.103771,118.356464,city,,2407:e780::/32
2407:e800::,2407:e800:ffff:ffff:ffff:ffff:ffff:ffff,2407e800000000000000000000000000,2407e800ffffffffffffffffffffffff,32,中国,北京,,,,110000,39.904179,116.407387,province,,2407:e800::/32
2407:ea00::,2407:ea00:ffff:ffff:ffff:ffff:ffff:ffff,2407ea00000000000000000000000000,2407ea00ffffffffffffffffffffffff,32,中国香港,香港,,,香港,,,,country,,2407:ea00::/32
2407:ea80::,2407:ea80:ffff:ffff:ffff:ffff:ffff:ffff,2407ea80000000000000000000000000,2407ea80ffffffffffffffffffffffff,32,中国,北京,,,,110000,39.904179,116.407387,province,,2407:ea80::/32
2407:eb80::,2407:eb80:ffff:ffff:ffff:ffff:ffff:ffff,2407eb80000000000000000000000000,2407eb80ffffffffffffffffffffffff,32,中国,广东,广州,,,440100,23.130061,113.264499,city,,2407:eb80::/32
2407:ec40::,2407:ec40:ffff:ffff:ffff:ffff:ffff:ffff,2407ec40000000000000000000000000,2407ec40ffffffffffffffffffffffff,32,中国,,,,,,,,country,,2407:ec40::/32
2407:ec80::,2407:ec80:ffff:ffff:ffff:ffff:ffff:ffff,2407ec80000000000000000000000000,2407ec80ffffffffffffffffffffffff,32,中国,广东,广州,,,440100,23.130061,113.264499,city,,2407:ec80::/32
2407:ecc0::,2407:ecc0:ffff:ffff:ffff:ffff:ffff:ffff,2407ecc0000000000000000000000000,2407ecc0ffffffffffffffffffffffff,32,中国,,,,,,,,country,,2407:ecc0::/32
2407:ed80::,2407:ed80:ffff:ffff:ffff:ffff:ffff:ffff,2407ed80000000000000000000000000,2407ed80ffffffffffffffffffffffff,32,中国,黑龙江,齐齐哈尔,,,230200,47.354892,123.918193,city,,2407:ed80::/32
2407:ee80::,2407:ee80:ffff:ffff:ffff:ffff:ffff:ffff,2407ee80000000000000000000000000,2407ee80ffffffffffffffffffffffff,32,中国,河北,秦皇岛,,,130300,39.888243,119.52022,city,,2407:ee80::/32
2407:ef80::,2407:ef80:ffff:ffff:ffff:ffff:ffff:ffff,2407ef80000000000000000000000000,2407ef80ffffffffffffffffffffffff,32,中国,天津,天津,河西,,120103,39.109679,117.223379,district,,2407:ef80::/32
2407:f080::,2407:f080:ffff:ffff:ffff:ffff:ffff:ffff,2407f080000000000000000000000000,2407f080ffffffffffffffffffffffff,32,中国,安徽,安庆,,,340800,30.531828,117.115349,city,,2407:f080::/32
2407:f180::,2407:f180:ffff:ffff:ffff:ffff:ffff:ffff,2407f180000000000000000000000000,2407f180ffffffffffffffffffffffff,32,中国,陕西,汉中,,,610700,33.066373,107.02319,city,,2407:f180::/32
2407:f280::,2407:f280:ffff:ffff:ffff:ffff:ffff:ffff,2407f280000000000000000000000000,2407f280ffffffffffffffffffffffff,32,中国,山西,阳泉,,,140300,37.857094,113.580426,city,,2407:f280::/32
2407:f380::,2407:f380:ffff:ffff:ffff:ffff:ffff:ffff,2407f380000000000000000000000000,2407f380ffffffffffffffffffffffff,32,中国,河南,商丘,,,411400,34.415165,115.656358,city,,2407:f380::/32
2407:f480::,2407:f480:ffff:ffff:ffff:ffff:ffff:ffff,2407f480000000000000000000000000,2407f480ffffffffffffffffffffffff,32,中国,湖南,邵阳,,,430500,27.239528,111.467855,city,,2407:f480::/32
2407:f580::,2407:f580:ffff:ffff:ffff:ffff:ffff:ffff,2407f580000000000000000000000000,2407f580ffffffffffffffffffffffff,32,中国,河北,石家庄,,,130100,38.042007,114.514976,city,,2407:f580::/32
2407:f680::,2407:f680:ffff:ffff:ffff:ffff:ffff:ffff,2407f680000000000000000000000000,2407f680ffffffffffffffffffffffff,32,中国,浙江,温州,,,330300,27.993849,120.699279,city,,2407:f680::/32
2407:f780::,2407:f780:ffff:ffff:ffff:ffff:ffff:ffff,2407f780000000000000000000000000,2407f780ffffffffffffffffffffffff,32,中国,河南,新乡,,,410700,35.303589,113.92679,city,,2407:f780::/32
2407:f880::,2407:f880:ffff:ffff:ffff:ffff:ffff:ffff,2407f880000000000000000000000000,2407f880ffffffffffffffffffffffff,32,中国,江苏,徐州,,,320300,34.204224,117.283752,city,,2407:f880::/32
2407:f980::,2407:f980:ffff:ffff:ffff:ffff:ffff:ffff,2407f980000000000000000000000000,2407f980ffffffffffffffffffffffff,32,中国,河南,许昌,,,411000,34.03732,113.852004,city,,2407:f980::/32
2407:fa00::,2407:fa00:ffff:ffff:ffff:ffff:ffff:ffff,2407fa00000000000000000000000000,2407fa00ffffffffffffffffffffffff,32,中国香港,香港,,,香港,,,,country,,2407:fa00::/32
2407:fa80::,2407:fa80:ffff:ffff:ffff:ffff:ffff:ffff,2407fa80000000000000000000000000,2407fa80ffffffffffffffffffffffff,32,中国,辽宁,营口,,,210800,40.625027,122.219148,city,,2407:fa80::/32
2407:fb80::,2407:fb80:ffff:ffff:ffff:ffff:ffff:ffff,2407fb80000000000000000000000000,2407fb80ffffffffffffffffffffffff,32,中国,广东,云浮,,,445300,22.915163,112.044524,city,,2407:fb80::/32
2407:fc80::,2407:fc80:ffff:ffff:ffff:ffff:ffff:ffff,2407fc80000000000000000000000000,2407fc80ffffffffffffffffffffffff,32,中国,河北,张家口,,,130700,40.768931,114.885895,city,,2407:fc80::/32
2407:fd80::,2407:fd80:ffff:ffff:ffff:ffff:ffff:ffff,2407fd80000000000000000000000000,2407fd80ffffffffffffffffffffffff,32,中国,福建,漳州,,,350600,24.515297,117.647298,city,,2407:fd80::/32
2408:4000::,2408:43ff:ffff:ffff:ffff:ffff:ffff:ffff,24084000000000000000000000000000,240843ffffffffffffffffffffffffff,22,中国,北京,,,中国联通,110000,39.904179,116.407387,province,阿里云,2408:4000::/22
2408:6000::,2408:60ff:ffff:ffff:ffff:ffff:ffff:ffff,24086000000000000000000000000000,240860ffffffffffffffffffffffffff,24,中国,北京,,,中国联通,110000,39.904179,116.407387,province,,2408:6000::/24
2408:8000::,2408:83ff:ffff:ffff:ffff:ffff:ffff:ffff,24088000000000000000000000000000,240883ffffffffffffffffffffffffff,22,中国,云南,,,联通,530000,25.046432,102.709372,province,,2408:8000::/22
2408:8400::,2408:87ff:ffff:ffff:ffff:ffff:ffff:ffff,24088400000000000000000000000000,240887ffffffffffffffffffffffffff,22,中国,四川,广安,岳池,联通,511621,30.538656,106.440056,district,火山引擎,2408:8400::/22
2408:8800::,2408:8fff:ffff:ffff:ffff:ffff:ffff:ffff,24088800000000000000000000000000,24088fffffffffffffffffffffffffff,21,中国,,,,联通,,,,country,,2408:8800::/21
2409:1000::,2409:1fff:ffff:ffff:ffff:ffff:ffff:ffff,24091000000000000000000000000000,24091fffffffffffffffffffffffffff,20,中国,,,,中国移动,,,,country,,2409:1000::/20
2409:2000::,2409:27ff:ffff:ffff:ffff:ffff:ffff:ffff,24092000000000000000000000000000,240927ffffffffffffffffffffffffff,21,中国,,,,中国移动,,,,country,,2409:2000::/21
2409:6000::,2409:6fff:ffff:ffff:ffff:ffff:ffff:ffff,24096000000000000000000000000000,24096fffffffffffffffffffffffffff,20,中国,浙江,杭州,,中国移动,330100,30.246566,120.209903,city,,2409:6000::/20
2409:8000::,2409:8fff:ffff:ffff:ffff:ffff:ffff:ffff,24098000000000000000000000000000,24098fffffffffffffffffffffffffff,20,中国,四川,,,移动,510000,30.651696,104.076452,province,,2409:8000::/20
240a:2000::,240a:20ff:ffff:ffff:ffff:ffff:ffff:ffff,240a2000000000000000000000000000,240a20ffffffffffffffffffffffffff,24,中国,北京,,,中国联通,110000,39.904179,116.407387,province,,240a:2000::/24
240a:4000::,240a:47ff:ffff:ffff:ffff:ffff:ffff:ffff,240a4000000000000000000000000000,240a47ffffffffffffffffffffffffff,21,中国,吉林,,,广电,220000,43.896942,125.325802,province,,240a:4000::/21
240a:6000::,240a:60ff:ffff:ffff:ffff:ffff:ffff:ffff,240a6000000000000000000000000000,240a60ffffffffffffffffffffffffff,24,中国,,,,中国联通,,,,country,,240a:6000::/24
240a:8000::,240a:87ff:ffff:ffff:ffff:ffff:ffff:ffff,240a8000000000000000000000000000,240a87ffffffffffffffffffffffffff,21,中国,,,,中国联通,,,,country,,240a:8000::/21
240a:a000::,240a:afff:ffff:ffff:ffff:ffff:ffff:ffff,240aa000000000000000000000000000,240aafffffffffffffffffffffffffff,20,中国,,,,教育网,,,,country,,240a:a000::/20
240a:c000::,240a:cfff:ffff:ffff:ffff:ffff:ffff:ffff,240ac000000000000000000000000000,240acfffffffffffffffffffffffffff,20,中国,北京,,,中国联通,110000,39.904179,116.407387,province,,240a:c000::/20
240b:2000::,240b:23ff:ffff:ffff:ffff:ffff:ffff:ffff,240b2000000000000000000000000000,240b23ffffffffffffffffffffffffff,22,中国,,,,中国移动,,,,country,,240b:2000::/22
240b:6000::,240b:6fff:ffff:ffff:ffff:ffff:ffff:ffff,240b6000000000000000000000000000,240b6fffffffffffffffffffffffffff,20,中国,,,,中国移动,,,,country,,240b:6000::/20
240b:8000::,240b:87ff:ffff:ffff:ffff:ffff:ffff:ffff,240b8000000000000000000000000000,240b87ffffffffffffffffffffffffff,21,中国,,,,中国移动,,,,country,,240b:8000::/21
240b:a000::,240b:a07f:ffff:ffff:ffff:ffff:ffff:ffff,240ba000000000000000000000000000,240ba07fffffffffffffffffffffffff,25,中国,,,,中国移动,,,,country,,240b:a000::/25
240b:e000::,240b:e03f:ffff:ffff:ffff:ffff:ffff:ffff,240be000000000000000000000000000,240be03fffffffffffffffffffffffff,26,中国,,,,中国移动,,,,country,,240b:e000::/26
240c::,240c:0:ffff:ffff:ffff:ffff:ffff:ffff,240c0000000000000000000000000000,240c0000ffffffffffffffffffffffff,32,中国,北京,,,中国移动,110000,39.904179,116.407387,province,,240c::/32
240c:6::,240c:6:ffff:ffff:ffff:ffff:ffff:ffff,240c0006000000000000000000000000,240c0006ffffffffffffffffffffffff,32,中国,北京,,,中国移动,110000,39.904179,116.407387,province,,240c:6::/32
240c:f::,240c:f:ffff:ffff:ffff:ffff:ffff:ffff,240c000f000000000000000000000000,240c000fffffffffffffffffffffffff,32,中国,北京,,,中国移动,110000,39.904179,116.407387,province,,240c:f::/32
240c:4000::,240c:43ff:ffff:ffff:ffff:ffff:ffff:ffff,240c4000000000000000000000000000,240c43ffffffffffffffffffffffffff,22,中国,北京,,,中国移动,110000,39.904179,116.407387,province,,240c:4000::/22
240c:8000::,240c:87ff:ffff:ffff:ffff:ffff:ffff:ffff,240c8000000000000000000000000000,240c87ffffffffffffffffffffffffff,21,中国,,,,中国移动,,,,country,,240c:8000::/21
240c:c000::,240c:cfff:ffff:ffff:ffff:ffff:ffff:ffff,240cc000000000000000000000000000,240ccfffffffffffffffffffffffffff,20,中国,浙江,,,教育网,330000,30.266619,120.152575,province,,240c:c000::/20
240d:4000::,240d:47ff:ffff:ffff:ffff:ffff:ffff:ffff,240d4000000000000000000000000000,240d47ffffffffffffffffffffffffff,21,中国,,,,中国移动,,,,country,,240d:4000::/21
240d:8000::,240d:80ff:ffff:ffff:ffff:ffff:ffff:ffff,240d8000000000000000000000000000,240d80ffffffffffffffffffffffffff,24,中国,,,,中国移动,,,,country,,240d:8000::/24
240e::,240e:ff:ffff:ffff:ffff:ffff:ffff:ffff,240e0000000000000000000000000000,240e00ffffffffffffffffffffffffff,24,中国,江西,吉安,,电信,360800,27.091243,114.96681,city,中国电信天翼云,240e::/24
240e:100::,240e:1ff:ffff:ffff:ffff:ffff:ffff:ffff,240e0100000000000000000000000000,240e01ffffffffffffffffffffffffff,24,中国,,,,电信,,,,country,,240e:100::/24
240e:200::,240e:3ff:ffff:ffff:ffff:ffff:ffff:ffff,240e0200000000000000000000000000,240e03ffffffffffffffffffffffffff,23,中国,四川,凉山,盐源,电信,513423,27.422593,101.509038,district,,240e:200::/23
240e:400::,240e:7ff:ffff:ffff:ffff:ffff:ffff:ffff,240e0400000000000000000000000000,240e07ffffffffffffffffffffffffff,22,中国,四川,,,电信,510000,30.651696,104.076452,province,中国电信天翼云,240e:400::/22
240e:800::,240e:fff:ffff:ffff:ffff:ffff:ffff:ffff,240e0800000000000000000000000000,240e0fffffffffffffffffffffffffff,21,中国,重庆,,,电信,500000,29.56268,106.551787,province,,240e:800::/21
240e:1000::,240e:1fff:ffff:ffff:ffff:ffff:ffff:ffff,240e1000000000000000000000000000,240e1fffffffffffffffffffffffffff,20,中国,,,,电信,,,,country,,240e:1000::/20
240e:2000::,240e:3fff:ffff:ffff:ffff:ffff:ffff:ffff,240e2000000000000000000000000000,240e3fffffffffffffffffffffffffff,19,中国,,,,电信,,,,country,,240e:2000::/19
240f:4000::,240f:40ff:ffff:ffff:ffff:ffff:ffff:ffff,240f4000000000000000000000000000,240f40ffffffffffffffffffffffffff,24,中国,,,,,,,,country,,240f:4000::/24
240f:8000::,240f:80ff:ffff:ffff:ffff:ffff:ffff:ffff,240f8000000000000000000000000000,240f80ffffffffffffffffffffffffff,24,中国,,,,,,,,country,,240f:8000::/24
240f:c000::,240f:c0ff:ffff:ffff:ffff:ffff:ffff:ffff,240fc000000000000000000000000000,240fc0ffffffffffffffffffffffffff,24,中国,北京,,,,110000,39.904179,116.407387,province,,240f:c000::/24
